pair_id,stratum,source,source_a,image_a,split_a,metadata_group_a,metadata_subgroup_a,source_b,image_b,split_b,metadata_group_b,metadata_subgroup_b,cosine,phash_distance,dhash_distance,machine_category,component_near,component_family,human_decision,human_notes,A_label,A_confidence,B_label,B_confidence,final_label,final_confidence,final_basis,final_rationale,cosine_small_recomputed,cosine_base,base_above_threshold,dup_like,related,unrelated,ambiguous,pair_kind,phash_bin,cos_bin
R-0001,across|BELOW_REVIEW|cross-split|no-key,dspcbsd-plus|pcb-ind,dspcbsd-plus,Data_COCO/train2017/S_11154074.jpg,train,,,pcb-ind,YOLO/images/test/6384_b_002.jpg,test,6384.0,6384_b,0.903404,36,32,BELOW_REVIEW,,,,,C,LOW,C,LOW,C,LOW,agreed,similar trace-gap-hole arrangement with defect on gap; colour and spacing differ,0.9034041099170533,0.7069550767393916,False,False,True,False,False,cross-source,>20,0.85-0.918
R-0002,across|BELOW_REVIEW|cross-split|no-key,dspcbsd-plus|pcb-ind,dspcbsd-plus,Data_COCO/val2017/S_10279746.jpg,val,,,pcb-ind,YOLO/images/train/6409_t_002.jpg,train,6409.0,6409_t,0.890875,26,34,BELOW_REVIEW,,,,,D,MEDIUM,D,MEDIUM,D,MEDIUM,agreed,different trace layouts and colours,0.8908752796867541,0.8222695115470675,False,False,False,True,False,cross-source,>20,0.85-0.918
R-0003,across|BELOW_REVIEW|cross-split|no-key,dspcbsd-plus|pcb-ind,dspcbsd-plus,Data_COCO/val2017/S_11832989.jpg,val,,,pcb-ind,YOLO/images/train/6563_t_028.jpg,train,6563.0,6563_t,0.847398,28,33,BELOW_REVIEW,,,,,D,MEDIUM,D,MEDIUM,D,MEDIUM,agreed,different trace layouts,0.8473979806251234,0.8527829647601498,False,False,False,True,False,cross-source,>20,<0.85
R-0004,across|BELOW_REVIEW|cross-split|no-key,dspcbsd-plus|pcb-ind,dspcbsd-plus,Data_COCO/val2017/Y_002095.jpg,val,,,pcb-ind,YOLO/images/train/6428_b_007.jpg,train,6428.0,6428_b,0.835419,26,30,BELOW_REVIEW,,,,,D,MEDIUM,D,MEDIUM,D,MEDIUM,agreed,different trace/pad layouts and colours,0.8354193393105933,0.8256774821413205,False,False,False,True,False,cross-source,>20,<0.85
R-0005,across|BELOW_REVIEW|cross-split|no-key,dspcbsd-plus|pcb-ind,dspcbsd-plus,Data_COCO/val2017/S_11040529.jpg,val,,,pcb-ind,YOLO/images/train/6585_b_028.jpg,train,6585.0,6585_b,0.830877,28,25,BELOW_REVIEW,,,,,D,MEDIUM,D,MEDIUM,D,MEDIUM,agreed,different trace/pad layouts and colours,0.8308772439203971,0.7759095246975042,False,False,False,True,False,cross-source,>20,<0.85
R-0006,across|BELOW_REVIEW|cross-split|no-key,dspcbsd-plus|pcb-ind,dspcbsd-plus,Data_COCO/val2017/S_10078158.jpg,val,,,pcb-ind,YOLO/images/test/6334_t_169.jpg,test,6334.0,6334_t,0.813991,32,29,BELOW_REVIEW,,,,,E,MEDIUM,D,LOW,D,LOW,adjudicated,stained copper; stain shapes differ,0.8139904766437726,0.6474506852700953,False,False,False,True,False,cross-source,>20,<0.85
R-0007,across|BELOW_REVIEW|cross-split|no-key,dspcbsd-plus|pcb-ind,dspcbsd-plus,Data_COCO/train2017/1347_data.jpg,train,,,pcb-ind,YOLO/images/test/6339_b_003.jpg,test,6339.0,6339_b,0.797071,40,32,BELOW_REVIEW,,,,,E,MEDIUM,E,MEDIUM,E,MEDIUM,agreed,blurred bright trace short vs dark trace spur; different looks,0.7970711679009274,0.6978950227464893,False,False,False,True,False,cross-source,>20,<0.85
R-0008,across|BELOW_REVIEW|cross-split|no-key,dspcbsd-plus|pcb-ind,dspcbsd-plus,Data_COCO/val2017/Y_004002.jpg,val,,,pcb-ind,YOLO/images/test/6576_b_012.jpg,test,6576.0,6576_b,0.791061,28,35,BELOW_REVIEW,,,,,E,MEDIUM,D,MEDIUM,D,MEDIUM,adjudicated,debris on copper pad; pad geometry and debris differ,0.7910611056712519,0.7107123119001357,False,False,False,True,False,cross-source,>20,<0.85
R-0009,across|BELOW_REVIEW|cross-split|no-key,dspcbsd-plus|pcb-ind,dspcbsd-plus,Data_COCO/train2017/2761_data.jpg,train,,,pcb-ind,YOLO/images/test/6630_b_002.jpg,test,6630.0,6630_b,0.713634,38,32,BELOW_REVIEW,,,,,E,HIGH,E,HIGH,E,HIGH,agreed,bright short bridge vs dark hole edge; different looks,0.7136340339712506,0.612631028196467,False,False,False,True,False,cross-source,>20,<0.85
R-0010,across|BELOW_REVIEW|same-split|no-key,dspcbsd-plus|pcb-ind,dspcbsd-plus,Data_COCO/train2017/S_10097562.jpg,train,,,pcb-ind,YOLO/images/train/6409_t_002.jpg,train,6409.0,6409_t,0.874287,26,21,BELOW_REVIEW,,,,,D,MEDIUM,D,MEDIUM,D,MEDIUM,agreed,different trace layouts and colour,0.8742867578203197,0.8255582577358361,False,False,False,True,False,cross-source,>20,0.85-0.918
R-0011,across|BELOW_REVIEW|same-split|no-key,dspcbsd-plus|pcb-ind,dspcbsd-plus,Data_COCO/train2017/S_11841488.jpg,train,,,pcb-ind,YOLO/images/train/5830_b_012.jpg,train,5830.0,5830_b,0.844487,38,40,BELOW_REVIEW,,,,,D,MEDIUM,D,MEDIUM,D,MEDIUM,agreed,"diagonal traces; spacing, bends and defects differ",0.8444866393833896,0.8724355174523349,False,False,False,True,False,cross-source,>20,<0.85
R-0012,across|BELOW_REVIEW|same-split|no-key,dspcbsd-plus|pcb-ind,dspcbsd-plus,Data_COCO/train2017/1335_data.jpg,train,,,pcb-ind,YOLO/images/train/6527_b_003.jpg,train,6527.0,6527_b,0.821922,28,28,BELOW_REVIEW,,,,,D,MEDIUM,D,MEDIUM,D,MEDIUM,agreed,horizontal stripes; spacing and defect type differ,0.8219222571221965,0.6945932514993508,False,False,False,True,False,cross-source,>20,<0.85
R-0013,across|BELOW_REVIEW|same-split|no-key,dspcbsd-plus|pcb-ind,dspcbsd-plus,Data_COCO/train2017/S_10004760.jpg,train,,,pcb-ind,YOLO/images/train/6585_b_028.jpg,train,6585.0,6585_b,0.807661,26,29,BELOW_REVIEW,,,,,D,MEDIUM,D,MEDIUM,D,MEDIUM,agreed,different trace layouts and colours,0.8076615186117176,0.6677804990743773,False,False,False,True,False,cross-source,>20,<0.85
R-0014,across|BELOW_REVIEW|same-split|no-key,dspcbsd-plus|pcb-ind,dspcbsd-plus,Data_COCO/train2017/S_11844601.jpg,train,,,pcb-ind,YOLO/images/train/6589_t_004.jpg,train,6589.0,6589_t,0.804406,34,32,BELOW_REVIEW,,,,,D,MEDIUM,E,MEDIUM,E,MEDIUM,adjudicated,different hole/ring layouts,0.8044058961086339,0.7768257191604302,False,False,False,True,False,cross-source,>20,<0.85
R-0015,across|BELOW_REVIEW|same-split|no-key,dspcbsd-plus|pcb-ind,dspcbsd-plus,Data_COCO/train2017/S_10041552.jpg,train,,,pcb-ind,YOLO/images/train/6340_b_006.jpg,train,6340.0,6340_b,0.802382,30,28,BELOW_REVIEW,,,,,E,MEDIUM,E,MEDIUM,E,MEDIUM,agreed,different trace/hole layouts and brightness,0.8023820232864021,0.7707014724859012,False,False,False,True,False,cross-source,>20,<0.85
R-0016,across|BELOW_REVIEW|same-split|no-key,dspcbsd-plus|pcb-ind,dspcbsd-plus,Data_COCO/train2017/S_10104127.jpg,train,,,pcb-ind,YOLO/images/train/6483_t_002.jpg,train,6483.0,6483_t,0.7944,36,39,BELOW_REVIEW,,,,,E,MEDIUM,E,MEDIUM,E,MEDIUM,agreed,different trace layouts and brightness,0.794400326218777,0.8582492695265124,False,False,False,True,False,cross-source,>20,<0.85
R-0017,across|BELOW_REVIEW|same-split|no-key,dspcbsd-plus|pcb-ind,dspcbsd-plus,Data_COCO/train2017/S_10099391.jpg,train,,,pcb-ind,YOLO/images/train/6324_t_004.jpg,train,6324.0,6324_t,0.787271,34,36,BELOW_REVIEW,,,,,E,MEDIUM,E,MEDIUM,E,MEDIUM,agreed,slot with nick vs ring pad with in-hole defect,0.7872714070930941,0.6078427788154079,False,False,False,True,False,cross-source,>20,<0.85
R-0018,across|BELOW_REVIEW|same-split|no-key,dspcbsd-plus|pcb-ind,dspcbsd-plus,Data_COCO/train2017/S_11016435.jpg,train,,,pcb-ind,YOLO/images/train/6393_t_005.jpg,train,6393.0,6393_t,0.751785,28,20,BELOW_REVIEW,,,,,D,MEDIUM,D,MEDIUM,D,MEDIUM,agreed,straight copper edge with small nick; generic,0.7517853940930195,0.608163113917347,False,False,False,True,False,cross-source,>20,<0.85
R-0019,across|NEAR_DUPLICATE|cross-split|no-key,dspcbsd-plus|pcb-ind,dspcbsd-plus,Data_COCO/val2017/Y_001992.jpg,val,,,pcb-ind,YOLO/images/train/5811_b_002.jpg,train,5811.0,5811_b,0.943214,30,56,NEAR_DUPLICATE,VSG-near-00036,VSG-family-00016,,,D,MEDIUM,D,MEDIUM,D,MEDIUM,agreed,parallel traces of different pitch and colour,0.9432136494830725,0.864214544105086,False,False,False,True,False,cross-source,>20,0.934-0.96
R-0020,across|NEAR_DUPLICATE|cross-split|no-key,dspcbsd-plus|pcb-ind,dspcbsd-plus,Data_COCO/train2017/Y_002017.jpg,train,,,pcb-ind,YOLO/images/test/6485_b_006.jpg,test,6485.0,6485_b,0.934801,36,37,NEAR_DUPLICATE,VSG-near-00036,VSG-family-00016,,,D,MEDIUM,D,MEDIUM,D,MEDIUM,agreed,parallel traces of different pitch and colour,0.9348012381621487,0.8815943998364478,False,False,False,True,False,cross-source,>20,0.934-0.96
R-0021,across|NEAR_DUPLICATE|cross-split|no-key,dspcbsd-plus|pcb-ind,dspcbsd-plus,Data_COCO/train2017/Y_002088.jpg,train,,,pcb-ind,YOLO/images/test/6485_b_006.jpg,test,6485.0,6485_b,0.934452,32,37,NEAR_DUPLICATE,VSG-near-00036,VSG-family-00016,,,D,MEDIUM,D,MEDIUM,D,MEDIUM,agreed,parallel traces of different pitch and colour,0.9344523546862553,0.9064510663495423,False,False,False,True,False,cross-source,>20,0.934-0.96
R-0022,across|NEAR_DUPLICATE|same-split|no-key,dspcbsd-plus|pcb-ind,dspcbsd-plus,Data_COCO/train2017/Y_002088.jpg,train,,,pcb-ind,YOLO/images/train/5811_b_002.jpg,train,5811.0,5811_b,0.952208,30,64,NEAR_DUPLICATE,VSG-near-00036,VSG-family-00016,,,D,MEDIUM,D,MEDIUM,D,MEDIUM,agreed,parallel traces of different colour and width,0.9522075425422152,0.9047302445622165,False,False,False,True,False,cross-source,>20,0.934-0.96
R-0023,across|NEAR_DUPLICATE|same-split|no-key,dspcbsd-plus|pcb-ind,dspcbsd-plus,Data_COCO/train2017/Y_001995.jpg,train,,,pcb-ind,YOLO/images/train/5811_b_002.jpg,train,5811.0,5811_b,0.941783,34,64,NEAR_DUPLICATE,VSG-near-00036,VSG-family-00016,,,D,MEDIUM,D,MEDIUM,D,MEDIUM,agreed,parallel traces of different colour and width,0.9417829728363982,0.8330120467645635,False,False,False,True,False,cross-source,>20,0.934-0.96
R-0024,across|NEAR_DUPLICATE|same-split|no-key,dspcbsd-plus|pcb-ind,dspcbsd-plus,Data_COCO/train2017/Y_002017.jpg,train,,,pcb-ind,YOLO/images/train/5811_b_002.jpg,train,5811.0,5811_b,0.940056,26,64,NEAR_DUPLICATE,VSG-near-00036,VSG-family-00016,,,D,MEDIUM,D,MEDIUM,D,MEDIUM,agreed,parallel traces; colour and width differ; small defects at similar place,0.9400561016208179,0.8807049103188654,False,False,False,True,False,cross-source,>20,0.934-0.96
R-0025,across|NEAR_DUPLICATE|same-split|no-key,dspcbsd-plus|pcb-ind,dspcbsd-plus,Data_COCO/train2017/E_003960.jpg,train,,,pcb-ind,YOLO/images/train/6651_b_006.jpg,train,6651.0,6651_b,0.935731,36,41,NEAR_DUPLICATE,VSG-near-00036,VSG-family-00016,,,D,MEDIUM,D,MEDIUM,D,MEDIUM,agreed,parallel traces of different pitch and colour,0.9357303434256474,0.8515974059947282,False,False,False,True,False,cross-source,>20,0.934-0.96
R-0026,across|NEAR_DUPLICATE|same-split|no-key,dspcbsd-plus|pcb-ind,dspcbsd-plus,Data_COCO/train2017/Y_002088.jpg,train,,,pcb-ind,YOLO/images/train/6651_b_006.jpg,train,6651.0,6651_b,0.935356,30,39,NEAR_DUPLICATE,VSG-near-00036,VSG-family-00016,,,D,MEDIUM,D,MEDIUM,D,MEDIUM,agreed,parallel traces of different pitch and colour,0.935355890361767,0.9130093741570451,False,False,False,True,False,cross-source,>20,0.934-0.96
R-0027,across|NEAR_DUPLICATE|same-split|no-key,dspcbsd-plus|pcb-ind,dspcbsd-plus,Data_COCO/train2017/E_003960.jpg,train,,,pcb-ind,YOLO/images/train/5811_b_002.jpg,train,5811.0,5811_b,0.93533,22,24,NEAR_DUPLICATE,VSG-near-00036,VSG-family-00016,,,D,MEDIUM,D,MEDIUM,D,MEDIUM,agreed,parallel traces; different widths and pitch,0.9353294432800493,0.8502616846700219,False,False,False,True,False,cross-source,>20,0.934-0.96
R-0028,across|NEAR_DUPLICATE|same-split|no-key,dspcbsd-plus|pcb-ind,dspcbsd-plus,Data_COCO/train2017/E_003960.jpg,train,,,pcb-ind,YOLO/images/train/6492_b_009.jpg,train,6492.0,6492_b,0.934314,32,37,NEAR_DUPLICATE,VSG-near-00036,VSG-family-00016,,,D,MEDIUM,D,MEDIUM,D,MEDIUM,agreed,parallel traces of different pitch and colour,0.9343138098724899,0.8265116726543749,False,False,False,True,False,cross-source,>20,0.934-0.96
R-0029,across|NEAR_DUPLICATE|same-split|no-key,dspcbsd-plus|pcb-ind,dspcbsd-plus,Data_COCO/train2017/Y_002017.jpg,train,,,pcb-ind,YOLO/images/train/6651_b_006.jpg,train,6651.0,6651_b,0.934281,22,39,NEAR_DUPLICATE,VSG-near-00036,VSG-family-00016,,,D,MEDIUM,D,MEDIUM,D,MEDIUM,agreed,parallel traces of different pitch and colour,0.9342811892613669,0.8826107585681084,False,False,False,True,False,cross-source,>20,0.934-0.96
R-0030,across|NEAR_DUPLICATE|same-split|no-key,dspcbsd-plus|pcb-ind,dspcbsd-plus,Data_COCO/train2017/E_003960.jpg,train,,,pcb-ind,YOLO/images/train/6544_b_006.jpg,train,6544.0,6544_b,0.933988,26,31,NEAR_DUPLICATE,VSG-near-00036,VSG-family-00016,,,D,MEDIUM,D,MEDIUM,D,MEDIUM,agreed,parallel traces of different pitch and colour,0.9339886646048846,0.8257164808545214,False,False,False,True,False,cross-source,>20,0.918-0.934
R-0031,across|REVIEW_REQUIRED|cross-split|no-key,dspcbsd-plus|pcb-ind,dspcbsd-plus,Data_COCO/val2017/S_10100007.jpg,val,,,pcb-ind,YOLO/images/train/6568_b_010.jpg,train,6568.0,6568_b,0.77897,4,21,REVIEW_REQUIRED,,,,,D,MEDIUM,D,MEDIUM,D,MEDIUM,agreed,generic hole defect on different copper tones,0.7789696198600198,0.6991908050803919,False,False,False,True,False,cross-source,0-4,<0.85
R-0032,across|REVIEW_REQUIRED|cross-split|no-key,dspcbsd-plus|pcb-ind,dspcbsd-plus,Data_COCO/val2017/Y_000869.jpg,val,,,pcb-ind,YOLO/images/train/6225_b_061.jpg,train,6225.0,6225_b,0.599774,4,14,REVIEW_REQUIRED,,,,,E,MEDIUM,E,MEDIUM,E,MEDIUM,agreed,pad with hole vs copper blob on dark,0.5997741927774113,0.45173438791685183,False,False,False,True,False,cross-source,0-4,<0.85
R-0033,across|REVIEW_REQUIRED|cross-split|no-key,dspcbsd-plus|pcb-ind,dspcbsd-plus,Data_COCO/val2017/0396169.jpg,val,,,pcb-ind,YOLO/images/train/6376_t_015.jpg,train,6376.0,6376_t,0.584291,4,25,REVIEW_REQUIRED,,,,,E,MEDIUM,E,MEDIUM,E,MEDIUM,agreed,stain on copper vs drilled hole,0.5842910530312478,0.43721526291482365,False,False,False,True,False,cross-source,0-4,<0.85
R-0034,across|REVIEW_REQUIRED|cross-split|no-key,dspcbsd-plus|pcb-ind,dspcbsd-plus,Data_COCO/train2017/S_11765215.jpg,train,,,pcb-ind,YOLO/images/val/5913_b_032.jpg,val,5913.0,5913_b,0.480206,4,22,REVIEW_REQUIRED,,,,,E,MEDIUM,E,MEDIUM,E,MEDIUM,agreed,torn copper on light board vs drilled hole on dark,0.48020576772568246,0.4746061853921153,False,False,False,True,False,cross-source,0-4,<0.85
R-0035,across|REVIEW_REQUIRED|cross-split|no-key,dspcbsd-plus|pcb-ind,dspcbsd-plus,Data_COCO/val2017/S_11351553.jpg,val,,,pcb-ind,YOLO/images/train/6225_t_022.jpg,train,6225.0,6225_t,0.459075,2,26,REVIEW_REQUIRED,,,,,E,MEDIUM,E,MEDIUM,E,MEDIUM,agreed,small split particle on green vs large blob on black,0.45907484768547935,0.33947918766377416,False,False,False,True,False,cross-source,0-4,<0.85
R-0036,across|REVIEW_REQUIRED|cross-split|no-key,dspcbsd-plus|pcb-ind,dspcbsd-plus,Data_COCO/train2017/S_10196873.jpg,train,,,pcb-ind,YOLO/images/val/5913_b_032.jpg,val,5913.0,5913_b,0.447244,0,24,REVIEW_REQUIRED,,,,,E,HIGH,E,HIGH,E,HIGH,agreed,copper stain vs hole on dark board,0.4472439447897687,0.3147508067697369,False,False,False,True,False,cross-source,0-4,<0.85
R-0037,across|REVIEW_REQUIRED|cross-split|no-key,dspcbsd-plus|pcb-ind,dspcbsd-plus,Data_COCO/train2017/0370549.jpg,train,,,pcb-ind,YOLO/images/val/5913_b_032.jpg,val,5913.0,5913_b,0.432157,0,18,REVIEW_REQUIRED,,,,,E,MEDIUM,E,MEDIUM,E,MEDIUM,agreed,dark speck on green vs drilled hole on dark,0.432156695877628,0.28891293162796394,False,False,False,True,False,cross-source,0-4,<0.85
R-0038,across|REVIEW_REQUIRED|cross-split|no-key,dspcbsd-plus|pcb-ind,dspcbsd-plus,Data_COCO/val2017/S_10097171.jpg,val,,,pcb-ind,YOLO/images/train/6111_b_003.jpg,train,6111.0,6111_b,0.399039,2,24,REVIEW_REQUIRED,,,,,E,MEDIUM,E,MEDIUM,E,MEDIUM,agreed,stain on copper vs drilled hole,0.3990392556939892,0.3375100754791648,False,False,False,True,False,cross-source,0-4,<0.85
R-0039,across|REVIEW_REQUIRED|cross-split|no-key,dspcbsd-plus|pcb-ind,dspcbsd-plus,Data_COCO/val2017/E_008554.jpg,val,,,pcb-ind,YOLO/images/train/6225_t_022.jpg,train,6225.0,6225_t,0.39171,0,18,REVIEW_REQUIRED,,,,,E,HIGH,E,HIGH,E,HIGH,agreed,trace with hair vs copper blob on black,0.3917097956621901,0.34029120397319,False,False,False,True,False,cross-source,0-4,<0.85
R-0040,across|REVIEW_REQUIRED|same-split|no-key,dspcbsd-plus|pcb-ind,dspcbsd-plus,Data_COCO/train2017/S_10293255.jpg,train,,,pcb-ind,YOLO/images/train/6320_t_006.jpg,train,6320.0,6320_t,0.758151,4,34,REVIEW_REQUIRED,,,,,D,MEDIUM,D,MEDIUM,D,MEDIUM,agreed,generic hole with burr on different copper tones,0.7581510887204288,0.7800948479559651,False,False,False,True,False,cross-source,0-4,<0.85
R-0041,across|REVIEW_REQUIRED|same-split|no-key,dspcbsd-plus|pcb-ind,dspcbsd-plus,Data_COCO/train2017/S_11502854.jpg,train,,,pcb-ind,YOLO/images/train/6225_t_043.jpg,train,6225.0,6225_t,0.732139,4,22,REVIEW_REQUIRED,,,,,E,MEDIUM,E,MEDIUM,E,MEDIUM,agreed,pad with hole vs copper blob,0.7321392311580217,0.5798825182246305,False,False,False,True,False,cross-source,0-4,<0.85
R-0042,across|REVIEW_REQUIRED|same-split|no-key,dspcbsd-plus|pcb-ind,dspcbsd-plus,Data_COCO/train2017/S_11765272.jpg,train,,,pcb-ind,YOLO/images/train/6336_b_013.jpg,train,6336.0,6336_b,0.656315,4,31,REVIEW_REQUIRED,,,,,D,MEDIUM,D,MEDIUM,D,MEDIUM,agreed,generic hole defect on different copper tones,0.6563147471506354,0.6206815741758602,False,False,False,True,False,cross-source,0-4,<0.85
R-0043,across|REVIEW_REQUIRED|same-split|no-key,dspcbsd-plus|pcb-ind,dspcbsd-plus,Data_COCO/train2017/S_10068197.jpg,train,,,pcb-ind,YOLO/images/train/6225_t_043.jpg,train,6225.0,6225_t,0.639623,4,21,REVIEW_REQUIRED,,,,,E,MEDIUM,E,MEDIUM,E,MEDIUM,agreed,pad with hole vs copper blob on dark background,0.6396224403497295,0.570152648537121,False,False,False,True,False,cross-source,0-4,<0.85
R-0044,across|REVIEW_REQUIRED|same-split|no-key,dspcbsd-plus|pcb-ind,dspcbsd-plus,Data_COCO/train2017/S_11504682.jpg,train,,,pcb-ind,YOLO/images/train/6225_b_215.jpg,train,6225.0,6225_b,0.60916,4,28,REVIEW_REQUIRED,,,,,E,MEDIUM,E,MEDIUM,E,MEDIUM,agreed,pad with hole vs copper blob on dark,0.6091597107214701,0.5194987657440135,False,False,False,True,False,cross-source,0-4,<0.85
R-0045,across|REVIEW_REQUIRED|same-split|no-key,dspcbsd-plus|pcb-ind,dspcbsd-plus,Data_COCO/train2017/S_11031412.jpg,train,,,pcb-ind,YOLO/images/train/6240_b_021.jpg,train,6240.0,6240_b,0.532987,4,23,REVIEW_REQUIRED,,,,,E,MEDIUM,E,MEDIUM,E,MEDIUM,agreed,pad with hole vs copper blob; unrelated features,0.5329870758023996,0.5467090658320273,False,False,False,True,False,cross-source,0-4,<0.85
R-0046,across|REVIEW_REQUIRED|same-split|no-key,dspcbsd-plus|pcb-ind,dspcbsd-plus,Data_COCO/train2017/0370549.jpg,train,,,pcb-ind,YOLO/images/train/6588_t_001.jpg,train,6588.0,6588_t,0.520384,4,25,REVIEW_REQUIRED,,,,,E,MEDIUM,E,MEDIUM,E,MEDIUM,agreed,dark speck on green vs drilled hole on copper,0.5203843250719877,0.364591448546684,False,False,False,True,False,cross-source,0-4,<0.85
R-0047,across|REVIEW_REQUIRED|same-split|no-key,dspcbsd-plus|pcb-ind,dspcbsd-plus,Data_COCO/train2017/Y_001906.jpg,train,,,pcb-ind,YOLO/images/train/6225_t_022.jpg,train,6225.0,6225_t,0.466214,2,21,REVIEW_REQUIRED,,,,,E,HIGH,E,MEDIUM,E,MEDIUM,agreed,blue particle on green vs bright copper blob on black,0.46621384547636013,0.4341635053712639,False,False,False,True,False,cross-source,0-4,<0.85
R-0048,across|REVIEW_REQUIRED|same-split|no-key,dspcbsd-plus|pcb-ind,dspcbsd-plus,Data_COCO/train2017/Y_002099.jpg,train,,,pcb-ind,YOLO/images/train/6626_t_019.jpg,train,6626.0,6626_t,0.376724,4,22,REVIEW_REQUIRED,,,,,E,HIGH,E,MEDIUM,E,MEDIUM,agreed,different substrate colour and defect type,0.37672384414951665,0.3419021455352754,False,False,False,True,False,cross-source,0-4,<0.85
R-0049,across|SAME_FAMILY_OR_SCENE|cross-split|no-key,dspcbsd-plus|pcb-ind,dspcbsd-plus,Data_COCO/train2017/E_003960.jpg,train,,,pcb-ind,YOLO/images/val/6560_b_020.jpg,val,6560.0,6560_b,0.930302,30,43,SAME_FAMILY_OR_SCENE,VSG-near-00036,VSG-family-00016,,,D,MEDIUM,D,MEDIUM,D,MEDIUM,agreed,parallel traces of different pitch and colour,0.930302186128862,0.8094368537913776,False,False,False,True,False,cross-source,>20,0.918-0.934
R-0050,across|SAME_FAMILY_OR_SCENE|cross-split|no-key,dspcbsd-plus|pcb-ind,dspcbsd-plus,Data_COCO/val2017/S_11841389.jpg,val,,,pcb-ind,YOLO/images/train/6108_b_001.jpg,train,6108.0,6108_b,0.929106,50,36,SAME_FAMILY_OR_SCENE,,VSG-family-00009,,,D,MEDIUM,D,MEDIUM,D,MEDIUM,agreed,bent trace bundles with small defect; geometry differs,0.9291054037253507,0.9215122745614686,False,False,False,True,False,cross-source,>20,0.918-0.934
R-0051,across|SAME_FAMILY_OR_SCENE|cross-split|no-key,dspcbsd-plus|pcb-ind,dspcbsd-plus,Data_COCO/val2017/S_11153835.jpg,val,,,pcb-ind,YOLO/images/train/5813_b_005.jpg,train,5813.0,5813_b,0.927321,34,18,SAME_FAMILY_OR_SCENE,VSG-near-00036,VSG-family-00016,,,D,MEDIUM,D,MEDIUM,D,MEDIUM,agreed,parallel traces of different pitch and colour,0.9273201216259066,0.8668215162691053,False,False,False,True,False,cross-source,>20,0.918-0.934
R-0052,across|SAME_FAMILY_OR_SCENE|cross-split|no-key,dspcbsd-plus|pcb-ind,dspcbsd-plus,Data_COCO/val2017/S_11153835.jpg,val,,,pcb-ind,YOLO/images/train/6651_b_006.jpg,train,6651.0,6651_b,0.925566,30,23,SAME_FAMILY_OR_SCENE,VSG-near-00036,VSG-family-00016,,,D,MEDIUM,D,MEDIUM,D,MEDIUM,agreed,parallel traces of different pitch and colour,0.9255660658174099,0.9009021867512872,False,False,False,True,False,cross-source,>20,0.918-0.934
R-0053,across|SAME_FAMILY_OR_SCENE|cross-split|no-key,dspcbsd-plus|pcb-ind,dspcbsd-plus,Data_COCO/val2017/Y_001992.jpg,val,,,pcb-ind,YOLO/images/test/6485_b_006.jpg,test,6485.0,6485_b,0.92483,32,29,SAME_FAMILY_OR_SCENE,VSG-near-00036,VSG-family-00016,,,D,MEDIUM,D,MEDIUM,D,MEDIUM,agreed,parallel traces of different pitch and colour,0.9248305121721199,0.8601386862179825,False,False,False,True,False,cross-source,>20,0.918-0.934
R-0054,across|SAME_FAMILY_OR_SCENE|cross-split|no-key,dspcbsd-plus|pcb-ind,dspcbsd-plus,Data_COCO/train2017/Y_002082.jpg,train,,,pcb-ind,YOLO/images/test/6485_b_006.jpg,test,6485.0,6485_b,0.923572,34,38,SAME_FAMILY_OR_SCENE,VSG-near-00036,VSG-family-00016,,,D,MEDIUM,D,MEDIUM,D,MEDIUM,agreed,parallel traces of different pitch and colour,0.9235721224284534,0.8501956584623829,False,False,False,True,False,cross-source,>20,0.918-0.934
R-0055,across|SAME_FAMILY_OR_SCENE|cross-split|no-key,dspcbsd-plus|pcb-ind,dspcbsd-plus,Data_COCO/train2017/Y_002017.jpg,train,,,pcb-ind,YOLO/images/val/6469_b_006.jpg,val,6469.0,6469_b,0.921356,38,36,SAME_FAMILY_OR_SCENE,VSG-near-00036,VSG-family-00016,,,D,MEDIUM,D,MEDIUM,D,MEDIUM,agreed,parallel traces; different pitch and colour,0.9213564524704554,0.8935083648650991,False,False,False,True,False,cross-source,>20,0.918-0.934
R-0056,across|SAME_FAMILY_OR_SCENE|cross-split|no-key,dspcbsd-plus|pcb-ind,dspcbsd-plus,Data_COCO/train2017/Y_002088.jpg,train,,,pcb-ind,YOLO/images/val/6469_b_006.jpg,val,6469.0,6469_b,0.920042,38,36,SAME_FAMILY_OR_SCENE,VSG-near-00036,VSG-family-00016,,,D,MEDIUM,D,MEDIUM,D,MEDIUM,agreed,parallel traces of different pitch and colour,0.920042558061732,0.9065026008816159,False,False,False,True,False,cross-source,>20,0.918-0.934
R-0057,across|SAME_FAMILY_OR_SCENE|cross-split|no-key,dspcbsd-plus|pcb-ind,dspcbsd-plus,Data_COCO/val2017/S_10059352.jpg,val,,,pcb-ind,YOLO/images/train/5813_b_005.jpg,train,5813.0,5813_b,0.918191,24,32,SAME_FAMILY_OR_SCENE,VSG-near-00036,VSG-family-00016,,,D,MEDIUM,D,MEDIUM,D,MEDIUM,agreed,parallel traces of different pitch and colour; defect types differ,0.9181909700052018,0.8708456664667621,False,False,False,True,False,cross-source,>20,0.918-0.934
R-0058,across|SAME_FAMILY_OR_SCENE|same-split|no-key,dspcbsd-plus|pcb-ind,dspcbsd-plus,Data_COCO/train2017/Y_002088.jpg,train,,,pcb-ind,YOLO/images/train/6544_b_006.jpg,train,6544.0,6544_b,0.931878,32,41,SAME_FAMILY_OR_SCENE,VSG-near-00036,VSG-family-00016,,,D,MEDIUM,D,MEDIUM,D,MEDIUM,agreed,parallel traces of different pitch and colour,0.9318774911833511,0.8577988100307197,False,False,False,True,False,cross-source,>20,0.918-0.934
R-0059,across|SAME_FAMILY_OR_SCENE|same-split|no-key,dspcbsd-plus|pcb-ind,dspcbsd-plus,Data_COCO/train2017/Y_002017.jpg,train,,,pcb-ind,YOLO/images/train/6595_b_006.jpg,train,6595.0,6595_b,0.931323,36,30,SAME_FAMILY_OR_SCENE,VSG-near-00036,VSG-family-00016,,,D,MEDIUM,D,MEDIUM,D,MEDIUM,agreed,parallel traces of different pitch and colour,0.9313224386946861,0.881680427655561,False,False,False,True,False,cross-source,>20,0.918-0.934
R-0060,across|SAME_FAMILY_OR_SCENE|same-split|no-key,dspcbsd-plus|pcb-ind,dspcbsd-plus,Data_COCO/train2017/Y_002017.jpg,train,,,pcb-ind,YOLO/images/train/6452_b_006.jpg,train,6452.0,6452_b,0.928271,38,30,SAME_FAMILY_OR_SCENE,VSG-near-00036,VSG-family-00016,,,D,MEDIUM,D,MEDIUM,D,MEDIUM,agreed,parallel traces of different pitch and colour,0.9282710580077599,0.8251925803070886,False,False,False,True,False,cross-source,>20,0.918-0.934
R-0061,across|SAME_FAMILY_OR_SCENE|same-split|no-key,dspcbsd-plus|pcb-ind,dspcbsd-plus,Data_COCO/train2017/E_003960.jpg,train,,,pcb-ind,YOLO/images/train/6540_b_006.jpg,train,6540.0,6540_b,0.926648,22,34,SAME_FAMILY_OR_SCENE,VSG-near-00036,VSG-family-00016,,,D,MEDIUM,D,MEDIUM,D,MEDIUM,agreed,parallel traces of different pitch and colour,0.9266477207511361,0.8678327084302215,False,False,False,True,False,cross-source,>20,0.918-0.934
R-0062,across|SAME_FAMILY_OR_SCENE|same-split|no-key,dspcbsd-plus|pcb-ind,dspcbsd-plus,Data_COCO/train2017/S_10031704.jpg,train,,,pcb-ind,YOLO/images/train/6603_b_016.jpg,train,6603.0,6603_b,0.925424,40,40,SAME_FAMILY_OR_SCENE,,VSG-family-00013,,,D,MEDIUM,D,MEDIUM,D,MEDIUM,agreed,horizontal stripe fields; spacing and defects differ,0.9254238124273659,0.8336037217339147,False,False,False,True,False,cross-source,>20,0.918-0.934
R-0063,across|SAME_FAMILY_OR_SCENE|same-split|no-key,dspcbsd-plus|pcb-ind,dspcbsd-plus,Data_COCO/train2017/Y_002017.jpg,train,,,pcb-ind,YOLO/images/train/6514_b_007.jpg,train,6514.0,6514_b,0.924554,40,33,SAME_FAMILY_OR_SCENE,VSG-near-00036,VSG-family-00016,,,D,MEDIUM,D,MEDIUM,D,MEDIUM,agreed,parallel traces of different pitch and colour,0.9245538866572645,0.8513333747300882,False,False,False,True,False,cross-source,>20,0.918-0.934
R-0064,across|SAME_FAMILY_OR_SCENE|same-split|no-key,dspcbsd-plus|pcb-ind,dspcbsd-plus,Data_COCO/train2017/Y_002088.jpg,train,,,pcb-ind,YOLO/images/train/5822_b_002.jpg,train,5822.0,5822_b,0.92349,30,64,SAME_FAMILY_OR_SCENE,VSG-near-00036,VSG-family-00016,,,D,MEDIUM,D,MEDIUM,D,MEDIUM,agreed,parallel stripes; different pitch and colour,0.9234905188266855,0.8660819639892421,False,False,False,True,False,cross-source,>20,0.918-0.934
R-0065,across|SAME_FAMILY_OR_SCENE|same-split|no-key,dspcbsd-plus|pcb-ind,dspcbsd-plus,Data_COCO/train2017/Y_002088.jpg,train,,,pcb-ind,YOLO/images/train/5814_b_001.jpg,train,5814.0,5814_b,0.920729,34,64,SAME_FAMILY_OR_SCENE,VSG-near-00036,VSG-family-00016,,,D,MEDIUM,D,MEDIUM,D,MEDIUM,agreed,parallel traces of different pitch and colour,0.92072916470526,0.898158911263041,False,False,False,True,False,cross-source,>20,0.918-0.934
R-0066,across|SAME_FAMILY_OR_SCENE|same-split|no-key,dspcbsd-plus|pcb-ind,dspcbsd-plus,Data_COCO/train2017/Y_002442.jpg,train,,,pcb-ind,YOLO/images/train/6243_b_003.jpg,train,6243.0,6243_b,0.918756,34,22,SAME_FAMILY_OR_SCENE,,VSG-family-00013,,,D,MEDIUM,D,MEDIUM,D,MEDIUM,agreed,horizontal traces of different colour and width,0.9187555755565324,0.8906159888115812,False,False,False,True,False,cross-source,>20,0.918-0.934
R-0067,within:dspcbsd-plus|BELOW_REVIEW|cross-split|no-key,dspcbsd-plus,dspcbsd-plus,Data_COCO/train2017/0034016.jpg,train,,,dspcbsd-plus,Data_COCO/val2017/Y_001180.jpg,val,,,0.892852,28,28,BELOW_REVIEW,,,,,C,MEDIUM,C,LOW,C,LOW,agreed,same pad-ended trace and ring-pad arrangement; shifted; defect only in one image,0.8928521955633524,0.7281047281621381,False,False,True,False,False,same-source,>20,0.85-0.918
R-0068,within:dspcbsd-plus|BELOW_REVIEW|cross-split|no-key,dspcbsd-plus,dspcbsd-plus,Data_COCO/train2017/S_11011678.jpg,train,,,dspcbsd-plus,Data_COCO/val2017/S_12156154.jpg,val,,,0.884581,34,33,BELOW_REVIEW,,,,,D,MEDIUM,D,MEDIUM,D,MEDIUM,agreed,horizontal traces with different spacing and defect types,0.8845808601923275,0.7649695821648093,False,False,False,True,False,same-source,>20,0.85-0.918
R-0069,within:dspcbsd-plus|BELOW_REVIEW|cross-split|no-key,dspcbsd-plus,dspcbsd-plus,Data_COCO/train2017/S_10346352.jpg,train,,,dspcbsd-plus,Data_COCO/val2017/S_12560598.jpg,val,,,0.882209,32,36,BELOW_REVIEW,,,,,D,MEDIUM,D,MEDIUM,D,MEDIUM,agreed,vertical traces and pads; layouts differ,0.8822093290125663,0.7918210825019486,False,False,False,True,False,same-source,>20,0.85-0.918
R-0070,within:dspcbsd-plus|BELOW_REVIEW|cross-split|no-key,dspcbsd-plus,dspcbsd-plus,Data_COCO/train2017/0108074.jpg,train,,,dspcbsd-plus,Data_COCO/val2017/S_11016685.jpg,val,,,0.855627,32,25,BELOW_REVIEW,,,,,D,MEDIUM,D,MEDIUM,D,MEDIUM,agreed,pad-ended traces; layouts and colours differ,0.8556260980901842,0.7220477794624026,False,False,False,True,False,same-source,>20,0.85-0.918
R-0071,within:dspcbsd-plus|BELOW_REVIEW|cross-split|no-key,dspcbsd-plus,dspcbsd-plus,Data_COCO/train2017/S_11086300.jpg,train,,,dspcbsd-plus,Data_COCO/val2017/S_12614617.jpg,val,,,0.854068,34,31,BELOW_REVIEW,,,,,D,MEDIUM,D,MEDIUM,D,MEDIUM,agreed,bent wide trace with defect; orientation and defect type differ,0.8540676296180694,0.7491438092555002,False,False,False,True,False,same-source,>20,0.85-0.918
R-0072,within:dspcbsd-plus|BELOW_REVIEW|cross-split|no-key,dspcbsd-plus,dspcbsd-plus,Data_COCO/train2017/S_11761403.jpg,train,,,dspcbsd-plus,Data_COCO/val2017/S_12072861.jpg,val,,,0.853912,26,31,BELOW_REVIEW,,,,,D,MEDIUM,D,MEDIUM,D,MEDIUM,agreed,ring pads in dark band on copper; arrangements differ,0.85391163012028,0.7465683707471191,False,False,False,True,False,same-source,>20,0.85-0.918
R-0073,within:dspcbsd-plus|BELOW_REVIEW|cross-split|no-key,dspcbsd-plus,dspcbsd-plus,Data_COCO/train2017/0035753.jpg,train,,,dspcbsd-plus,Data_COCO/val2017/Y_001786.jpg,val,,,0.81294,24,39,BELOW_REVIEW,,,,,E,MEDIUM,D,MEDIUM,E,MEDIUM,adjudicated,ring pads on different backgrounds with different defects,0.8129402401027577,0.7061641726166983,False,False,False,True,False,same-source,>20,<0.85
R-0074,within:dspcbsd-plus|BELOW_REVIEW|cross-split|no-key,dspcbsd-plus,dspcbsd-plus,Data_COCO/train2017/Y_002248.jpg,train,,,dspcbsd-plus,Data_COCO/val2017/Y_002235.jpg,val,,,0.765194,26,48,BELOW_REVIEW,,,,,D,MEDIUM,D,MEDIUM,D,MEDIUM,agreed,single vertical trace with small particle; texture differs,0.7651941580383925,0.6631502381652461,False,False,False,True,False,same-source,>20,<0.85
R-0075,within:dspcbsd-plus|BELOW_REVIEW|cross-split|no-key,dspcbsd-plus,dspcbsd-plus,Data_COCO/train2017/S_11024618.jpg,train,,,dspcbsd-plus,Data_COCO/val2017/S_11029665.jpg,val,,,0.629235,36,29,BELOW_REVIEW,,,,,E,MEDIUM,E,MEDIUM,E,MEDIUM,agreed,different geometry and contrast; only generic copper edge,0.6292344621465622,0.4738960441847837,False,False,False,True,False,same-source,>20,<0.85
R-0076,within:dspcbsd-plus|BELOW_REVIEW|same-split|no-key,dspcbsd-plus,dspcbsd-plus,Data_COCO/val2017/0376664.jpg,val,,,dspcbsd-plus,Data_COCO/val2017/S_12603602.jpg,val,,,0.91266,34,37,BELOW_REVIEW,,,,,C,MEDIUM,C,MEDIUM,C,MEDIUM,agreed,identical three-trace bend geometry; spur defects differ in number,0.9126601033306861,0.9044797372212414,False,False,True,False,False,same-source,>20,0.85-0.918
R-0077,within:dspcbsd-plus|BELOW_REVIEW|same-split|no-key,dspcbsd-plus,dspcbsd-plus,Data_COCO/train2017/S_11925051.jpg,train,,,dspcbsd-plus,Data_COCO/train2017/S_12408563.jpg,train,,,0.908373,28,40,BELOW_REVIEW,,,,,D,MEDIUM,D,MEDIUM,D,MEDIUM,agreed,square pad grid; spacing and defects differ,0.9083731549070552,0.8432801429233578,False,False,False,True,False,same-source,>20,0.85-0.918
R-0078,within:dspcbsd-plus|BELOW_REVIEW|same-split|no-key,dspcbsd-plus,dspcbsd-plus,Data_COCO/train2017/S_10469224.jpg,train,,,dspcbsd-plus,Data_COCO/train2017/S_11463321.jpg,train,,,0.899274,24,24,BELOW_REVIEW,,,,,D,MEDIUM,D,MEDIUM,D,MEDIUM,agreed,diagonal traces with breaks; geometry and defects differ,0.8992739195482049,0.8755528377254658,False,False,False,True,False,same-source,>20,0.85-0.918
R-0079,within:dspcbsd-plus|BELOW_REVIEW|same-split|no-key,dspcbsd-plus,dspcbsd-plus,Data_COCO/train2017/S_11215696.jpg,train,,,dspcbsd-plus,Data_COCO/train2017/Y_001021.jpg,train,,,0.885173,12,23,BELOW_REVIEW,,,,,D,MEDIUM,D,MEDIUM,D,MEDIUM,agreed,isolated pad among horizontal traces; pad type and spacing differ,0.8851730569070074,0.8404136819978255,False,False,False,True,False,same-source,11-20,0.85-0.918
R-0080,within:dspcbsd-plus|BELOW_REVIEW|same-split|no-key,dspcbsd-plus,dspcbsd-plus,Data_COCO/train2017/S_11863806.jpg,train,,,dspcbsd-plus,Data_COCO/train2017/Y_001994.jpg,train,,,0.814809,34,37,BELOW_REVIEW,,,,,D,MEDIUM,D,MEDIUM,D,MEDIUM,agreed,same copper style; different pad/trace layout,0.8148089564382204,0.7249123305585228,False,False,False,True,False,same-source,>20,<0.85
R-0081,within:dspcbsd-plus|BELOW_REVIEW|same-split|no-key,dspcbsd-plus,dspcbsd-plus,Data_COCO/train2017/S_10376859.jpg,train,,,dspcbsd-plus,Data_COCO/train2017/Y_001790.jpg,train,,,0.775531,32,29,BELOW_REVIEW,,,,,E,MEDIUM,D,MEDIUM,D,MEDIUM,adjudicated,different trace/pad layouts,0.7755305412527526,0.6191894256144101,False,False,False,True,False,same-source,>20,<0.85
R-0082,within:dspcbsd-plus|BELOW_REVIEW|same-split|no-key,dspcbsd-plus,dspcbsd-plus,Data_COCO/val2017/S_10279866.jpg,val,,,dspcbsd-plus,Data_COCO/val2017/S_10279867.jpg,val,,,0.756713,32,32,BELOW_REVIEW,,,,,B,HIGH,B,HIGH,B,HIGH,agreed,same pad with hole and identical bluish residue streak; shifted crop,0.7567122963164177,0.7728650034502886,False,True,True,False,False,same-source,>20,<0.85
R-0083,within:dspcbsd-plus|BELOW_REVIEW|same-split|no-key,dspcbsd-plus,dspcbsd-plus,Data_COCO/train2017/S_10442721.jpg,train,,,dspcbsd-plus,Data_COCO/train2017/S_12522848.jpg,train,,,0.716905,28,20,BELOW_REVIEW,,,,,D,MEDIUM,D,MEDIUM,D,MEDIUM,agreed,single pad with trace; bend shapes differ,0.7169050641497898,0.6467721213410609,False,False,False,True,False,same-source,>20,<0.85
R-0084,within:dspcbsd-plus|BELOW_REVIEW|same-split|no-key,dspcbsd-plus,dspcbsd-plus,Data_COCO/train2017/S_11834088.jpg,train,,,dspcbsd-plus,Data_COCO/train2017/S_11844787.jpg,train,,,0.703197,26,26,BELOW_REVIEW,,,,,E,MEDIUM,E,MEDIUM,E,MEDIUM,agreed,stain on copper edge vs copper protrusion above hole,0.7031973087005315,0.7113914573796126,False,False,False,True,False,same-source,>20,<0.85
R-0085,within:dspcbsd-plus|NEAR_DUPLICATE|cross-split|no-key,dspcbsd-plus,dspcbsd-plus,Data_COCO/train2017/S_11007025.jpg,train,,,dspcbsd-plus,Data_COCO/val2017/S_11046870.jpg,val,,,0.955458,16,18,NEAR_DUPLICATE,VSG-near-00035,VSG-family-00005,,,C,LOW,C,LOW,C,LOW,agreed,similar diagonal trace pair with defect between; spacing differs slightly,0.9554578119716615,0.9136778203247282,False,False,True,False,False,same-source,11-20,0.934-0.96
R-0086,within:dspcbsd-plus|NEAR_DUPLICATE|cross-split|no-key,dspcbsd-plus,dspcbsd-plus,Data_COCO/train2017/S_10360577.jpg,train,,,dspcbsd-plus,Data_COCO/val2017/S_11006781.jpg,val,,,0.948886,20,15,NEAR_DUPLICATE,VSG-near-00008,VSG-family-00013,,,C,LOW,B,LOW,C,LOW,adjudicated,trace pair spacing matches with nick at same x; outer traces differ,0.9488858745394602,0.8727105470841183,False,False,True,False,False,same-source,11-20,0.934-0.96
R-0087,within:dspcbsd-plus|NEAR_DUPLICATE|cross-split|no-key,dspcbsd-plus,dspcbsd-plus,Data_COCO/train2017/S_11891496.jpg,train,,,dspcbsd-plus,Data_COCO/val2017/S_11886061.jpg,val,,,0.945212,6,2,NEAR_DUPLICATE,VSG-near-00301,VSG-family-00350,,,C,MEDIUM,C,MEDIUM,C,MEDIUM,agreed,same trace bend and three holes; surface scratches and stains differ (likely different board or capture),0.9452120565981921,0.9574640139156991,False,False,True,False,False,same-source,5-10,0.934-0.96
R-0088,within:dspcbsd-plus|NEAR_DUPLICATE|cross-split|no-key,dspcbsd-plus,dspcbsd-plus,Data_COCO/train2017/S_10100963.jpg,train,,,dspcbsd-plus,Data_COCO/val2017/S_10098502.jpg,val,,,0.940867,4,4,NEAR_DUPLICATE,VSG-near-00094,VSG-family-00105,,,B,MEDIUM,B,MEDIUM,B,MEDIUM,agreed,same slotted ring around large hole with hair-like defect at same place; defect shape differs slightly,0.9408677314318175,0.9643276660776572,True,True,True,False,False,same-source,0-4,0.934-0.96
R-0089,within:dspcbsd-plus|NEAR_DUPLICATE|cross-split|no-key,dspcbsd-plus,dspcbsd-plus,Data_COCO/train2017/S_11896428.jpg,train,,,dspcbsd-plus,Data_COCO/val2017/S_11897381.jpg,val,,,0.940457,4,3,NEAR_DUPLICATE,VSG-near-00301,VSG-family-00350,,,C,MEDIUM,C,MEDIUM,C,MEDIUM,agreed,same trace bend and three holes; scratch fields differ (likely different board or capture of same layout),0.9404566248032495,0.9558940026156448,False,False,True,False,False,same-source,0-4,0.934-0.96
R-0090,within:dspcbsd-plus|NEAR_DUPLICATE|cross-split|no-key,dspcbsd-plus,dspcbsd-plus,Data_COCO/train2017/Y_000667.jpg,train,,,dspcbsd-plus,Data_COCO/val2017/Y_000958.jpg,val,,,0.938091,22,11,NEAR_DUPLICATE,VSG-near-00383,VSG-family-00295,,,C,MEDIUM,C,MEDIUM,C,MEDIUM,agreed,same repeating pad-array design; defect location differs; shifted,0.9380907559705522,0.9123897168106829,False,False,True,False,False,same-source,>20,0.934-0.96
R-0091,within:dspcbsd-plus|NEAR_DUPLICATE|cross-split|no-key,dspcbsd-plus,dspcbsd-plus,Data_COCO/train2017/Y_000711.jpg,train,,,dspcbsd-plus,Data_COCO/val2017/Y_000816.jpg,val,,,0.937994,16,7,NEAR_DUPLICATE,VSG-near-00376,VSG-family-00295,,,C,MEDIUM,C,MEDIUM,C,MEDIUM,agreed,same repeating pad-array design; in-hole marks differ; location not identifiable,0.9379939214286666,0.7831492120944376,False,False,True,False,False,same-source,11-20,0.934-0.96
R-0092,within:dspcbsd-plus|NEAR_DUPLICATE|cross-split|no-key,dspcbsd-plus,dspcbsd-plus,Data_COCO/train2017/S_10010658.jpg,train,,,dspcbsd-plus,Data_COCO/val2017/S_11462716.jpg,val,,,0.937365,26,13,NEAR_DUPLICATE,VSG-near-00008,VSG-family-00013,,,C,LOW,C,LOW,C,LOW,agreed,horizontal trace pair spacing matches with defect at same x; other traces and defect shape differ,0.9373640074250981,0.8492857599167848,False,False,True,False,False,same-source,>20,0.934-0.96
R-0093,within:dspcbsd-plus|NEAR_DUPLICATE|cross-split|no-key,dspcbsd-plus,dspcbsd-plus,Data_COCO/train2017/S_11049443.jpg,train,,,dspcbsd-plus,Data_COCO/val2017/S_11049444.jpg,val,,,0.934113,34,22,NEAR_DUPLICATE,VSG-near-00181,VSG-family-00200,,,B,HIGH,B,HIGH,B,HIGH,agreed,same trace bend with matching bump and hatch texture; shifted crop,0.9341124784977379,0.9031290919169259,False,True,True,False,False,same-source,>20,0.934-0.96
R-0094,within:dspcbsd-plus|NEAR_DUPLICATE|same-split|no-key,dspcbsd-plus,dspcbsd-plus,Data_COCO/train2017/Y_000711.jpg,train,,,dspcbsd-plus,Data_COCO/train2017/Y_000888.jpg,train,,,0.978678,4,0,NEAR_DUPLICATE,VSG-near-00376,VSG-family-00295,,,A,MEDIUM,A,MEDIUM,A,MEDIUM,agreed,same pad array with matching in-hole marks; near-identical framing,0.9786776337318319,0.9412682675501767,False,True,True,False,False,same-source,0-4,>=0.96
R-0095,within:dspcbsd-plus|NEAR_DUPLICATE|same-split|no-key,dspcbsd-plus,dspcbsd-plus,Data_COCO/train2017/Y_000204.jpg,train,,,dspcbsd-plus,Data_COCO/train2017/Y_000205.jpg,train,,,0.969046,22,0,NEAR_DUPLICATE,VSG-near-00372,VSG-family-00424,,,C,LOW,A,LOW,A,LOW,adjudicated,thin trace pair with edge irregularities that mirror each other; plausible flipped copy,0.9690460858513917,0.896716890547745,False,True,True,False,False,same-source,>20,>=0.96
R-0096,within:dspcbsd-plus|NEAR_DUPLICATE|same-split|no-key,dspcbsd-plus,dspcbsd-plus,Data_COCO/train2017/0375964.jpg,train,,,dspcbsd-plus,Data_COCO/train2017/E_003531.jpg,train,,,0.961567,20,9,NEAR_DUPLICATE,VSG-near-00038,VSG-family-00005,,,D,MEDIUM,C,LOW,C,LOW,adjudicated,diagonal thin trace pairs with opens; plausibly same layout region; defects differ,0.9615673369329018,0.8735419380400709,False,False,True,False,False,same-source,11-20,>=0.96
R-0097,within:dspcbsd-plus|NEAR_DUPLICATE|same-split|no-key,dspcbsd-plus,dspcbsd-plus,Data_COCO/train2017/S_11873037.jpg,train,,,dspcbsd-plus,Data_COCO/train2017/S_11917429.jpg,train,,,0.960196,34,43,NEAR_DUPLICATE,VSG-near-00292,VSG-family-00342,,,B,MEDIUM,B,MEDIUM,B,MEDIUM,agreed,same trace/pad/copper-pour layout; shifted crop; defect correspondence not verifiable,0.9601959407859457,0.916902984511551,False,True,True,False,False,same-source,>20,>=0.96
R-0098,within:dspcbsd-plus|NEAR_DUPLICATE|same-split|no-key,dspcbsd-plus,dspcbsd-plus,Data_COCO/train2017/S_11894552.jpg,train,,,dspcbsd-plus,Data_COCO/train2017/S_11896428.jpg,train,,,0.959811,4,2,NEAR_DUPLICATE,VSG-near-00301,VSG-family-00350,,,B,HIGH,B,MEDIUM,B,MEDIUM,agreed,"same trace bend, three holes and scratch field; small shift",0.9598102917959916,0.9775832069886969,True,True,True,False,False,same-source,0-4,0.934-0.96
R-0099,within:dspcbsd-plus|NEAR_DUPLICATE|same-split|no-key,dspcbsd-plus,dspcbsd-plus,Data_COCO/train2017/Y_000592.jpg,train,,,dspcbsd-plus,Data_COCO/train2017/Y_000952.jpg,train,,,0.953318,26,18,NEAR_DUPLICATE,VSG-near-00057,VSG-family-00062,,,C,LOW,C,LOW,C,LOW,agreed,same ring-pad grid style and spacing; offset and defects differ,0.9533178626696136,0.9289407935465979,False,False,True,False,False,same-source,>20,0.934-0.96
R-0100,within:dspcbsd-plus|NEAR_DUPLICATE|same-split|no-key,dspcbsd-plus,dspcbsd-plus,Data_COCO/train2017/Y_000817.jpg,train,,,dspcbsd-plus,Data_COCO/train2017/Y_000929.jpg,train,,,0.950828,22,3,NEAR_DUPLICATE,VSG-near-00376,VSG-family-00295,,,C,LOW,C,MEDIUM,C,LOW,agreed,same dog-bone pad-array design; pad orientations differ (different region),0.9508277939693365,0.8208981148959333,False,False,True,False,False,same-source,>20,0.934-0.96
R-0101,within:dspcbsd-plus|NEAR_DUPLICATE|same-split|no-key,dspcbsd-plus,dspcbsd-plus,Data_COCO/train2017/S_11941530.jpg,train,,,dspcbsd-plus,Data_COCO/train2017/S_11943735.jpg,train,,,0.942845,22,28,NEAR_DUPLICATE,VSG-near-00296,VSG-family-00036,,,D,LOW,D,LOW,D,LOW,agreed,two dark dots on scratched copper; dot geometry does not match under shift,0.9428449434467876,0.9013589672539665,False,False,False,True,False,same-source,>20,0.934-0.96
R-0102,within:dspcbsd-plus|NEAR_DUPLICATE|same-split|no-key,dspcbsd-plus,dspcbsd-plus,Data_COCO/train2017/S_11049590.jpg,train,,,dspcbsd-plus,Data_COCO/train2017/S_11049616.jpg,train,,,0.942186,24,43,NEAR_DUPLICATE,VSG-near-00184,VSG-family-00202,,,A,MEDIUM,A,MEDIUM,A,MEDIUM,agreed,single trace with nick appears horizontally mirrored,0.9421858824202995,0.8598392510714761,False,True,True,False,False,same-source,>20,0.934-0.96
R-0103,within:dspcbsd-plus|REVIEW_REQUIRED|cross-split|no-key,dspcbsd-plus,dspcbsd-plus,Data_COCO/train2017/S_12096565.jpg,train,,,dspcbsd-plus,Data_COCO/val2017/Y_003624.jpg,val,,,0.894781,4,4,REVIEW_REQUIRED,VSG-near-00003,VSG-family-00004,,,D,MEDIUM,D,MEDIUM,D,MEDIUM,agreed,square pad grid; colour and defect type differ,0.8947814344587643,0.9280425790150391,False,False,False,True,False,same-source,0-4,0.85-0.918
R-0104,within:dspcbsd-plus|REVIEW_REQUIRED|cross-split|no-key,dspcbsd-plus,dspcbsd-plus,Data_COCO/train2017/S_12096545.jpg,train,,,dspcbsd-plus,Data_COCO/val2017/S_10028781.jpg,val,,,0.75685,4,39,REVIEW_REQUIRED,,,,,D,MEDIUM,D,MEDIUM,D,MEDIUM,agreed,small copper flake on dark; shapes differ slightly; backgrounds differ,0.7568496086319848,0.7142358893329919,False,False,False,True,False,same-source,0-4,<0.85
R-0105,within:dspcbsd-plus|REVIEW_REQUIRED|cross-split|no-key,dspcbsd-plus,dspcbsd-plus,Data_COCO/train2017/S_10433105.jpg,train,,,dspcbsd-plus,Data_COCO/val2017/0058315.jpg,val,,,0.741105,2,16,REVIEW_REQUIRED,,,,,D,MEDIUM,D,MEDIUM,D,MEDIUM,agreed,generic bright particle on dark background; shapes differ,0.7411046747141714,0.5985690067422849,False,False,False,True,False,same-source,0-4,<0.85
R-0106,within:dspcbsd-plus|REVIEW_REQUIRED|cross-split|no-key,dspcbsd-plus,dspcbsd-plus,Data_COCO/train2017/0107802.jpg,train,,,dspcbsd-plus,Data_COCO/val2017/0378107.jpg,val,,,0.703054,4,22,REVIEW_REQUIRED,,,,,E,MEDIUM,D,MEDIUM,D,MEDIUM,adjudicated,small copper particle on dark; shapes differ,0.7030538906904724,0.6981978277606873,False,False,False,True,False,same-source,0-4,<0.85
R-0107,within:dspcbsd-plus|REVIEW_REQUIRED|cross-split|no-key,dspcbsd-plus,dspcbsd-plus,Data_COCO/train2017/0080748.jpg,train,,,dspcbsd-plus,Data_COCO/val2017/S_11232688.jpg,val,,,0.667206,4,19,REVIEW_REQUIRED,,,,,D,MEDIUM,D,MEDIUM,D,MEDIUM,agreed,small copper particle on different dark backgrounds,0.6672063454092045,0.6583172124646035,False,False,False,True,False,same-source,0-4,<0.85
R-0108,within:dspcbsd-plus|REVIEW_REQUIRED|cross-split|no-key,dspcbsd-plus,dspcbsd-plus,Data_COCO/train2017/0032400.jpg,train,,,dspcbsd-plus,Data_COCO/val2017/0378601.jpg,val,,,0.619103,4,14,REVIEW_REQUIRED,,,,,E,MEDIUM,E,MEDIUM,E,MEDIUM,agreed,copper flake vs bluish particle on dark,0.6191030864804092,0.5311658300064732,False,False,False,True,False,same-source,0-4,<0.85
R-0109,within:dspcbsd-plus|REVIEW_REQUIRED|cross-split|no-key,dspcbsd-plus,dspcbsd-plus,Data_COCO/train2017/Y_002535.jpg,train,,,dspcbsd-plus,Data_COCO/val2017/S_10028781.jpg,val,,,0.615687,4,10,REVIEW_REQUIRED,,,,,E,MEDIUM,E,MEDIUM,E,MEDIUM,agreed,bluish particle on green vs copper particle on dark,0.6156871463975964,0.6155944016296157,False,False,False,True,False,same-source,0-4,<0.85
R-0110,within:dspcbsd-plus|REVIEW_REQUIRED|cross-split|no-key,dspcbsd-plus,dspcbsd-plus,Data_COCO/train2017/0102043.jpg,train,,,dspcbsd-plus,Data_COCO/val2017/0378601.jpg,val,,,0.612479,4,16,REVIEW_REQUIRED,,,,,E,MEDIUM,E,MEDIUM,E,MEDIUM,agreed,elongated translucent particle on green vs bluish particle on dark,0.6124792878310221,0.5173194059043882,False,False,False,True,False,same-source,0-4,<0.85
R-0111,within:dspcbsd-plus|REVIEW_REQUIRED|cross-split|no-key,dspcbsd-plus,dspcbsd-plus,Data_COCO/train2017/0058380.jpg,train,,,dspcbsd-plus,Data_COCO/val2017/S_10304853.jpg,val,,,0.37728,4,46,REVIEW_REQUIRED,,,,,E,HIGH,E,HIGH,E,HIGH,agreed,isolated particle vs trace pair with residue,0.3772797512109354,0.32996752534917556,False,False,False,True,False,same-source,0-4,<0.85
R-0112,within:dspcbsd-plus|REVIEW_REQUIRED|same-split|no-key,dspcbsd-plus,dspcbsd-plus,Data_COCO/train2017/S_10347137.jpg,train,,,dspcbsd-plus,Data_COCO/train2017/S_10433107.jpg,train,,,0.882436,4,11,REVIEW_REQUIRED,,,,,D,MEDIUM,D,MEDIUM,D,MEDIUM,agreed,small copper particle on dark; shapes differ slightly,0.8824361858913282,0.7720732935158536,False,False,False,True,False,same-source,0-4,0.85-0.918
R-0113,within:dspcbsd-plus|REVIEW_REQUIRED|same-split|no-key,dspcbsd-plus,dspcbsd-plus,Data_COCO/train2017/0032227.jpg,train,,,dspcbsd-plus,Data_COCO/train2017/S_11233902.jpg,train,,,0.818178,4,20,REVIEW_REQUIRED,,,,,D,MEDIUM,D,MEDIUM,D,MEDIUM,agreed,generic small copper particle on dark,0.8181779845191678,0.8001619901644079,False,False,False,True,False,same-source,0-4,<0.85
R-0114,within:dspcbsd-plus|REVIEW_REQUIRED|same-split|no-key,dspcbsd-plus,dspcbsd-plus,Data_COCO/train2017/S_10433107.jpg,train,,,dspcbsd-plus,Data_COCO/train2017/S_12222008.jpg,train,,,0.763523,2,15,REVIEW_REQUIRED,,,,,E,MEDIUM,E,MEDIUM,E,MEDIUM,agreed,copper particle on dark vs bright particle on green,0.7635227459949399,0.6307703892132414,False,False,False,True,False,same-source,0-4,<0.85
R-0115,within:dspcbsd-plus|REVIEW_REQUIRED|same-split|no-key,dspcbsd-plus,dspcbsd-plus,Data_COCO/train2017/0067978.jpg,train,,,dspcbsd-plus,Data_COCO/train2017/S_11350461.jpg,train,,,0.742446,4,17,REVIEW_REQUIRED,,,,,D,MEDIUM,D,MEDIUM,D,MEDIUM,agreed,large hole with copper sliver; surface texture and hole geometry differ,0.7424462138258963,0.6600471219129317,False,False,False,True,False,same-source,0-4,<0.85
R-0116,within:dspcbsd-plus|REVIEW_REQUIRED|same-split|no-key,dspcbsd-plus,dspcbsd-plus,Data_COCO/train2017/0032281.jpg,train,,,dspcbsd-plus,Data_COCO/train2017/0107802.jpg,train,,,0.695456,2,15,REVIEW_REQUIRED,,,,,E,MEDIUM,D,MEDIUM,D,MEDIUM,adjudicated,small copper particle on dark; shapes differ,0.6954560256433738,0.598830742982907,False,False,False,True,False,same-source,0-4,<0.85
R-0117,within:dspcbsd-plus|REVIEW_REQUIRED|same-split|no-key,dspcbsd-plus,dspcbsd-plus,Data_COCO/train2017/S_11233902.jpg,train,,,dspcbsd-plus,Data_COCO/train2017/Y_000422.jpg,train,,,0.695085,0,11,REVIEW_REQUIRED,,,,,E,MEDIUM,D,MEDIUM,D,MEDIUM,adjudicated,small copper particle on dark; shapes differ,0.695084696495808,0.6963789278297353,False,False,False,True,False,same-source,0-4,<0.85
R-0118,within:dspcbsd-plus|REVIEW_REQUIRED|same-split|no-key,dspcbsd-plus,dspcbsd-plus,Data_COCO/train2017/S_11232701.jpg,train,,,dspcbsd-plus,Data_COCO/train2017/Y_001037.jpg,train,,,0.68805,4,23,REVIEW_REQUIRED,,,,,E,MEDIUM,E,MEDIUM,E,MEDIUM,agreed,copper particles vs pad with hole,0.6880495497263464,0.5693886093065107,False,False,False,True,False,same-source,0-4,<0.85
R-0119,within:dspcbsd-plus|REVIEW_REQUIRED|same-split|no-key,dspcbsd-plus,dspcbsd-plus,Data_COCO/train2017/Y_000235.jpg,train,,,dspcbsd-plus,Data_COCO/train2017/Y_001294.jpg,train,,,0.573614,4,27,REVIEW_REQUIRED,,,,,D,MEDIUM,D,MEDIUM,D,MEDIUM,agreed,horizontal traces with defects; count and defects differ,0.5736144940075534,0.5965088336841531,False,False,False,True,False,same-source,0-4,<0.85
R-0120,within:dspcbsd-plus|REVIEW_REQUIRED|same-split|no-key,dspcbsd-plus,dspcbsd-plus,Data_COCO/val2017/E_008554.jpg,val,,,dspcbsd-plus,Data_COCO/val2017/Y_002485.jpg,val,,,0.41109,4,17,REVIEW_REQUIRED,,,,,E,HIGH,E,HIGH,E,HIGH,agreed,trace end with hair vs isolated particle,0.41108955142472275,0.40383651422166,False,False,False,True,False,same-source,0-4,<0.85
R-0121,within:dspcbsd-plus|SAME_FAMILY_OR_SCENE|cross-split|no-key,dspcbsd-plus,dspcbsd-plus,Data_COCO/train2017/S_10292569.jpg,train,,,dspcbsd-plus,Data_COCO/val2017/S_10214962.jpg,val,,,0.930493,26,18,SAME_FAMILY_OR_SCENE,VSG-near-00008,VSG-family-00013,,,D,MEDIUM,D,MEDIUM,D,MEDIUM,agreed,horizontal traces with defects; spacing and defects differ,0.9304927626359285,0.8981715547082236,False,False,False,True,False,same-source,>20,0.918-0.934
R-0122,within:dspcbsd-plus|SAME_FAMILY_OR_SCENE|cross-split|no-key,dspcbsd-plus,dspcbsd-plus,Data_COCO/train2017/S_10306356.jpg,train,,,dspcbsd-plus,Data_COCO/val2017/S_11049478.jpg,val,,,0.929124,32,26,SAME_FAMILY_OR_SCENE,VSG-near-00008,VSG-family-00013,,,D,MEDIUM,D,MEDIUM,D,MEDIUM,agreed,horizontal traces of different spacing,0.9291232902723491,0.8592271127694707,False,False,False,True,False,same-source,>20,0.918-0.934
R-0123,within:dspcbsd-plus|SAME_FAMILY_OR_SCENE|cross-split|no-key,dspcbsd-plus,dspcbsd-plus,Data_COCO/train2017/Y_002325.jpg,train,,,dspcbsd-plus,Data_COCO/val2017/Y_000553.jpg,val,,,0.926039,28,18,SAME_FAMILY_OR_SCENE,,VSG-family-00503,,,D,MEDIUM,D,MEDIUM,D,MEDIUM,agreed,tiny particle on dark; generic,0.9260395852068439,0.7927087752123915,False,False,False,True,False,same-source,>20,0.918-0.934
R-0124,within:dspcbsd-plus|SAME_FAMILY_OR_SCENE|cross-split|no-key,dspcbsd-plus,dspcbsd-plus,Data_COCO/train2017/S_10436091.jpg,train,,,dspcbsd-plus,Data_COCO/val2017/S_11463147.jpg,val,,,0.924243,28,11,SAME_FAMILY_OR_SCENE,VSG-near-00008,VSG-family-00013,,,D,MEDIUM,C,LOW,C,LOW,adjudicated,trace pair spacing matches with defect at same x; other traces differ,0.9242423411045637,0.816589002727503,False,False,True,False,False,same-source,>20,0.918-0.934
R-0125,within:dspcbsd-plus|SAME_FAMILY_OR_SCENE|cross-split|no-key,dspcbsd-plus,dspcbsd-plus,Data_COCO/train2017/S_11903794.jpg,train,,,dspcbsd-plus,Data_COCO/val2017/S_11903669.jpg,val,,,0.92357,26,11,SAME_FAMILY_OR_SCENE,VSG-near-00306,VSG-family-00049,,,C,LOW,C,LOW,C,LOW,agreed,same ring-pad grid spacing; defects differ in shape and position,0.9235694784903337,0.8949009297858221,False,False,True,False,False,same-source,>20,0.918-0.934
R-0126,within:dspcbsd-plus|SAME_FAMILY_OR_SCENE|cross-split|no-key,dspcbsd-plus,dspcbsd-plus,Data_COCO/train2017/S_11189994.jpg,train,,,dspcbsd-plus,Data_COCO/val2017/S_11197478.jpg,val,,,0.92336,26,30,SAME_FAMILY_OR_SCENE,,VSG-family-00261,,,D,MEDIUM,D,LOW,D,LOW,agreed,pit on scratched copper; scratch fields do not match,0.9233606185311266,0.8137939736816555,False,False,False,True,False,same-source,>20,0.918-0.934
R-0127,within:dspcbsd-plus|SAME_FAMILY_OR_SCENE|cross-split|no-key,dspcbsd-plus,dspcbsd-plus,Data_COCO/train2017/S_11218086.jpg,train,,,dspcbsd-plus,Data_COCO/val2017/S_10222980.jpg,val,,,0.921596,26,16,SAME_FAMILY_OR_SCENE,VSG-near-00008,VSG-family-00013,,,D,MEDIUM,C,LOW,C,LOW,adjudicated,trace pair spacing matches with defect at same x; other traces differ,0.9215968059059948,0.8797479287405534,False,False,True,False,False,same-source,>20,0.918-0.934
R-0128,within:dspcbsd-plus|SAME_FAMILY_OR_SCENE|cross-split|no-key,dspcbsd-plus,dspcbsd-plus,Data_COCO/train2017/Y_000949.jpg,train,,,dspcbsd-plus,Data_COCO/val2017/Y_000686.jpg,val,,,0.920977,20,9,SAME_FAMILY_OR_SCENE,VSG-near-00376,VSG-family-00295,,,C,MEDIUM,C,LOW,C,LOW,agreed,same repeating pad-array design; location on board not identifiable,0.9209773692809963,0.8452253071271321,False,False,True,False,False,same-source,11-20,0.918-0.934
R-0129,within:dspcbsd-plus|SAME_FAMILY_OR_SCENE|cross-split|no-key,dspcbsd-plus,dspcbsd-plus,Data_COCO/train2017/S_10270731.jpg,train,,,dspcbsd-plus,Data_COCO/val2017/S_10270746.jpg,val,,,0.920943,24,22,SAME_FAMILY_OR_SCENE,,VSG-family-00126,,,B,HIGH,B,HIGH,B,HIGH,agreed,same trace with matching diagonal scratch pattern; shifted crop,0.9209430773877972,0.9208090795631844,False,True,True,False,False,same-source,>20,0.918-0.934
R-0130,within:dspcbsd-plus|SAME_FAMILY_OR_SCENE|same-split|no-key,dspcbsd-plus,dspcbsd-plus,Data_COCO/train2017/S_10306177.jpg,train,,,dspcbsd-plus,Data_COCO/train2017/S_10310620.jpg,train,,,0.933028,36,29,SAME_FAMILY_OR_SCENE,,VSG-family-00014,,,C,MEDIUM,C,MEDIUM,C,MEDIUM,agreed,same pad/trace arrangement shifted; one image has extensive damage the other lacks,0.9330280055877359,0.9389626373879373,False,False,True,False,False,same-source,>20,0.918-0.934
R-0131,within:dspcbsd-plus|SAME_FAMILY_OR_SCENE|same-split|no-key,dspcbsd-plus,dspcbsd-plus,Data_COCO/train2017/S_10370078.jpg,train,,,dspcbsd-plus,Data_COCO/train2017/S_11046881.jpg,train,,,0.932482,26,19,SAME_FAMILY_OR_SCENE,VSG-near-00008,VSG-family-00013,,,B,LOW,B,LOW,B,LOW,agreed,same thin trace pair spacing with nick on upper trace at same x,0.9324823434188577,0.904181094895881,False,True,True,False,False,same-source,>20,0.918-0.934
R-0132,within:dspcbsd-plus|SAME_FAMILY_OR_SCENE|same-split|no-key,dspcbsd-plus,dspcbsd-plus,Data_COCO/train2017/E_003490.jpg,train,,,dspcbsd-plus,Data_COCO/train2017/E_003533.jpg,train,,,0.9305,26,24,SAME_FAMILY_OR_SCENE,,VSG-family-00013,,,D,MEDIUM,D,MEDIUM,D,MEDIUM,agreed,horizontal traces with open defect; spacing and gap size differ,0.9304990566512956,0.868152423515403,False,False,False,True,False,same-source,>20,0.918-0.934
R-0133,within:dspcbsd-plus|SAME_FAMILY_OR_SCENE|same-split|no-key,dspcbsd-plus,dspcbsd-plus,Data_COCO/train2017/2372_data.jpg,train,,,dspcbsd-plus,Data_COCO/train2017/2375_data.jpg,train,,,0.927613,32,33,SAME_FAMILY_OR_SCENE,,VSG-family-00067,,,D,LOW,D,LOW,D,LOW,agreed,unusual pink/cream stripe style in both; band arrangement and defects do not correspond,0.9276126577701906,0.8146027469979262,False,False,False,True,False,same-source,>20,0.918-0.934
R-0134,within:dspcbsd-plus|SAME_FAMILY_OR_SCENE|same-split|no-key,dspcbsd-plus,dspcbsd-plus,Data_COCO/train2017/S_11005584.jpg,train,,,dspcbsd-plus,Data_COCO/train2017/S_11215327.jpg,train,,,0.922266,24,19,SAME_FAMILY_OR_SCENE,VSG-near-00008,VSG-family-00013,,,D,MEDIUM,C,LOW,C,LOW,adjudicated,trace pair spacing matches with defect at same x; other traces differ,0.9222661386317293,0.9050973096802994,False,False,True,False,False,same-source,>20,0.918-0.934
R-0135,within:dspcbsd-plus|SAME_FAMILY_OR_SCENE|same-split|no-key,dspcbsd-plus,dspcbsd-plus,Data_COCO/train2017/S_11189994.jpg,train,,,dspcbsd-plus,Data_COCO/train2017/S_11197391.jpg,train,,,0.92184,32,28,SAME_FAMILY_OR_SCENE,,VSG-family-00261,,,B,MEDIUM,B,MEDIUM,B,MEDIUM,agreed,same pit shape with one scratch at matching relative position; other scratches differ,0.9218405059599726,0.819425927833435,False,True,True,False,False,same-source,>20,0.918-0.934
R-0136,within:dspcbsd-plus|SAME_FAMILY_OR_SCENE|same-split|no-key,dspcbsd-plus,dspcbsd-plus,Data_COCO/train2017/S_11001666.jpg,train,,,dspcbsd-plus,Data_COCO/train2017/S_11462880.jpg,train,,,0.919397,32,28,SAME_FAMILY_OR_SCENE,VSG-near-00008,VSG-family-00013,,,D,MEDIUM,D,MEDIUM,D,MEDIUM,agreed,horizontal traces of different spacing and defect type,0.919397144681599,0.867316495165124,False,False,False,True,False,same-source,>20,0.918-0.934
R-0137,within:dspcbsd-plus|SAME_FAMILY_OR_SCENE|same-split|no-key,dspcbsd-plus,dspcbsd-plus,Data_COCO/train2017/S_10010574.jpg,train,,,dspcbsd-plus,Data_COCO/train2017/S_10377880.jpg,train,,,0.918543,42,35,SAME_FAMILY_OR_SCENE,VSG-near-00035,VSG-family-00005,,,D,MEDIUM,D,MEDIUM,D,MEDIUM,agreed,diagonal traces with small defects; spacing differs,0.9185429580315625,0.915965512071363,False,False,False,True,False,same-source,>20,0.918-0.934
R-0138,within:dspcbsd-plus|SAME_FAMILY_OR_SCENE|same-split|no-key,dspcbsd-plus,dspcbsd-plus,Data_COCO/train2017/0106200.jpg,train,,,dspcbsd-plus,Data_COCO/train2017/S_11625944.jpg,train,,,0.918317,32,33,SAME_FAMILY_OR_SCENE,,VSG-family-00009,,,D,MEDIUM,D,MEDIUM,D,MEDIUM,agreed,bent trace fans; geometry differs,0.9183175447240792,0.894484213161654,False,False,False,True,False,same-source,>20,0.918-0.934
R-0139,within:pcb-defect|BELOW_REVIEW|no-split|other-group,pcb-defect,pcb-defect,PCB_Defect/images/pcb_defect_015.jpg,,51.0,51-1,pcb-defect,PCB_Defect/images/pcb_defect_221.jpg,,80.0,80-2,0.917977,22,24,BELOW_REVIEW,,,,,D,MEDIUM,C,LOW,F,LOW,adjudicated,possible 90-degree rotation of one layout; cannot confirm,0.9179766242096978,0.916426594316084,False,False,False,False,True,same-source,>20,0.85-0.918
R-0140,within:pcb-defect|BELOW_REVIEW|no-split|other-group,pcb-defect,pcb-defect,PCB_Defect/images/pcb_defect_029.jpg,,52.0,52-1,pcb-defect,PCB_Defect/images/pcb_defect_209.jpg,,68.0,68-2,0.917789,26,30,BELOW_REVIEW,,,,,D,HIGH,D,HIGH,D,HIGH,agreed,different bare-board layouts,0.9177891323441946,0.9363483550176775,False,False,False,True,False,same-source,>20,0.85-0.918
R-0141,within:pcb-defect|BELOW_REVIEW|no-split|other-group,pcb-defect,pcb-defect,PCB_Defect/images/pcb_defect_006.jpg,,50.0,50-1,pcb-defect,PCB_Defect/images/pcb_defect_028.jpg,,51.0,51-2,0.917051,26,28,BELOW_REVIEW,,,,,D,MEDIUM,D,MEDIUM,D,MEDIUM,agreed,different bare-board layouts (orientation differs),0.9170508994607722,0.9372676835029208,False,False,False,True,False,same-source,>20,0.85-0.918
R-0142,within:pcb-defect|BELOW_REVIEW|no-split|other-group,pcb-defect,pcb-defect,PCB_Defect/images/pcb_defect_076.jpg,,55.0,55-1,pcb-defect,PCB_Defect/images/pcb_defect_089.jpg,,56.0,56-1,0.916916,32,28,BELOW_REVIEW,,,,,D,HIGH,D,HIGH,D,HIGH,agreed,different bare-board layouts,0.9169161478900205,0.9573216914630742,False,False,False,True,False,same-source,>20,0.85-0.918
R-0143,within:pcb-defect|BELOW_REVIEW|no-split|other-group,pcb-defect,pcb-defect,PCB_Defect/images/pcb_defect_048.jpg,,53.0,53-1,pcb-defect,PCB_Defect/images/pcb_defect_145.jpg,,62.0,62-2,0.912799,26,22,BELOW_REVIEW,,,,,D,HIGH,D,HIGH,D,HIGH,agreed,different bare-board layouts,0.9127992469531278,0.8886926940325354,False,False,False,True,False,same-source,>20,0.85-0.918
R-0144,within:pcb-defect|BELOW_REVIEW|no-split|other-group,pcb-defect,pcb-defect,PCB_Defect/images/pcb_defect_044.jpg,,52.0,52-2,pcb-defect,PCB_Defect/images/pcb_defect_078.jpg,,55.0,55-1,0.912402,38,23,BELOW_REVIEW,,,,,D,HIGH,D,HIGH,D,HIGH,agreed,different bare-board layouts,0.912401345295063,0.9545037091392061,False,False,False,True,False,same-source,>20,0.85-0.918
R-0145,within:pcb-defect|BELOW_REVIEW|no-split|other-group,pcb-defect,pcb-defect,PCB_Defect/images/pcb_defect_008.jpg,,50.0,50-2,pcb-defect,PCB_Defect/images/pcb_defect_032.jpg,,52.0,52-1,0.912186,34,40,BELOW_REVIEW,,,,,D,HIGH,D,HIGH,D,HIGH,agreed,different bare-board layouts,0.912185491006803,0.9404100847838716,False,False,False,True,False,same-source,>20,0.85-0.918
R-0146,within:pcb-defect|BELOW_REVIEW|no-split|other-group,pcb-defect,pcb-defect,PCB_Defect/images/pcb_defect_083.jpg,,55.0,55-2,pcb-defect,PCB_Defect/images/pcb_defect_222.jpg,,81.0,81-1,0.90117,24,27,BELOW_REVIEW,,,,,D,HIGH,C,LOW,F,LOW,adjudicated,possible 90-degree rotation of one layout; cannot confirm,0.9011697525749849,0.9084190622107493,False,False,False,False,True,same-source,>20,0.85-0.918
R-0147,within:pcb-defect|BELOW_REVIEW|no-split|other-group,pcb-defect,pcb-defect,PCB_Defect/images/pcb_defect_007.jpg,,50.0,50-2,pcb-defect,PCB_Defect/images/pcb_defect_028.jpg,,51.0,51-2,0.897011,26,27,BELOW_REVIEW,,,,,D,HIGH,D,HIGH,D,HIGH,agreed,different bare-board layouts,0.8970109078564203,0.9523163022844647,False,False,False,True,False,same-source,>20,0.85-0.918
R-0148,within:pcb-defect|BELOW_REVIEW|no-split|same-group,pcb-defect,pcb-defect,PCB_Defect/images/pcb_defect_023.jpg,,51.0,51-2,pcb-defect,PCB_Defect/images/pcb_defect_024.jpg,,51.0,51-2,0.914183,16,15,BELOW_REVIEW,,,,,B,HIGH,B,MEDIUM,B,MEDIUM,agreed,same board layout incl. copper pour; same capture look; one extra small mark,0.9141826635668298,0.9560908506877295,False,True,True,False,False,same-source,11-20,0.85-0.918
R-0149,within:pcb-defect|BELOW_REVIEW|no-split|same-group,pcb-defect,pcb-defect,PCB_Defect/images/pcb_defect_164.jpg,,64.0,64-1,pcb-defect,PCB_Defect/images/pcb_defect_168.jpg,,64.0,64-2,0.913108,34,32,BELOW_REVIEW,,,,,D,MEDIUM,D,MEDIUM,D,MEDIUM,agreed,pin-row bare boards with different routing,0.9131081751482342,0.9377288501746492,False,False,False,True,False,same-source,>20,0.85-0.918
R-0150,within:pcb-defect|BELOW_REVIEW|no-split|same-group,pcb-defect,pcb-defect,PCB_Defect/images/pcb_defect_083.jpg,,55.0,55-2,pcb-defect,PCB_Defect/images/pcb_defect_084.jpg,,55.0,55-2,0.911284,28,26,BELOW_REVIEW,,,,,D,MEDIUM,D,MEDIUM,D,MEDIUM,agreed,different bare-board layouts (orientation differs),0.9112839482833122,0.9708158566562963,True,False,False,True,False,same-source,>20,0.85-0.918
R-0151,within:pcb-defect|BELOW_REVIEW|no-split|same-group,pcb-defect,pcb-defect,PCB_Defect/images/pcb_defect_085.jpg,,56.0,56-1,pcb-defect,PCB_Defect/images/pcb_defect_087.jpg,,56.0,56-1,0.908299,20,20,BELOW_REVIEW,,,,,D,HIGH,D,HIGH,D,HIGH,agreed,different bare-board layouts,0.908299395126647,0.9653682476679757,True,False,False,True,False,same-source,11-20,0.85-0.918
R-0152,within:pcb-defect|BELOW_REVIEW|no-split|same-group,pcb-defect,pcb-defect,PCB_Defect/images/pcb_defect_218.jpg,,80.0,80-2,pcb-defect,PCB_Defect/images/pcb_defect_219.jpg,,80.0,80-2,0.900281,20,25,BELOW_REVIEW,,,,,F,LOW,F,LOW,F,LOW,agreed,possibly the same layout at a different aspect ratio (octagon with inner pads in both); cannot confirm,0.9002814503656645,0.9182159120440039,False,False,False,False,True,same-source,11-20,0.85-0.918
R-0153,within:pcb-defect|NEAR_DUPLICATE|no-split|other-group,pcb-defect,pcb-defect,PCB_Defect/images/pcb_defect_100.jpg,,59.0,59-1,pcb-defect,PCB_Defect/images/pcb_defect_111.jpg,,60.0,60-1,0.970755,28,32,NEAR_DUPLICATE,VSG-near-00510,VSG-family-00550,,,C,MEDIUM,D,MEDIUM,C,MEDIUM,adjudicated,same layout rotated 180 degrees (central spiral and pin rows correspond); could be a rotated copy,0.9707553826475943,0.971611107725362,True,False,True,False,False,same-source,>20,>=0.96
R-0154,within:pcb-defect|NEAR_DUPLICATE|no-split|other-group,pcb-defect,pcb-defect,PCB_Defect/images/pcb_defect_144.jpg,,62.0,62-2,pcb-defect,PCB_Defect/images/pcb_defect_149.jpg,,63.0,63-1,0.962816,14,11,NEAR_DUPLICATE,VSG-near-00510,VSG-family-00550,,,B,HIGH,B,HIGH,B,HIGH,agreed,same board layout trace for trace; same capture look; minor differences in small marks,0.9628167947816983,0.9751671187111145,True,True,True,False,False,same-source,11-20,>=0.96
R-0155,within:pcb-defect|NEAR_DUPLICATE|no-split|other-group,pcb-defect,pcb-defect,PCB_Defect/images/pcb_defect_099.jpg,,58.0,58-2,pcb-defect,PCB_Defect/images/pcb_defect_112.jpg,,60.0,60-2,0.952532,30,22,NEAR_DUPLICATE,VSG-near-00522,VSG-family-00550,,,D,HIGH,C,LOW,C,LOW,adjudicated,layout plausibly rotated 180 degrees (pin rows and diagonal trace group correspond); not verified,0.9525320346214775,0.9487898265722499,False,False,True,False,False,same-source,>20,0.934-0.96
R-0156,within:pcb-defect|NEAR_DUPLICATE|no-split|other-group,pcb-defect,pcb-defect,PCB_Defect/images/pcb_defect_198.jpg,,67.0,67-1,pcb-defect,PCB_Defect/images/pcb_defect_208.jpg,,68.0,68-2,0.946511,34,35,NEAR_DUPLICATE,VSG-near-00510,VSG-family-00550,,,D,HIGH,D,MEDIUM,D,MEDIUM,agreed,different bare-board layouts,0.9465115226020979,0.9284957624225644,False,False,False,True,False,same-source,>20,0.934-0.96
R-0157,within:pcb-defect|NEAR_DUPLICATE|no-split|other-group,pcb-defect,pcb-defect,PCB_Defect/images/pcb_defect_076.jpg,,55.0,55-1,pcb-defect,PCB_Defect/images/pcb_defect_121.jpg,,61.0,61-1,0.943491,32,29,NEAR_DUPLICATE,VSG-near-00510,VSG-family-00550,,,D,HIGH,D,HIGH,D,HIGH,agreed,different bare-board layouts,0.9434906605219198,0.9663560986927057,True,False,False,True,False,same-source,>20,0.934-0.96
R-0158,within:pcb-defect|NEAR_DUPLICATE|no-split|other-group,pcb-defect,pcb-defect,PCB_Defect/images/pcb_defect_014.jpg,,51.0,51-1,pcb-defect,PCB_Defect/images/pcb_defect_100.jpg,,59.0,59-1,0.94099,30,31,NEAR_DUPLICATE,VSG-near-00510,VSG-family-00550,,,D,HIGH,D,MEDIUM,D,MEDIUM,agreed,different bare-board layouts; same style,0.9409901254250677,0.9561369929195154,False,False,False,True,False,same-source,>20,0.934-0.96
R-0159,within:pcb-defect|NEAR_DUPLICATE|no-split|other-group,pcb-defect,pcb-defect,PCB_Defect/images/pcb_defect_123.jpg,,61.0,61-1,pcb-defect,PCB_Defect/images/pcb_defect_138.jpg,,62.0,62-2,0.937361,26,30,NEAR_DUPLICATE,VSG-near-00510,VSG-family-00550,,,D,HIGH,D,HIGH,D,HIGH,agreed,different bare-board layouts,0.9373614541102636,0.9659768099786912,True,False,False,True,False,same-source,>20,0.934-0.96
R-0160,within:pcb-defect|NEAR_DUPLICATE|no-split|other-group,pcb-defect,pcb-defect,PCB_Defect/images/pcb_defect_031.jpg,,52.0,52-1,pcb-defect,PCB_Defect/images/pcb_defect_051.jpg,,53.0,53-1,0.936139,24,24,NEAR_DUPLICATE,VSG-near-00514,VSG-family-00550,,,D,HIGH,D,HIGH,D,HIGH,agreed,different bare-board layouts,0.9361392771473573,0.9408482596059365,False,False,False,True,False,same-source,>20,0.934-0.96
R-0161,within:pcb-defect|NEAR_DUPLICATE|no-split|other-group,pcb-defect,pcb-defect,PCB_Defect/images/pcb_defect_095.jpg,,57.0,57-1,pcb-defect,PCB_Defect/images/pcb_defect_102.jpg,,59.0,59-1,0.935703,26,30,NEAR_DUPLICATE,VSG-near-00510,VSG-family-00550,,,D,HIGH,D,HIGH,D,HIGH,agreed,different bare-board layouts,0.9357031911113038,0.9242209970977536,False,False,False,True,False,same-source,>20,0.934-0.96
R-0162,within:pcb-defect|NEAR_DUPLICATE|no-split|same-group,pcb-defect,pcb-defect,PCB_Defect/images/pcb_defect_114.jpg,,60.0,60-2,pcb-defect,PCB_Defect/images/pcb_defect_116.jpg,,60.0,60-2,0.966406,14,13,NEAR_DUPLICATE,VSG-near-00523,VSG-family-00550,,,B,HIGH,B,HIGH,B,HIGH,agreed,same board layout trace for trace with same capture look; small differences only,0.9664055950404261,0.979792859907104,True,True,True,False,False,same-source,11-20,>=0.96
R-0163,within:pcb-defect|NEAR_DUPLICATE|no-split|same-group,pcb-defect,pcb-defect,PCB_Defect/images/pcb_defect_125.jpg,,61.0,61-2,pcb-defect,PCB_Defect/images/pcb_defect_127.jpg,,61.0,61-2,0.960533,8,7,NEAR_DUPLICATE,VSG-near-00525,VSG-family-00555,,,B,MEDIUM,B,MEDIUM,B,MEDIUM,agreed,same two-pin-row board layout; same capture look; framing differs slightly,0.9605325081904533,0.9734348462442468,True,True,True,False,False,same-source,5-10,>=0.96
R-0164,within:pcb-defect|NEAR_DUPLICATE|no-split|same-group,pcb-defect,pcb-defect,PCB_Defect/images/pcb_defect_021.jpg,,51.0,51-2,pcb-defect,PCB_Defect/images/pcb_defect_022.jpg,,51.0,51-2,0.957003,4,5,NEAR_DUPLICATE,VSG-near-00513,VSG-family-00550,,,B,HIGH,B,HIGH,B,HIGH,agreed,same board layout incl. copper pour; same capture look; minor mark differences,0.9570036575082601,0.96446136572498,True,True,True,False,False,same-source,0-4,0.934-0.96
R-0165,within:pcb-defect|NEAR_DUPLICATE|no-split|same-group,pcb-defect,pcb-defect,PCB_Defect/images/pcb_defect_156.jpg,,63.0,63-2,pcb-defect,PCB_Defect/images/pcb_defect_159.jpg,,63.0,63-2,0.952754,40,32,NEAR_DUPLICATE,VSG-near-00510,VSG-family-00550,,,D,HIGH,D,HIGH,D,HIGH,agreed,two different board layouts in the same bare-board photographic style,0.952753785389483,0.9627275299028542,True,False,False,True,False,same-source,>20,0.934-0.96
R-0166,within:pcb-defect|NEAR_DUPLICATE|no-split|same-group,pcb-defect,pcb-defect,PCB_Defect/images/pcb_defect_067.jpg,,54.0,54-2,pcb-defect,PCB_Defect/images/pcb_defect_068.jpg,,54.0,54-2,0.952112,10,16,NEAR_DUPLICATE,VSG-near-00519,VSG-family-00553,,,B,MEDIUM,B,MEDIUM,B,MEDIUM,agreed,same board layout incl. pad groups and corner marks; different capture pose; defects differ,0.9521120854889014,0.9700187178077815,True,True,True,False,False,same-source,5-10,0.934-0.96
R-0167,within:pcb-defect|NEAR_DUPLICATE|no-split|same-group,pcb-defect,pcb-defect,PCB_Defect/images/pcb_defect_065.jpg,,54.0,54-1,pcb-defect,PCB_Defect/images/pcb_defect_066.jpg,,54.0,54-1,0.945686,18,28,NEAR_DUPLICATE,VSG-near-00517,VSG-family-00550,,,C,LOW,C,LOW,C,LOW,agreed,possibly the same layout rotated 90 degrees (pad blocks and bundles); uncertain,0.9456857682992836,0.9488047718984043,False,False,True,False,False,same-source,11-20,0.934-0.96
R-0168,within:pcb-defect|NEAR_DUPLICATE|no-split|same-group,pcb-defect,pcb-defect,PCB_Defect/images/pcb_defect_148.jpg,,63.0,63-1,pcb-defect,PCB_Defect/images/pcb_defect_150.jpg,,63.0,63-1,0.944851,24,21,NEAR_DUPLICATE,VSG-near-00510,VSG-family-00550,,,D,HIGH,D,HIGH,D,HIGH,agreed,different bare-board layouts,0.944850607665338,0.9582845818538306,True,False,False,True,False,same-source,>20,0.934-0.96
R-0169,within:pcb-defect|NEAR_DUPLICATE|no-split|same-group,pcb-defect,pcb-defect,PCB_Defect/images/pcb_defect_176.jpg,,65.0,65-1,pcb-defect,PCB_Defect/images/pcb_defect_179.jpg,,65.0,65-1,0.941673,32,24,NEAR_DUPLICATE,VSG-near-00510,VSG-family-00550,,,D,HIGH,D,HIGH,D,HIGH,agreed,different bare-board layouts,0.9416731612418217,0.9321357462837725,False,False,False,True,False,same-source,>20,0.934-0.96
R-0170,within:pcb-defect|NEAR_DUPLICATE|no-split|same-group,pcb-defect,pcb-defect,PCB_Defect/images/pcb_defect_177.jpg,,65.0,65-1,pcb-defect,PCB_Defect/images/pcb_defect_179.jpg,,65.0,65-1,0.934834,8,15,NEAR_DUPLICATE,VSG-near-00510,VSG-family-00550,,,B,HIGH,B,HIGH,B,HIGH,agreed,same board layout trace for trace with same capture look,0.9348340635764649,0.9714224555135742,True,True,True,False,False,same-source,5-10,0.934-0.96
R-0171,within:pcb-defect|SAME_FAMILY_OR_SCENE|no-split|other-group,pcb-defect,pcb-defect,PCB_Defect/images/pcb_defect_014.jpg,,51.0,51-1,pcb-defect,PCB_Defect/images/pcb_defect_174.jpg,,65.0,65-1,0.93122,30,27,SAME_FAMILY_OR_SCENE,VSG-near-00510,VSG-family-00550,,,D,HIGH,D,HIGH,D,HIGH,agreed,different bare-board layouts,0.9312195270497159,0.9461614090191155,False,False,False,True,False,same-source,>20,0.918-0.934
R-0172,within:pcb-defect|SAME_FAMILY_OR_SCENE|no-split|other-group,pcb-defect,pcb-defect,PCB_Defect/images/pcb_defect_111.jpg,,60.0,60-1,pcb-defect,PCB_Defect/images/pcb_defect_211.jpg,,68.0,68-2,0.927576,20,27,SAME_FAMILY_OR_SCENE,VSG-near-00510,VSG-family-00550,,,D,HIGH,D,MEDIUM,D,MEDIUM,agreed,different bare-board layouts,0.9275755379251968,0.9063748257387991,False,False,False,True,False,same-source,11-20,0.918-0.934
R-0173,within:pcb-defect|SAME_FAMILY_OR_SCENE|no-split|other-group,pcb-defect,pcb-defect,PCB_Defect/images/pcb_defect_094.jpg,,57.0,57-1,pcb-defect,PCB_Defect/images/pcb_defect_184.jpg,,65.0,65-2,0.922689,28,30,SAME_FAMILY_OR_SCENE,VSG-near-00510,VSG-family-00550,,,D,HIGH,D,HIGH,D,HIGH,agreed,different bare-board layouts,0.9226887858952924,0.9108592300037615,False,False,False,True,False,same-source,>20,0.918-0.934
R-0174,within:pcb-defect|SAME_FAMILY_OR_SCENE|no-split|other-group,pcb-defect,pcb-defect,PCB_Defect/images/pcb_defect_077.jpg,,55.0,55-1,pcb-defect,PCB_Defect/images/pcb_defect_088.jpg,,56.0,56-1,0.921721,22,24,SAME_FAMILY_OR_SCENE,VSG-near-00510,VSG-family-00550,,,D,HIGH,D,HIGH,D,HIGH,agreed,different bare-board layouts,0.9217205940032664,0.9551971646360571,False,False,False,True,False,same-source,>20,0.918-0.934
R-0175,within:pcb-defect|SAME_FAMILY_OR_SCENE|no-split|other-group,pcb-defect,pcb-defect,PCB_Defect/images/pcb_defect_101.jpg,,59.0,59-1,pcb-defect,PCB_Defect/images/pcb_defect_212.jpg,,68.0,68-2,0.920928,42,37,SAME_FAMILY_OR_SCENE,VSG-near-00510,VSG-family-00550,,,D,HIGH,D,HIGH,D,HIGH,agreed,different bare-board layouts,0.9209272130361961,0.9592264260596371,True,False,False,True,False,same-source,>20,0.918-0.934
R-0176,within:pcb-defect|SAME_FAMILY_OR_SCENE|no-split|other-group,pcb-defect,pcb-defect,PCB_Defect/images/pcb_defect_004.jpg,,50.0,50-1,pcb-defect,PCB_Defect/images/pcb_defect_057.jpg,,53.0,53-2,0.920484,28,28,SAME_FAMILY_OR_SCENE,,VSG-family-00550,,,D,HIGH,D,HIGH,D,HIGH,agreed,different bare-board layouts,0.9204844906581838,0.9426047813589806,False,False,False,True,False,same-source,>20,0.918-0.934
R-0177,within:pcb-defect|SAME_FAMILY_OR_SCENE|no-split|other-group,pcb-defect,pcb-defect,PCB_Defect/images/pcb_defect_076.jpg,,55.0,55-1,pcb-defect,PCB_Defect/images/pcb_defect_157.jpg,,63.0,63-2,0.920108,32,29,SAME_FAMILY_OR_SCENE,VSG-near-00510,VSG-family-00550,,,D,HIGH,D,HIGH,D,HIGH,agreed,different bare-board layouts,0.9201081073436778,0.9420837323733855,False,False,False,True,False,same-source,>20,0.918-0.934
R-0178,within:pcb-defect|SAME_FAMILY_OR_SCENE|no-split|other-group,pcb-defect,pcb-defect,PCB_Defect/images/pcb_defect_188.jpg,,66.0,66-1,pcb-defect,PCB_Defect/images/pcb_defect_200.jpg,,67.0,67-1,0.918625,34,30,SAME_FAMILY_OR_SCENE,,VSG-family-00550,,,D,HIGH,D,HIGH,D,HIGH,agreed,different bare-board layouts,0.9186253705022909,0.9431844336459272,False,False,False,True,False,same-source,>20,0.918-0.934
R-0179,within:pcb-defect|SAME_FAMILY_OR_SCENE|no-split|other-group,pcb-defect,pcb-defect,PCB_Defect/images/pcb_defect_121.jpg,,61.0,61-1,pcb-defect,PCB_Defect/images/pcb_defect_224.jpg,,81.0,81-1,0.918457,22,30,SAME_FAMILY_OR_SCENE,VSG-near-00510,VSG-family-00550,,,D,HIGH,D,HIGH,D,HIGH,agreed,different bare-board layouts,0.9184576739378031,0.9520884893964933,False,False,False,True,False,same-source,>20,0.918-0.934
R-0180,within:pcb-defect|SAME_FAMILY_OR_SCENE|no-split|same-group,pcb-defect,pcb-defect,PCB_Defect/images/pcb_defect_148.jpg,,63.0,63-1,pcb-defect,PCB_Defect/images/pcb_defect_149.jpg,,63.0,63-1,0.929968,36,28,SAME_FAMILY_OR_SCENE,VSG-near-00510,VSG-family-00550,,,D,HIGH,D,HIGH,D,HIGH,agreed,different bare-board layouts,0.9299686042551638,0.9547971698419222,False,False,False,True,False,same-source,>20,0.918-0.934
R-0181,within:pcb-defect|SAME_FAMILY_OR_SCENE|no-split|same-group,pcb-defect,pcb-defect,PCB_Defect/images/pcb_defect_141.jpg,,62.0,62-2,pcb-defect,PCB_Defect/images/pcb_defect_145.jpg,,62.0,62-2,0.929556,26,27,SAME_FAMILY_OR_SCENE,VSG-near-00510,VSG-family-00550,,,D,MEDIUM,D,MEDIUM,D,MEDIUM,agreed,different bare-board layouts with similar marker glyphs,0.9295564828057112,0.9575851359514556,False,False,False,True,False,same-source,>20,0.918-0.934
R-0182,within:pcb-defect|SAME_FAMILY_OR_SCENE|no-split|same-group,pcb-defect,pcb-defect,PCB_Defect/images/pcb_defect_159.jpg,,63.0,63-2,pcb-defect,PCB_Defect/images/pcb_defect_160.jpg,,63.0,63-2,0.926881,36,32,SAME_FAMILY_OR_SCENE,VSG-near-00510,VSG-family-00550,,,D,HIGH,D,HIGH,D,HIGH,agreed,different bare-board layouts,0.9268805162209529,0.9365018893950408,False,False,False,True,False,same-source,>20,0.918-0.934
R-0183,within:pcb-defect|SAME_FAMILY_OR_SCENE|no-split|same-group,pcb-defect,pcb-defect,PCB_Defect/images/pcb_defect_146.jpg,,63.0,63-1,pcb-defect,PCB_Defect/images/pcb_defect_160.jpg,,63.0,63-2,0.925302,30,33,SAME_FAMILY_OR_SCENE,VSG-near-00510,VSG-family-00550,,,D,HIGH,D,HIGH,D,HIGH,agreed,different bare-board layouts,0.9253023878543662,0.9150482588122404,False,False,False,True,False,same-source,>20,0.918-0.934
R-0184,within:pcb-defect|SAME_FAMILY_OR_SCENE|no-split|same-group,pcb-defect,pcb-defect,PCB_Defect/images/pcb_defect_146.jpg,,63.0,63-1,pcb-defect,PCB_Defect/images/pcb_defect_161.jpg,,63.0,63-2,0.924264,28,28,SAME_FAMILY_OR_SCENE,VSG-near-00510,VSG-family-00550,,,D,HIGH,D,HIGH,D,HIGH,agreed,different bare-board layouts,0.9242641441109061,0.9473311693177562,False,False,False,True,False,same-source,>20,0.918-0.934
R-0185,within:pcb-defect|SAME_FAMILY_OR_SCENE|no-split|same-group,pcb-defect,pcb-defect,PCB_Defect/images/pcb_defect_058.jpg,,53.0,53-2,pcb-defect,PCB_Defect/images/pcb_defect_059.jpg,,53.0,53-2,0.923757,32,26,SAME_FAMILY_OR_SCENE,VSG-near-00517,VSG-family-00550,,,C,LOW,C,LOW,C,LOW,agreed,possibly the same layout rotated 90 degrees (diagonal bundles and pad blocks); uncertain,0.9237569998422486,0.9006816938235822,False,False,True,False,False,same-source,>20,0.918-0.934
R-0186,within:pcb-defect|SAME_FAMILY_OR_SCENE|no-split|same-group,pcb-defect,pcb-defect,PCB_Defect/images/pcb_defect_049.jpg,,53.0,53-1,pcb-defect,PCB_Defect/images/pcb_defect_053.jpg,,53.0,53-1,0.92013,30,30,SAME_FAMILY_OR_SCENE,,VSG-family-00550,,,D,HIGH,D,HIGH,D,HIGH,agreed,different bare-board layouts,0.92012960716641,0.962694036316496,True,False,False,True,False,same-source,>20,0.918-0.934
R-0187,within:pcb-defect|SAME_FAMILY_OR_SCENE|no-split|same-group,pcb-defect,pcb-defect,PCB_Defect/images/pcb_defect_073.jpg,,55.0,55-1,pcb-defect,PCB_Defect/images/pcb_defect_076.jpg,,55.0,55-1,0.919149,34,31,SAME_FAMILY_OR_SCENE,VSG-near-00510,VSG-family-00550,,,D,HIGH,D,MEDIUM,D,MEDIUM,agreed,different bare-board layouts,0.9191485125975961,0.9717749841955657,True,False,False,True,False,same-source,>20,0.918-0.934
R-0188,within:pcb-defect|SAME_FAMILY_OR_SCENE|no-split|same-group,pcb-defect,pcb-defect,PCB_Defect/images/pcb_defect_022.jpg,,51.0,51-2,pcb-defect,PCB_Defect/images/pcb_defect_023.jpg,,51.0,51-2,0.919072,22,29,SAME_FAMILY_OR_SCENE,,VSG-family-00550,,,D,MEDIUM,D,MEDIUM,D,MEDIUM,agreed,bare boards with copper pour; routing differs,0.9190716249922681,0.941349294038955,False,False,False,True,False,same-source,>20,0.918-0.934
R-0189,within:pcb-ind|BELOW_REVIEW|cross-split|other-group,pcb-ind,pcb-ind,YOLO/images/test/6608_b_004.jpg,test,6608.0,6608_b,pcb-ind,YOLO/images/val/6394_b_009.jpg,val,6394.0,6394_b,0.901403,30,33,BELOW_REVIEW,,,,,D,MEDIUM,D,MEDIUM,D,MEDIUM,agreed,diagonal traces with hole; defects and geometry differ,0.9014035323345799,0.8308174259302772,False,False,False,True,False,same-source,>20,0.85-0.918
R-0190,within:pcb-ind|BELOW_REVIEW|cross-split|other-group,pcb-ind,pcb-ind,YOLO/images/test/6571_b_016.jpg,test,6571.0,6571_b,pcb-ind,YOLO/images/train/6316_b_011.jpg,train,6316.0,6316_b,0.89765,10,15,BELOW_REVIEW,,,,,A,MEDIUM,A,MEDIUM,A,MEDIUM,agreed,same hole and adjacent gap with rim defects at identical positions; near-identical framing,0.8976495731367133,0.8270359687543248,False,True,True,False,False,same-source,5-10,0.85-0.918
R-0191,within:pcb-ind|BELOW_REVIEW|cross-split|other-group,pcb-ind,pcb-ind,YOLO/images/train/6406_b_116.jpg,train,6406.0,6406_b,pcb-ind,YOLO/images/val/6463_b_023.jpg,val,6463.0,6463_b,0.894503,20,18,BELOW_REVIEW,,,,,B,HIGH,B,HIGH,B,HIGH,agreed,"same ring pad, rim defect and adjacent trace bundle; near-identical framing",0.8945031879856704,0.8437092280833816,False,True,True,False,False,same-source,11-20,0.85-0.918
R-0192,within:pcb-ind|BELOW_REVIEW|cross-split|other-group,pcb-ind,pcb-ind,YOLO/images/test/6445_b_004.jpg,test,6445.0,6445_b,pcb-ind,YOLO/images/train/6353_b_004.jpg,train,6353.0,6353_b,0.871655,38,37,BELOW_REVIEW,,,,,D,MEDIUM,D,MEDIUM,D,MEDIUM,agreed,diagonal traces with hole; spacing and defects differ,0.8716548515499632,0.8766963256481051,False,False,False,True,False,same-source,>20,0.85-0.918
R-0193,within:pcb-ind|BELOW_REVIEW|cross-split|other-group,pcb-ind,pcb-ind,YOLO/images/test/6166_b_003.jpg,test,6166.0,6166_b,pcb-ind,YOLO/images/train/6176_b_005.jpg,train,6176.0,6176_b,0.861105,26,37,BELOW_REVIEW,,,,,D,MEDIUM,D,MEDIUM,D,MEDIUM,agreed,similar trace-end features; different layout,0.8611054901834758,0.8344210981413039,False,False,False,True,False,same-source,>20,0.85-0.918
R-0194,within:pcb-ind|BELOW_REVIEW|cross-split|other-group,pcb-ind,pcb-ind,YOLO/images/test/5831_b_004.jpg,test,5831.0,5831_b,pcb-ind,YOLO/images/val/5805_b_004.jpg,val,5805.0,5805_b,0.848808,36,35,BELOW_REVIEW,,,,,D,MEDIUM,D,LOW,D,LOW,agreed,diagonal trace with stain defects; geometry and defect pattern differ,0.8488084798369476,0.7964235806657164,False,False,False,True,False,same-source,>20,<0.85
R-0195,within:pcb-ind|BELOW_REVIEW|cross-split|other-group,pcb-ind,pcb-ind,YOLO/images/train/6486_b_021.jpg,train,6486.0,6486_b,pcb-ind,YOLO/images/val/6448_b_008.jpg,val,6448.0,6448_b,0.794463,30,34,BELOW_REVIEW,,,,,D,MEDIUM,D,MEDIUM,D,MEDIUM,agreed,different trace/hole layouts,0.7944626573452132,0.7949807125992634,False,False,False,True,False,same-source,>20,<0.85
R-0196,within:pcb-ind|BELOW_REVIEW|cross-split|other-group,pcb-ind,pcb-ind,YOLO/images/test/6334_t_136.jpg,test,6334.0,6334_t,pcb-ind,YOLO/images/train/6176_b_012.jpg,train,6176.0,6176_b,0.70026,36,35,BELOW_REVIEW,,,,,D,LOW,D,LOW,D,LOW,agreed,damage blobs on copper; shapes do not correspond,0.700259965539384,0.6007015614281233,False,False,False,True,False,same-source,>20,<0.85
R-0197,within:pcb-ind|BELOW_REVIEW|cross-split|other-group,pcb-ind,pcb-ind,YOLO/images/test/6166_b_002.jpg,test,6166.0,6166_b,pcb-ind,YOLO/images/train/6110_t_002.jpg,train,6110.0,6110_t,0.643476,28,33,BELOW_REVIEW,,,,,D,MEDIUM,D,MEDIUM,D,MEDIUM,agreed,debris on copper pad; pad geometry and debris differ,0.643476267534502,0.6184517138132012,False,False,False,True,False,same-source,>20,<0.85
R-0198,within:pcb-ind|BELOW_REVIEW|cross-split|same-group,pcb-ind,pcb-ind,YOLO/images/train/6594_b_006.jpg,train,6594.0,6594_b,pcb-ind,YOLO/images/val/6594_t_007.jpg,val,6594.0,6594_t,0.916072,28,27,BELOW_REVIEW,,,,,A,MEDIUM,A,MEDIUM,A,MEDIUM,agreed,same slot; image appears horizontally mirrored incl. corner dots and reflection,0.9160722518943206,0.9222728530697417,False,True,True,False,False,same-source,>20,0.85-0.918
R-0199,within:pcb-ind|BELOW_REVIEW|cross-split|same-group,pcb-ind,pcb-ind,YOLO/images/test/6334_t_192.jpg,test,6334.0,6334_t,pcb-ind,YOLO/images/train/6334_b_227.jpg,train,6334.0,6334_b,0.89827,30,28,BELOW_REVIEW,,,,,C,LOW,D,MEDIUM,D,LOW,adjudicated,hole grid with stains; hole spacing similar but stains differ completely,0.8982694800012869,0.8789027288845613,False,False,False,True,False,same-source,>20,0.85-0.918
R-0200,within:pcb-ind|BELOW_REVIEW|cross-split|same-group,pcb-ind,pcb-ind,YOLO/images/test/6334_t_168.jpg,test,6334.0,6334_t,pcb-ind,YOLO/images/train/6334_b_224.jpg,train,6334.0,6334_b,0.865779,32,37,BELOW_REVIEW,,,,,D,MEDIUM,D,LOW,D,LOW,agreed,damaged copper texture; blob shapes do not match,0.8657788732029271,0.7534327042605522,False,False,False,True,False,same-source,>20,0.85-0.918
R-0201,within:pcb-ind|BELOW_REVIEW|cross-split|same-group,pcb-ind,pcb-ind,YOLO/images/test/6334_t_115.jpg,test,6334.0,6334_t,pcb-ind,YOLO/images/train/6334_b_237.jpg,train,6334.0,6334_b,0.796093,28,28,BELOW_REVIEW,,,,,D,LOW,D,LOW,D,LOW,agreed,large dark damage blobs on copper; shapes differ,0.796092330333523,0.7600182897222609,False,False,False,True,False,same-source,>20,<0.85
R-0202,within:pcb-ind|BELOW_REVIEW|cross-split|same-group,pcb-ind,pcb-ind,YOLO/images/test/6334_t_191.jpg,test,6334.0,6334_t,pcb-ind,YOLO/images/train/6334_b_235.jpg,train,6334.0,6334_b,0.785113,28,31,BELOW_REVIEW,,,,,D,MEDIUM,D,LOW,D,LOW,agreed,dark blobs on copper near traces; geometry differs,0.7851130578888218,0.6292295539554864,False,False,False,True,False,same-source,>20,<0.85
R-0203,within:pcb-ind|BELOW_REVIEW|cross-split|same-group,pcb-ind,pcb-ind,YOLO/images/test/6216_t_007.jpg,test,6216.0,6216_t,pcb-ind,YOLO/images/train/6216_b_026.jpg,train,6216.0,6216_b,0.77645,30,32,BELOW_REVIEW,,,,,D,MEDIUM,D,MEDIUM,D,MEDIUM,agreed,traces with edge defects; geometry differs,0.7764496869929889,0.6630895421198504,False,False,False,True,False,same-source,>20,<0.85
R-0204,within:pcb-ind|BELOW_REVIEW|cross-split|same-group,pcb-ind,pcb-ind,YOLO/images/test/6334_t_178.jpg,test,6334.0,6334_t,pcb-ind,YOLO/images/train/6334_b_166.jpg,train,6334.0,6334_b,0.768398,28,33,BELOW_REVIEW,,,,,D,LOW,D,LOW,D,LOW,agreed,heavy damage patterns on copper; structures do not correspond,0.7683984195112284,0.7604737404000657,False,False,False,True,False,same-source,>20,<0.85
R-0205,within:pcb-ind|BELOW_REVIEW|cross-split|same-group,pcb-ind,pcb-ind,YOLO/images/train/6248_b_024.jpg,train,6248.0,6248_b,pcb-ind,YOLO/images/val/6248_t_017.jpg,val,6248.0,6248_t,0.753172,28,25,BELOW_REVIEW,,,,,C,LOW,C,LOW,C,LOW,agreed,ring pad joined to trace with joint defect; framing and damage differ,0.7531721062157606,0.7760492494718021,False,False,True,False,False,same-source,>20,<0.85
R-0206,within:pcb-ind|BELOW_REVIEW|cross-split|same-group,pcb-ind,pcb-ind,YOLO/images/test/6334_t_191.jpg,test,6334.0,6334_t,pcb-ind,YOLO/images/train/6334_b_239.jpg,train,6334.0,6334_b,0.751638,22,23,BELOW_REVIEW,,,,,D,LOW,D,LOW,D,LOW,agreed,dark stains next to diagonal trace; stain shapes differ,0.7516382852282988,0.7235971596223472,False,False,False,True,False,same-source,>20,<0.85
R-0207,within:pcb-ind|BELOW_REVIEW|same-split|other-group,pcb-ind,pcb-ind,YOLO/images/train/6153_b_001.jpg,train,6153.0,6153_b,pcb-ind,YOLO/images/train/6216_b_004.jpg,train,6216.0,6216_b,0.907274,24,29,BELOW_REVIEW,,,,,C,LOW,C,LOW,C,LOW,agreed,same horizontal trace spacing and texture; short defects differ in form,0.9072738914677806,0.8846862784896588,False,False,True,False,False,same-source,>20,0.85-0.918
R-0208,within:pcb-ind|BELOW_REVIEW|same-split|other-group,pcb-ind,pcb-ind,YOLO/images/train/6108_b_018.jpg,train,6108.0,6108_b,pcb-ind,YOLO/images/train/6202_t_002.jpg,train,6202.0,6202_t,0.896491,26,20,BELOW_REVIEW,,,,,D,MEDIUM,D,MEDIUM,D,MEDIUM,agreed,ring pad on black with in-hole defect; defect shapes differ,0.8964912675983805,0.7413519148781301,False,False,False,True,False,same-source,>20,0.85-0.918
R-0209,within:pcb-ind|BELOW_REVIEW|same-split|other-group,pcb-ind,pcb-ind,YOLO/images/train/6233_b_087.jpg,train,6233.0,6233_b,pcb-ind,YOLO/images/train/6296_b_009.jpg,train,6296.0,6296_b,0.891932,32,23,BELOW_REVIEW,,,,,B,LOW,B,LOW,B,LOW,agreed,same pad/trace arrangement with bright defect at same spot in the hole; zoom/shift differs,0.89193219723056,0.9388910591237245,False,True,True,False,False,same-source,>20,0.85-0.918
R-0210,within:pcb-ind|BELOW_REVIEW|same-split|other-group,pcb-ind,pcb-ind,YOLO/images/train/6497_b_018.jpg,train,6497.0,6497_b,pcb-ind,YOLO/images/train/6541_b_009.jpg,train,6541.0,6541_b,0.88848,24,23,BELOW_REVIEW,,,,,D,MEDIUM,B,LOW,B,LOW,adjudicated,same stripe arrangement around wide band with pinhole; brightness differs,0.8884794045361785,0.8177653703307666,False,True,True,False,False,same-source,>20,0.85-0.918
R-0211,within:pcb-ind|BELOW_REVIEW|same-split|other-group,pcb-ind,pcb-ind,YOLO/images/train/6311_b_004.jpg,train,6311.0,6311_b,pcb-ind,YOLO/images/train/6462_b_001.jpg,train,6462.0,6462_b,0.870555,30,18,BELOW_REVIEW,,,,,D,MEDIUM,D,MEDIUM,D,MEDIUM,agreed,diagonal traces; layouts differ (bend and pad only on one side),0.8705549875319505,0.813383023163444,False,False,False,True,False,same-source,>20,0.85-0.918
R-0212,within:pcb-ind|BELOW_REVIEW|same-split|other-group,pcb-ind,pcb-ind,YOLO/images/val/6412_b_008.jpg,val,6412.0,6412_b,pcb-ind,YOLO/images/val/6561_b_013.jpg,val,6561.0,6561_b,0.840088,30,36,BELOW_REVIEW,,,,,D,MEDIUM,D,MEDIUM,D,MEDIUM,agreed,different trace/pad layouts,0.8400886566734961,0.788760066374351,False,False,False,True,False,same-source,>20,<0.85
R-0213,within:pcb-ind|BELOW_REVIEW|same-split|other-group,pcb-ind,pcb-ind,YOLO/images/train/6353_b_009.jpg,train,6353.0,6353_b,pcb-ind,YOLO/images/train/6509_b_005.jpg,train,6509.0,6509_b,0.817639,34,35,BELOW_REVIEW,,,,,D,MEDIUM,D,MEDIUM,D,MEDIUM,agreed,different ring-pad/trace layouts,0.8176387856710329,0.856530545017486,False,False,False,True,False,same-source,>20,<0.85
R-0214,within:pcb-ind|BELOW_REVIEW|same-split|other-group,pcb-ind,pcb-ind,YOLO/images/train/6240_b_019.jpg,train,6240.0,6240_b,pcb-ind,YOLO/images/train/6583_b_014.jpg,train,6583.0,6583_b,0.812089,30,30,BELOW_REVIEW,,,,,D,MEDIUM,E,MEDIUM,E,MEDIUM,adjudicated,different pad/trace layouts and defects,0.8120891548855257,0.6777039269009921,False,False,False,True,False,same-source,>20,<0.85
R-0215,within:pcb-ind|BELOW_REVIEW|same-split|other-group,pcb-ind,pcb-ind,YOLO/images/train/6334_b_249.jpg,train,6334.0,6334_b,pcb-ind,YOLO/images/train/6406_b_094.jpg,train,6406.0,6406_b,0.798939,36,34,BELOW_REVIEW,,,,,A,LOW,A,LOW,A,LOW,agreed,heavily stained area with hole appears horizontally mirrored; details only partly verifiable,0.7989393199802054,0.6728066358251832,False,True,True,False,False,same-source,>20,<0.85
R-0216,within:pcb-ind|BELOW_REVIEW|same-split|same-group,pcb-ind,pcb-ind,YOLO/images/train/6225_b_174.jpg,train,6225.0,6225_b,pcb-ind,YOLO/images/train/6225_b_215.jpg,train,6225.0,6225_b,0.882225,12,13,BELOW_REVIEW,,,,,E,MEDIUM,D,MEDIUM,D,MEDIUM,adjudicated,copper blobs on dark; shapes differ,0.8822247860734089,0.6449867690963441,False,False,False,True,False,same-source,11-20,0.85-0.918
R-0217,within:pcb-ind|BELOW_REVIEW|same-split|same-group,pcb-ind,pcb-ind,YOLO/images/train/6578_b_019.jpg,train,6578.0,6578_b,pcb-ind,YOLO/images/train/6578_b_067.jpg,train,6578.0,6578_b,0.872114,36,40,BELOW_REVIEW,,,,,A,LOW,A,LOW,A,LOW,agreed,textured strip plus via/trace pattern appear horizontally mirrored; uncertain,0.8721146532830022,0.7743977805781292,False,True,True,False,False,same-source,>20,0.85-0.918
R-0218,within:pcb-ind|BELOW_REVIEW|same-split|same-group,pcb-ind,pcb-ind,YOLO/images/train/6329_b_070.jpg,train,6329.0,6329_b,pcb-ind,YOLO/images/train/6329_b_079.jpg,train,6329.0,6329_b,0.867464,24,24,BELOW_REVIEW,,,,,D,LOW,D,LOW,D,LOW,agreed,stained copper; stain patterns do not correspond,0.8674636655748699,0.8154515009362806,False,False,False,True,False,same-source,>20,0.85-0.918
R-0219,within:pcb-ind|BELOW_REVIEW|same-split|same-group,pcb-ind,pcb-ind,YOLO/images/train/6334_b_223.jpg,train,6334.0,6334_b,pcb-ind,YOLO/images/train/6334_b_225.jpg,train,6334.0,6334_b,0.859497,24,26,BELOW_REVIEW,,,,,D,LOW,D,LOW,D,LOW,agreed,dark damage blobs; shapes do not correspond,0.8594965414773295,0.816622024694898,False,False,False,True,False,same-source,>20,0.85-0.918
R-0220,within:pcb-ind|BELOW_REVIEW|same-split|same-group,pcb-ind,pcb-ind,YOLO/images/train/6189_t_001.jpg,train,6189.0,6189_t,pcb-ind,YOLO/images/train/6189_t_002.jpg,train,6189.0,6189_t,0.858473,36,31,BELOW_REVIEW,,,,,D,MEDIUM,D,MEDIUM,D,MEDIUM,agreed,dim diagonal traces; geometry differs,0.8584731749947192,0.7955368287423563,False,False,False,True,False,same-source,>20,0.85-0.918
R-0221,within:pcb-ind|BELOW_REVIEW|same-split|same-group,pcb-ind,pcb-ind,YOLO/images/test/6334_t_113.jpg,test,6334.0,6334_t,pcb-ind,YOLO/images/test/6334_t_172.jpg,test,6334.0,6334_t,0.857614,30,41,BELOW_REVIEW,,,,,D,LOW,D,LOW,D,LOW,agreed,heavy damage textures; structures do not correspond,0.8576140209444051,0.7441146708504236,False,False,False,True,False,same-source,>20,0.85-0.918
R-0222,within:pcb-ind|BELOW_REVIEW|same-split|same-group,pcb-ind,pcb-ind,YOLO/images/train/6406_b_017.jpg,train,6406.0,6406_b,pcb-ind,YOLO/images/train/6406_b_128.jpg,train,6406.0,6406_b,0.848051,32,29,BELOW_REVIEW,,,,,F,LOW,D,LOW,F,LOW,adjudicated,irregular copper patches on dark; possible shifted correspondence not verifiable,0.8480513767063121,0.7943329004073445,False,False,False,False,True,same-source,>20,<0.85
R-0223,within:pcb-ind|BELOW_REVIEW|same-split|same-group,pcb-ind,pcb-ind,YOLO/images/val/6581_b_066.jpg,val,6581.0,6581_b,pcb-ind,YOLO/images/val/6581_b_070.jpg,val,6581.0,6581_b,0.842536,28,29,BELOW_REVIEW,,,,,B,HIGH,B,HIGH,B,HIGH,agreed,same textured damaged surface with matching hole and streaks; shifted crop,0.8425359315501979,0.8150173081334477,False,True,True,False,False,same-source,>20,<0.85
R-0224,within:pcb-ind|BELOW_REVIEW|same-split|same-group,pcb-ind,pcb-ind,YOLO/images/test/6108_t_014.jpg,test,6108.0,6108_t,pcb-ind,YOLO/images/test/6108_t_017.jpg,test,6108.0,6108_t,0.773392,20,32,BELOW_REVIEW,,,,,A,LOW,A,LOW,A,LOW,agreed,trace bend with edge sliver appears rotated 180 degrees; correspondence plausible but uncertain,0.7733923073640596,0.6914773745292683,False,True,True,False,False,same-source,11-20,<0.85
R-0225,within:pcb-ind|NEAR_DUPLICATE|cross-split|other-group,pcb-ind,pcb-ind,YOLO/images/train/6374_b_003.jpg,train,6374.0,6374_b,pcb-ind,YOLO/images/val/6534_b_001.jpg,val,6534.0,6534_b,0.961066,4,2,NEAR_DUPLICATE,VSG-near-00672,VSG-family-00716,,,A,HIGH,A,HIGH,A,HIGH,agreed,same chevron copper and via grid; near-identical framing,0.9610660336908717,0.9442097239253703,False,True,True,False,False,same-source,0-4,>=0.96
R-0226,within:pcb-ind|NEAR_DUPLICATE|cross-split|other-group,pcb-ind,pcb-ind,YOLO/images/train/6275_t_003.jpg,train,6275.0,6275_t,pcb-ind,YOLO/images/val/6169_t_002.jpg,val,6169.0,6169_t,0.95967,30,26,NEAR_DUPLICATE,VSG-near-00543,VSG-family-00569,,,D,MEDIUM,D,MEDIUM,D,MEDIUM,agreed,ring pad on black with in-hole defect; defect shapes differ,0.9596702039457916,0.9206462502313104,False,False,False,True,False,same-source,>20,0.934-0.96
R-0227,within:pcb-ind|NEAR_DUPLICATE|cross-split|other-group,pcb-ind,pcb-ind,YOLO/images/train/6343_t_012.jpg,train,6343.0,6343_t,pcb-ind,YOLO/images/val/6317_t_009.jpg,val,6317.0,6317_t,0.946907,2,25,NEAR_DUPLICATE,VSG-near-00548,VSG-family-00563,,,B,LOW,D,MEDIUM,F,LOW,adjudicated,"hole with similar burr at same position; texture differs; generic feature, cannot decide",0.9469062312446965,0.8583343156838349,False,False,False,False,True,same-source,0-4,0.934-0.96
R-0228,within:pcb-ind|NEAR_DUPLICATE|cross-split|other-group,pcb-ind,pcb-ind,YOLO/images/train/6540_b_001.jpg,train,6540.0,6540_b,pcb-ind,YOLO/images/val/6487_b_001.jpg,val,6487.0,6487_b,0.946877,28,31,NEAR_DUPLICATE,VSG-near-00538,VSG-family-00014,,,C,LOW,C,LOW,C,LOW,agreed,similar pad-and-trace-fan arrangement at similar offsets; correspondence uncertain,0.946876261315486,0.9313394177991581,False,False,True,False,False,same-source,>20,0.934-0.96
R-0229,within:pcb-ind|NEAR_DUPLICATE|cross-split|other-group,pcb-ind,pcb-ind,YOLO/images/test/6333_t_005.jpg,test,6333.0,6333_t,pcb-ind,YOLO/images/train/6381_b_010.jpg,train,6381.0,6381_b,0.945563,30,32,NEAR_DUPLICATE,VSG-near-00537,VSG-family-00563,,,D,MEDIUM,D,MEDIUM,D,MEDIUM,agreed,hole grids with burrs; spacing and arrangement differ,0.9455639296566583,0.9573710277248924,False,False,False,True,False,same-source,>20,0.934-0.96
R-0230,within:pcb-ind|NEAR_DUPLICATE|cross-split|other-group,pcb-ind,pcb-ind,YOLO/images/test/6608_b_010.jpg,test,6608.0,6608_b,pcb-ind,YOLO/images/train/6220_t_017.jpg,train,6220.0,6220_t,0.942562,30,31,NEAR_DUPLICATE,VSG-near-00554,VSG-family-00013,,,D,MEDIUM,D,MEDIUM,D,MEDIUM,agreed,horizontal stripes with small defect; spacing differs,0.9425619434934391,0.8404578585367102,False,False,False,True,False,same-source,>20,0.934-0.96
R-0231,within:pcb-ind|NEAR_DUPLICATE|cross-split|other-group,pcb-ind,pcb-ind,YOLO/images/test/6101_b_032.jpg,test,6101.0,6101_b,pcb-ind,YOLO/images/train/6120_b_008.jpg,train,6120.0,6120_b,0.941844,18,11,NEAR_DUPLICATE,VSG-near-00541,VSG-family-00567,,,C,MEDIUM,C,MEDIUM,C,MEDIUM,agreed,same dog-bone pad-array design with in-hole defect; framing and highlights differ,0.9418442950868162,0.9325973292034944,False,False,True,False,False,same-source,11-20,0.934-0.96
R-0232,within:pcb-ind|NEAR_DUPLICATE|cross-split|other-group,pcb-ind,pcb-ind,YOLO/images/test/6187_b_001.jpg,test,6187.0,6187_b,pcb-ind,YOLO/images/train/5807_b_004.jpg,train,5807.0,5807_b,0.938229,24,0,NEAR_DUPLICATE,VSG-near-00036,VSG-family-00016,,,D,MEDIUM,C,LOW,C,LOW,adjudicated,same stripe pitch and colour with pinhole at similar place; defect size differs,0.9382288217619624,0.9081695215605067,False,False,True,False,False,same-source,>20,0.934-0.96
R-0233,within:pcb-ind|NEAR_DUPLICATE|cross-split|other-group,pcb-ind,pcb-ind,YOLO/images/test/6581_t_018.jpg,test,6581.0,6581_t,pcb-ind,YOLO/images/train/6482_t_005.jpg,train,6482.0,6482_t,0.935671,34,33,NEAR_DUPLICATE,VSG-near-00548,VSG-family-00563,,,D,MEDIUM,D,MEDIUM,D,MEDIUM,agreed,generic hole defects; shapes differ,0.935671177949522,0.8783234229262773,False,False,False,True,False,same-source,>20,0.934-0.96
R-0234,within:pcb-ind|NEAR_DUPLICATE|same-split|other-group,pcb-ind,pcb-ind,YOLO/images/train/6347_b_005.jpg,train,6347.0,6347_b,pcb-ind,YOLO/images/train/6450_b_012.jpg,train,6450.0,6450_b,0.947931,24,19,NEAR_DUPLICATE,VSG-near-00554,VSG-family-00013,,,B,MEDIUM,B,MEDIUM,B,MEDIUM,agreed,same stripe arrangement around wide band with pinhole at same spot; brightness and framing differ,0.9479310831779474,0.7977026101563862,False,True,True,False,False,same-source,>20,0.934-0.96
R-0235,within:pcb-ind|NEAR_DUPLICATE|same-split|other-group,pcb-ind,pcb-ind,YOLO/images/val/6469_b_006.jpg,val,6469.0,6469_b,pcb-ind,YOLO/images/val/6534_b_002.jpg,val,6534.0,6534_b,0.945906,38,39,NEAR_DUPLICATE,VSG-near-00036,VSG-family-00016,,,D,MEDIUM,D,MEDIUM,D,MEDIUM,agreed,dense parallel traces; defect types differ,0.94590635622118,0.7382811303138248,False,False,False,True,False,same-source,>20,0.934-0.96
R-0236,within:pcb-ind|NEAR_DUPLICATE|same-split|other-group,pcb-ind,pcb-ind,YOLO/images/train/6600_b_016.jpg,train,6600.0,6600_b,pcb-ind,YOLO/images/train/6631_b_012.jpg,train,6631.0,6631_b,0.945614,14,25,NEAR_DUPLICATE,VSG-near-00688,VSG-family-00563,,,D,MEDIUM,B,LOW,D,LOW,adjudicated,generic hole with small burr on same copper tone,0.9456142113402144,0.9021770647216744,False,False,False,True,False,same-source,11-20,0.934-0.96
R-0237,within:pcb-ind|NEAR_DUPLICATE|same-split|other-group,pcb-ind,pcb-ind,YOLO/images/train/5812_b_020.jpg,train,5812.0,5812_b,pcb-ind,YOLO/images/train/5830_b_042.jpg,train,5830.0,5830_b,0.944704,12,22,NEAR_DUPLICATE,VSG-near-00535,VSG-family-00561,,,B,HIGH,B,HIGH,B,HIGH,agreed,same ring pad and same ring defect; small crop shift,0.9447036068312948,0.915187184024313,False,True,True,False,False,same-source,11-20,0.934-0.96
R-0238,within:pcb-ind|NEAR_DUPLICATE|same-split|other-group,pcb-ind,pcb-ind,YOLO/images/train/6314_b_005.jpg,train,6314.0,6314_b,pcb-ind,YOLO/images/train/6470_b_018.jpg,train,6470.0,6470_b,0.94272,26,41,NEAR_DUPLICATE,VSG-near-00563,VSG-family-00009,,,C,MEDIUM,C,MEDIUM,C,MEDIUM,agreed,same bent trace bundle geometry; defects differ (spur vs bridge),0.9427204152891445,0.9335930438514606,False,False,True,False,False,same-source,>20,0.934-0.96
R-0239,within:pcb-ind|NEAR_DUPLICATE|same-split|other-group,pcb-ind,pcb-ind,YOLO/images/train/6477_t_004.jpg,train,6477.0,6477_t,pcb-ind,YOLO/images/train/6483_t_010.jpg,train,6483.0,6483_t,0.940078,34,28,NEAR_DUPLICATE,VSG-near-00568,VSG-family-00563,,,D,MEDIUM,D,MEDIUM,D,MEDIUM,agreed,generic hole defect on different copper tones,0.9400787083921078,0.9201686129184374,False,False,False,True,False,same-source,>20,0.934-0.96
R-0240,within:pcb-ind|NEAR_DUPLICATE|same-split|other-group,pcb-ind,pcb-ind,YOLO/images/train/6579_b_003.jpg,train,6579.0,6579_b,pcb-ind,YOLO/images/train/6652_b_019.jpg,train,6652.0,6652_b,0.939962,28,24,NEAR_DUPLICATE,VSG-near-00036,VSG-family-00016,,,C,MEDIUM,C,MEDIUM,C,MEDIUM,agreed,same trace arrangement with pinhole at similar spot; defect size differs,0.9399625365306581,0.8909848945618661,False,False,True,False,False,same-source,>20,0.934-0.96
R-0241,within:pcb-ind|NEAR_DUPLICATE|same-split|other-group,pcb-ind,pcb-ind,YOLO/images/train/6202_b_001.jpg,train,6202.0,6202_b,pcb-ind,YOLO/images/train/6535_b_008.jpg,train,6535.0,6535_b,0.935183,26,30,NEAR_DUPLICATE,VSG-near-00547,VSG-family-00009,,,D,MEDIUM,C,MEDIUM,C,LOW,adjudicated,bent trace bundle with similar geometry; defects differ,0.9351836892965766,0.867385984158513,False,False,True,False,False,same-source,>20,0.934-0.96
R-0242,within:pcb-ind|NEAR_DUPLICATE|same-split|other-group,pcb-ind,pcb-ind,YOLO/images/train/5811_b_004.jpg,train,5811.0,5811_b,pcb-ind,YOLO/images/train/5813_b_008.jpg,train,5813.0,5813_b,0.934291,12,6,NEAR_DUPLICATE,VSG-near-00601,VSG-family-00638,,,A,MEDIUM,A,MEDIUM,A,MEDIUM,agreed,same notched copper corner and edge profile; near-identical framing,0.9342911223107565,0.8695057263872339,False,True,True,False,False,same-source,11-20,0.934-0.96
R-0243,within:pcb-ind|NEAR_DUPLICATE|same-split|same-group,pcb-ind,pcb-ind,YOLO/images/val/6629_b_006.jpg,val,6629.0,6629_b,pcb-ind,YOLO/images/val/6629_b_012.jpg,val,6629.0,6629_b,0.983083,8,9,NEAR_DUPLICATE,VSG-near-00748,VSG-family-00787,,,A,HIGH,A,HIGH,A,HIGH,agreed,same diagonal traces with debris at identical positions; near-identical,0.9830833613176327,0.9866091229770524,True,True,True,False,False,same-source,5-10,>=0.96
R-0244,within:pcb-ind|NEAR_DUPLICATE|same-split|same-group,pcb-ind,pcb-ind,YOLO/images/train/5830_b_043.jpg,train,5830.0,5830_b,pcb-ind,YOLO/images/train/5830_b_048.jpg,train,5830.0,5830_b,0.962207,20,30,NEAR_DUPLICATE,VSG-near-00535,VSG-family-00561,,,B,HIGH,B,HIGH,B,HIGH,agreed,same ring pad and trace with same ring irregularity; shifted crop,0.9622066873343526,0.8851541403990457,False,True,True,False,False,same-source,11-20,>=0.96
R-0245,within:pcb-ind|NEAR_DUPLICATE|same-split|same-group,pcb-ind,pcb-ind,YOLO/images/train/6142_t_001.jpg,train,6142.0,6142_t,pcb-ind,YOLO/images/train/6142_t_005.jpg,train,6142.0,6142_t,0.952502,38,29,NEAR_DUPLICATE,VSG-near-00624,VSG-family-00664,,,B,HIGH,A,MEDIUM,A,MEDIUM,adjudicated,same damaged spur and gap pattern; near-identical,0.9525022625146886,0.9472635885959273,False,True,True,False,False,same-source,>20,0.934-0.96
R-0246,within:pcb-ind|NEAR_DUPLICATE|same-split|same-group,pcb-ind,pcb-ind,YOLO/images/train/6254_b_025.jpg,train,6254.0,6254_b,pcb-ind,YOLO/images/train/6254_b_026.jpg,train,6254.0,6254_b,0.945827,32,27,NEAR_DUPLICATE,VSG-near-00645,VSG-family-00567,,,B,MEDIUM,B,MEDIUM,B,MEDIUM,agreed,same pad array with dash-shaped defect at matching offset from a ring; shifted crop,0.9458271169979391,0.8652574022892809,False,True,True,False,False,same-source,>20,0.934-0.96
R-0247,within:pcb-ind|NEAR_DUPLICATE|same-split|same-group,pcb-ind,pcb-ind,YOLO/images/test/6637_b_006.jpg,test,6637.0,6637_b,pcb-ind,YOLO/images/test/6637_b_010.jpg,test,6637.0,6637_b,0.942295,36,24,NEAR_DUPLICATE,VSG-near-00576,VSG-family-00603,,,B,HIGH,B,HIGH,B,HIGH,agreed,same parallel traces with identical bridge defects at matching positions; shifted crop,0.9422947552828052,0.9575722566188714,False,True,True,False,False,same-source,>20,0.934-0.96
R-0248,within:pcb-ind|NEAR_DUPLICATE|same-split|same-group,pcb-ind,pcb-ind,YOLO/images/train/6578_b_015.jpg,train,6578.0,6578_b,pcb-ind,YOLO/images/train/6578_b_016.jpg,train,6578.0,6578_b,0.939472,32,34,NEAR_DUPLICATE,VSG-near-00715,VSG-family-00756,,,D,MEDIUM,C,LOW,F,LOW,adjudicated,textured dark board with holes; correspondence cannot be established,0.9394723146330582,0.9116193670743504,False,False,False,False,True,same-source,>20,0.934-0.96
R-0249,within:pcb-ind|NEAR_DUPLICATE|same-split|same-group,pcb-ind,pcb-ind,YOLO/images/train/5802_t_153.jpg,train,5802.0,5802_t,pcb-ind,YOLO/images/train/5802_t_204.jpg,train,5802.0,5802_t,0.938561,22,21,NEAR_DUPLICATE,VSG-near-00582,VSG-family-00611,,,B,MEDIUM,C,LOW,C,LOW,adjudicated,same thermal pad type; rim defects only partly correspond,0.9385614106720339,0.9186457239189803,False,False,True,False,False,same-source,>20,0.934-0.96
R-0250,within:pcb-ind|NEAR_DUPLICATE|same-split|same-group,pcb-ind,pcb-ind,YOLO/images/train/5802_t_038.jpg,train,5802.0,5802_t,pcb-ind,YOLO/images/train/5802_t_067.jpg,train,5802.0,5802_t,0.935537,26,32,NEAR_DUPLICATE,VSG-near-00582,VSG-family-00611,,,A,LOW,C,LOW,C,LOW,adjudicated,same thermal pad type; in-hole defects at mirror-consistent positions but symmetric pad prevents confirming a mirrored copy,0.9355368680245135,0.9194813759366789,False,False,True,False,False,same-source,>20,0.934-0.96
R-0251,within:pcb-ind|NEAR_DUPLICATE|same-split|same-group,pcb-ind,pcb-ind,YOLO/images/train/5802_b_048.jpg,train,5802.0,5802_b,pcb-ind,YOLO/images/train/5802_t_158.jpg,train,5802.0,5802_t,0.934948,28,23,NEAR_DUPLICATE,VSG-near-00582,VSG-family-00611,,,C,LOW,C,LOW,C,LOW,agreed,same thermal-relief pad type; in-hole defects differ; possibly mirrored,0.9349479921802224,0.9154545537334043,False,False,True,False,False,same-source,>20,0.934-0.96
R-0252,within:pcb-ind|REVIEW_REQUIRED|cross-split|other-group,pcb-ind,pcb-ind,YOLO/images/train/6644_b_001.jpg,train,6644.0,6644_b,pcb-ind,YOLO/images/val/6561_b_001.jpg,val,6561.0,6561_b,0.910853,0,3,REVIEW_REQUIRED,,VSG-family-00716,,,B,MEDIUM,B,MEDIUM,B,MEDIUM,agreed,same chevron copper and via-grid geometry; brightness and framing differ,0.910853324327745,0.8848102128360744,False,True,True,False,False,same-source,0-4,0.85-0.918
R-0253,within:pcb-ind|REVIEW_REQUIRED|cross-split|other-group,pcb-ind,pcb-ind,YOLO/images/test/6503_t_011.jpg,test,6503.0,6503_t,pcb-ind,YOLO/images/train/6376_t_002.jpg,train,6376.0,6376_t,0.865682,2,26,REVIEW_REQUIRED,,VSG-family-00563,,,D,MEDIUM,D,MEDIUM,D,MEDIUM,agreed,generic drilled hole with burr; burr shapes differ,0.8656824369634906,0.8117363183939226,False,False,False,True,False,same-source,0-4,0.85-0.918
R-0254,within:pcb-ind|REVIEW_REQUIRED|cross-split|other-group,pcb-ind,pcb-ind,YOLO/images/train/6611_b_024.jpg,train,6611.0,6611_b,pcb-ind,YOLO/images/val/6322_t_004.jpg,val,6322.0,6322_t,0.855651,4,18,REVIEW_REQUIRED,,,,,D,MEDIUM,D,MEDIUM,D,MEDIUM,agreed,generic drilled hole with small burr; shapes differ,0.8556506424003977,0.8263970892386907,False,False,False,True,False,same-source,0-4,0.85-0.918
R-0255,within:pcb-ind|REVIEW_REQUIRED|cross-split|other-group,pcb-ind,pcb-ind,YOLO/images/test/6330_t_002.jpg,test,6330.0,6330_t,pcb-ind,YOLO/images/train/6482_t_005.jpg,train,6482.0,6482_t,0.845243,0,33,REVIEW_REQUIRED,VSG-near-00548,VSG-family-00563,,,D,MEDIUM,D,MEDIUM,D,MEDIUM,agreed,generic hole with burr on different copper tones,0.8452428569909834,0.748329729267643,False,False,False,True,False,same-source,0-4,<0.85
R-0256,within:pcb-ind|REVIEW_REQUIRED|cross-split|other-group,pcb-ind,pcb-ind,YOLO/images/test/6330_t_002.jpg,test,6330.0,6330_t,pcb-ind,YOLO/images/train/6652_t_009.jpg,train,6652.0,6652_t,0.768354,0,26,REVIEW_REQUIRED,,VSG-family-00563,,,D,MEDIUM,D,MEDIUM,D,MEDIUM,agreed,generic hole with burr on different copper tones,0.7683536411804679,0.7620913449279314,False,False,False,True,False,same-source,0-4,<0.85
R-0257,within:pcb-ind|REVIEW_REQUIRED|cross-split|other-group,pcb-ind,pcb-ind,YOLO/images/train/6364_t_002.jpg,train,6364.0,6364_t,pcb-ind,YOLO/images/val/5913_b_032.jpg,val,5913.0,5913_b,0.766547,4,23,REVIEW_REQUIRED,,,,,D,MEDIUM,D,MEDIUM,D,MEDIUM,agreed,generic hole with burr on different copper tones,0.7665466789879759,0.7050257240433262,False,False,False,True,False,same-source,0-4,<0.85
R-0258,within:pcb-ind|REVIEW_REQUIRED|cross-split|other-group,pcb-ind,pcb-ind,YOLO/images/test/5810_t_002.jpg,test,5810.0,5810_t,pcb-ind,YOLO/images/train/5802_t_164.jpg,train,5802.0,5802_t,0.723483,4,14,REVIEW_REQUIRED,,,,,C,LOW,C,LOW,C,LOW,agreed,same copper corner type; edge profile and framing differ,0.7234829303576484,0.5546133510818272,False,False,True,False,False,same-source,0-4,<0.85
R-0259,within:pcb-ind|REVIEW_REQUIRED|cross-split|other-group,pcb-ind,pcb-ind,YOLO/images/train/6616_b_019.jpg,train,6616.0,6616_b,pcb-ind,YOLO/images/val/6463_b_021.jpg,val,6463.0,6463_b,0.705085,4,26,REVIEW_REQUIRED,,,,,B,MEDIUM,B,MEDIUM,B,MEDIUM,agreed,same large hole edge with rim damage at matching position; brightness differs,0.7050851820728627,0.6813301848182369,False,True,True,False,False,same-source,0-4,<0.85
R-0260,within:pcb-ind|REVIEW_REQUIRED|cross-split|other-group,pcb-ind,pcb-ind,YOLO/images/train/6417_t_006.jpg,train,6417.0,6417_t,pcb-ind,YOLO/images/val/6635_t_011.jpg,val,6635.0,6635_t,0.59888,4,27,REVIEW_REQUIRED,,,,,D,MEDIUM,D,MEDIUM,D,MEDIUM,agreed,generic hole defect on different copper tones,0.598880418567619,0.7516926086123101,False,False,False,True,False,same-source,0-4,<0.85
R-0261,within:pcb-ind|REVIEW_REQUIRED|same-split|other-group,pcb-ind,pcb-ind,YOLO/images/train/6276_b_004.jpg,train,6276.0,6276_b,pcb-ind,YOLO/images/train/6376_t_002.jpg,train,6376.0,6376_t,0.907459,0,25,REVIEW_REQUIRED,VSG-near-00548,VSG-family-00563,,,D,MEDIUM,D,MEDIUM,D,MEDIUM,agreed,generic hole with burr; burr shapes differ,0.9074589161765143,0.8448648867111319,False,False,False,True,False,same-source,0-4,0.85-0.918
R-0262,within:pcb-ind|REVIEW_REQUIRED|same-split|other-group,pcb-ind,pcb-ind,YOLO/images/train/6233_b_086.jpg,train,6233.0,6233_b,pcb-ind,YOLO/images/train/6342_t_005.jpg,train,6342.0,6342_t,0.818435,4,39,REVIEW_REQUIRED,,,,,D,MEDIUM,D,MEDIUM,D,MEDIUM,agreed,generic hole with burr; framing and tone differ,0.8184351444272429,0.7269019502665538,False,False,False,True,False,same-source,0-4,<0.85
R-0263,within:pcb-ind|REVIEW_REQUIRED|same-split|other-group,pcb-ind,pcb-ind,YOLO/images/train/5808_b_011.jpg,train,5808.0,5808_b,pcb-ind,YOLO/images/train/5811_b_003.jpg,train,5811.0,5811_b,0.794611,0,11,REVIEW_REQUIRED,,,,,A,MEDIUM,A,MEDIUM,A,MEDIUM,agreed,same notched copper corner and edge profile; near-identical framing,0.7946108964422522,0.8568058889833471,False,True,True,False,False,same-source,0-4,<0.85
R-0264,within:pcb-ind|REVIEW_REQUIRED|same-split|other-group,pcb-ind,pcb-ind,YOLO/images/train/6622_b_015.jpg,train,6622.0,6622_b,pcb-ind,YOLO/images/train/6648_b_014.jpg,train,6648.0,6648_b,0.763938,4,13,REVIEW_REQUIRED,,,,,B,MEDIUM,B,MEDIUM,B,MEDIUM,agreed,same hole edge with rim nick at the same relative spot; brightness differs,0.7639382270423623,0.760886896700226,False,True,True,False,False,same-source,0-4,<0.85
R-0265,within:pcb-ind|REVIEW_REQUIRED|same-split|other-group,pcb-ind,pcb-ind,YOLO/images/train/6433_b_014.jpg,train,6433.0,6433_b,pcb-ind,YOLO/images/train/6538_b_021.jpg,train,6538.0,6538_b,0.744349,4,19,REVIEW_REQUIRED,,,,,D,LOW,C,LOW,C,LOW,adjudicated,hole edge with defect at similar spot; tone and framing differ,0.7443485548100903,0.7166091591279399,False,False,True,False,False,same-source,0-4,<0.85
R-0266,within:pcb-ind|REVIEW_REQUIRED|same-split|other-group,pcb-ind,pcb-ind,YOLO/images/train/5805_t_005.jpg,train,5805.0,5805_t,pcb-ind,YOLO/images/train/5809_t_040.jpg,train,5809.0,5809_t,0.721928,4,13,REVIEW_REQUIRED,,,,,C,LOW,C,LOW,C,LOW,agreed,same corner geometry and framing; different defect notch shapes,0.7219278732414238,0.5834424401156744,False,False,True,False,False,same-source,0-4,<0.85
R-0267,within:pcb-ind|REVIEW_REQUIRED|same-split|other-group,pcb-ind,pcb-ind,YOLO/images/train/5802_t_130.jpg,train,5802.0,5802_t,pcb-ind,YOLO/images/train/5805_t_005.jpg,train,5805.0,5805_t,0.691749,2,22,REVIEW_REQUIRED,,,,,C,LOW,C,LOW,C,LOW,agreed,same corner geometry and framing; one image very dark,0.6917494278581134,0.5115118287339571,False,False,True,False,False,same-source,0-4,<0.85
R-0268,within:pcb-ind|REVIEW_REQUIRED|same-split|other-group,pcb-ind,pcb-ind,YOLO/images/train/6219_t_048.jpg,train,6219.0,6219_t,pcb-ind,YOLO/images/train/6240_b_018.jpg,train,6240.0,6240_b,0.654475,2,21,REVIEW_REQUIRED,,,,,D,MEDIUM,D,MEDIUM,D,MEDIUM,agreed,copper blobs on dark; shapes differ,0.654474554468844,0.6156854446014204,False,False,False,True,False,same-source,0-4,<0.85
R-0269,within:pcb-ind|REVIEW_REQUIRED|same-split|same-group,pcb-ind,pcb-ind,YOLO/images/train/5803_b_016.jpg,train,5803.0,5803_b,pcb-ind,YOLO/images/train/5803_b_017.jpg,train,5803.0,5803_b,0.915181,4,5,REVIEW_REQUIRED,,,,,A,MEDIUM,A,MEDIUM,A,MEDIUM,agreed,same wavy copper corner with identical rim highlight; near-identical framing,0.9151808894726705,0.8724740987620686,False,True,True,False,False,same-source,0-4,0.85-0.918
R-0270,within:pcb-ind|REVIEW_REQUIRED|same-split|same-group,pcb-ind,pcb-ind,YOLO/images/train/5802_b_044.jpg,train,5802.0,5802_b,pcb-ind,YOLO/images/train/5802_b_058.jpg,train,5802.0,5802_b,0.876428,4,5,REVIEW_REQUIRED,,,,,B,LOW,A,MEDIUM,A,MEDIUM,adjudicated,same dim notched corner with identical notch,0.8764279906352727,0.8481220205245931,False,True,True,False,False,same-source,0-4,0.85-0.918
R-0271,within:pcb-ind|REVIEW_REQUIRED|same-split|same-group,pcb-ind,pcb-ind,YOLO/images/train/5813_b_006.jpg,train,5813.0,5813_b,pcb-ind,YOLO/images/train/5813_b_013.jpg,train,5813.0,5813_b,0.863402,4,17,REVIEW_REQUIRED,,,,,A,MEDIUM,A,MEDIUM,A,MEDIUM,agreed,same notched copper corner and edge profile; near-identical framing,0.8634020423250044,0.8445777150358615,False,True,True,False,False,same-source,0-4,0.85-0.918
R-0272,within:pcb-ind|REVIEW_REQUIRED|same-split|same-group,pcb-ind,pcb-ind,YOLO/images/train/5802_t_070.jpg,train,5802.0,5802_t,pcb-ind,YOLO/images/train/5802_t_224.jpg,train,5802.0,5802_t,0.844788,4,16,REVIEW_REQUIRED,,,,,A,MEDIUM,A,MEDIUM,A,MEDIUM,agreed,same corner and same notch shape and framing; brightness differs only,0.8447879444125761,0.8628446907360452,False,True,True,False,False,same-source,0-4,<0.85
R-0273,within:pcb-ind|REVIEW_REQUIRED|same-split|same-group,pcb-ind,pcb-ind,YOLO/images/train/6225_b_020.jpg,train,6225.0,6225_b,pcb-ind,YOLO/images/train/6225_b_061.jpg,train,6225.0,6225_b,0.815371,4,22,REVIEW_REQUIRED,,,,,D,MEDIUM,D,MEDIUM,D,MEDIUM,agreed,copper particles on dark; shapes differ,0.8153711932092909,0.6459084065743553,False,False,False,True,False,same-source,0-4,<0.85
R-0274,within:pcb-ind|REVIEW_REQUIRED|same-split|same-group,pcb-ind,pcb-ind,YOLO/images/train/5802_t_057.jpg,train,5802.0,5802_t,pcb-ind,YOLO/images/train/5802_t_168.jpg,train,5802.0,5802_t,0.79849,4,11,REVIEW_REQUIRED,,,,,A,MEDIUM,A,MEDIUM,A,MEDIUM,agreed,same dim notched copper corner and edge profile; near-identical framing,0.7984896376804356,0.5578638815347315,False,True,True,False,False,same-source,0-4,<0.85
R-0275,within:pcb-ind|REVIEW_REQUIRED|same-split|same-group,pcb-ind,pcb-ind,YOLO/images/train/6334_b_183.jpg,train,6334.0,6334_b,pcb-ind,YOLO/images/train/6334_b_206.jpg,train,6334.0,6334_b,0.766333,4,17,REVIEW_REQUIRED,,,,,D,LOW,D,LOW,D,LOW,agreed,large hole edge with rough rim; rim irregularities do not clearly correspond,0.7663330096721652,0.743179666347634,False,False,False,True,False,same-source,0-4,<0.85
R-0276,within:pcb-ind|REVIEW_REQUIRED|same-split|same-group,pcb-ind,pcb-ind,YOLO/images/train/6245_b_022.jpg,train,6245.0,6245_b,pcb-ind,YOLO/images/train/6245_b_030.jpg,train,6245.0,6245_b,0.579082,4,14,REVIEW_REQUIRED,,,,,D,MEDIUM,D,MEDIUM,D,MEDIUM,agreed,horizontal pads with defects; geometry differs,0.5790818583498488,0.4033195104224904,False,False,False,True,False,same-source,0-4,<0.85
R-0277,within:pcb-ind|SAME_FAMILY_OR_SCENE|cross-split|other-group,pcb-ind,pcb-ind,YOLO/images/test/6133_b_011.jpg,test,6133.0,6133_b,pcb-ind,YOLO/images/val/6271_b_002.jpg,val,6271.0,6271_b,0.92948,16,12,SAME_FAMILY_OR_SCENE,VSG-near-00541,VSG-family-00567,,,A,MEDIUM,A,MEDIUM,A,MEDIUM,agreed,same dog-bone pad array with identical in-hole defect; strong brightness change only,0.9294799457819711,0.8649509597652041,False,True,True,False,False,same-source,11-20,0.918-0.934
R-0278,within:pcb-ind|SAME_FAMILY_OR_SCENE|cross-split|other-group,pcb-ind,pcb-ind,YOLO/images/train/6470_b_013.jpg,train,6470.0,6470_b,pcb-ind,YOLO/images/val/5805_b_003.jpg,val,5805.0,5805_b,0.929052,30,31,SAME_FAMILY_OR_SCENE,VSG-near-00036,VSG-family-00016,,,D,MEDIUM,D,MEDIUM,D,MEDIUM,agreed,parallel traces with defects; pitch and defects differ,0.9290524015628292,0.8324234293727261,False,False,False,True,False,same-source,>20,0.918-0.934
R-0279,within:pcb-ind|SAME_FAMILY_OR_SCENE|cross-split|other-group,pcb-ind,pcb-ind,YOLO/images/train/6540_b_003.jpg,train,6540.0,6540_b,pcb-ind,YOLO/images/val/6487_b_001.jpg,val,6487.0,6487_b,0.926633,32,38,SAME_FAMILY_OR_SCENE,VSG-near-00538,VSG-family-00014,,,D,LOW,C,LOW,C,LOW,adjudicated,similar pad and trace fan; partial correspondence under shift,0.926632975815539,0.9571013663166628,False,False,True,False,False,same-source,>20,0.918-0.934
R-0280,within:pcb-ind|SAME_FAMILY_OR_SCENE|cross-split|other-group,pcb-ind,pcb-ind,YOLO/images/test/6576_b_007.jpg,test,6576.0,6576_b,pcb-ind,YOLO/images/train/6318_b_002.jpg,train,6318.0,6318_b,0.923357,30,33,SAME_FAMILY_OR_SCENE,VSG-near-00538,VSG-family-00014,,,D,LOW,D,LOW,D,LOW,agreed,similar trace-fan and pad style; arrangements do not correspond clearly,0.9233571991828884,0.9505978415227208,False,False,False,True,False,same-source,>20,0.918-0.934
R-0281,within:pcb-ind|SAME_FAMILY_OR_SCENE|cross-split|other-group,pcb-ind,pcb-ind,YOLO/images/test/6163_b_003.jpg,test,6163.0,6163_b,pcb-ind,YOLO/images/train/6452_b_006.jpg,train,6452.0,6452_b,0.922307,30,34,SAME_FAMILY_OR_SCENE,VSG-near-00036,VSG-family-00016,,,C,LOW,C,LOW,C,LOW,agreed,same stripe colour with edge defect at centre; possibly different scale of same area,0.9223062070703465,0.9179640952086394,False,False,True,False,False,same-source,>20,0.918-0.934
R-0282,within:pcb-ind|SAME_FAMILY_OR_SCENE|cross-split|other-group,pcb-ind,pcb-ind,YOLO/images/train/6441_b_015.jpg,train,6441.0,6441_b,pcb-ind,YOLO/images/val/6642_t_014.jpg,val,6642.0,6642_t,0.920545,34,35,SAME_FAMILY_OR_SCENE,VSG-near-00688,VSG-family-00563,,,D,MEDIUM,D,MEDIUM,D,MEDIUM,agreed,generic hole defect on different copper tones,0.9205442887575974,0.8735089789884688,False,False,False,True,False,same-source,>20,0.918-0.934
R-0283,within:pcb-ind|SAME_FAMILY_OR_SCENE|cross-split|other-group,pcb-ind,pcb-ind,YOLO/images/test/6643_b_003.jpg,test,6643.0,6643_b,pcb-ind,YOLO/images/train/6582_b_047.jpg,train,6582.0,6582_b,0.920483,32,32,SAME_FAMILY_OR_SCENE,VSG-near-00554,VSG-family-00013,,,D,MEDIUM,D,MEDIUM,D,MEDIUM,agreed,horizontal stripes with pinhole; band arrangement differs,0.9204829180641583,0.8536647492878633,False,False,False,True,False,same-source,>20,0.918-0.934
R-0284,within:pcb-ind|SAME_FAMILY_OR_SCENE|cross-split|other-group,pcb-ind,pcb-ind,YOLO/images/test/5831_b_025.jpg,test,5831.0,5831_b,pcb-ind,YOLO/images/train/5830_b_043.jpg,train,5830.0,5830_b,0.918901,4,10,SAME_FAMILY_OR_SCENE,VSG-near-00535,VSG-family-00561,,,B,HIGH,B,HIGH,B,HIGH,agreed,same ring pad and trace shape with same ring irregularity; small shift,0.9189014512817386,0.8923377659280559,False,True,True,False,False,same-source,0-4,0.918-0.934
R-0285,within:pcb-ind|SAME_FAMILY_OR_SCENE|same-split|other-group,pcb-ind,pcb-ind,YOLO/images/train/5918_t_001.jpg,train,5918.0,5918_t,pcb-ind,YOLO/images/train/6314_t_007.jpg,train,6314.0,6314_t,0.93,26,30,SAME_FAMILY_OR_SCENE,VSG-near-00537,VSG-family-00563,,,D,MEDIUM,D,MEDIUM,D,MEDIUM,agreed,hole grids with burr; arrangement differs,0.9300005865566412,0.8557403252336928,False,False,False,True,False,same-source,>20,0.918-0.934
R-0286,within:pcb-ind|SAME_FAMILY_OR_SCENE|same-split|other-group,pcb-ind,pcb-ind,YOLO/images/val/6455_b_006.jpg,val,6455.0,6455_b,pcb-ind,YOLO/images/val/6488_b_001.jpg,val,6488.0,6488_b,0.929042,34,42,SAME_FAMILY_OR_SCENE,,VSG-family-00585,,,B,HIGH,B,HIGH,B,HIGH,agreed,"same three-trace group, holes and defect between traces; shifted crop",0.9290415455532031,0.8334202474244725,False,True,True,False,False,same-source,>20,0.918-0.934
R-0287,within:pcb-ind|SAME_FAMILY_OR_SCENE|same-split|other-group,pcb-ind,pcb-ind,YOLO/images/train/6523_b_009.jpg,train,6523.0,6523_b,pcb-ind,YOLO/images/train/6599_b_007.jpg,train,6599.0,6599_b,0.92885,16,3,SAME_FAMILY_OR_SCENE,VSG-near-00685,VSG-family-00528,,,A,MEDIUM,A,MEDIUM,A,MEDIUM,agreed,same diagonal traces with defect and edge mark at identical positions,0.9288505177506581,0.903525740258087,False,True,True,False,False,same-source,11-20,0.918-0.934
R-0288,within:pcb-ind|SAME_FAMILY_OR_SCENE|same-split|other-group,pcb-ind,pcb-ind,YOLO/images/train/5810_b_007.jpg,train,5810.0,5810_b,pcb-ind,YOLO/images/train/5813_b_013.jpg,train,5813.0,5813_b,0.926507,12,16,SAME_FAMILY_OR_SCENE,,VSG-family-00607,,,A,MEDIUM,A,MEDIUM,A,MEDIUM,agreed,same notched copper corner with same edge profile; near-identical framing,0.9265064129862551,0.8805821948237655,False,True,True,False,False,same-source,11-20,0.918-0.934
R-0289,within:pcb-ind|SAME_FAMILY_OR_SCENE|same-split|other-group,pcb-ind,pcb-ind,YOLO/images/train/6470_b_016.jpg,train,6470.0,6470_b,pcb-ind,YOLO/images/train/6623_b_010.jpg,train,6623.0,6623_b,0.926483,32,44,SAME_FAMILY_OR_SCENE,VSG-near-00559,VSG-family-00073,,,D,MEDIUM,D,MEDIUM,D,MEDIUM,agreed,diagonal traces with holes; arrangement and defects differ,0.9264825103471077,0.914202115764067,False,False,False,True,False,same-source,>20,0.918-0.934
R-0290,within:pcb-ind|SAME_FAMILY_OR_SCENE|same-split|other-group,pcb-ind,pcb-ind,YOLO/images/train/6441_b_015.jpg,train,6441.0,6441_b,pcb-ind,YOLO/images/train/6591_t_002.jpg,train,6591.0,6591_t,0.924666,30,27,SAME_FAMILY_OR_SCENE,,VSG-family-00563,,,D,MEDIUM,D,MEDIUM,D,MEDIUM,agreed,generic hole with notch; notch shapes differ,0.9246657535867656,0.8771901856468957,False,False,False,True,False,same-source,>20,0.918-0.934
R-0291,within:pcb-ind|SAME_FAMILY_OR_SCENE|same-split|other-group,pcb-ind,pcb-ind,YOLO/images/train/6558_b_003.jpg,train,6558.0,6558_b,pcb-ind,YOLO/images/train/6599_b_004.jpg,train,6599.0,6599_b,0.922607,28,34,SAME_FAMILY_OR_SCENE,,VSG-family-00009,,,C,LOW,C,LOW,C,LOW,agreed,bent trace fan possibly vertically mirrored with defect at similar place; uncertain,0.9226066901420562,0.8420872888375978,False,False,True,False,False,same-source,>20,0.918-0.934
R-0292,within:pcb-ind|SAME_FAMILY_OR_SCENE|same-split|other-group,pcb-ind,pcb-ind,YOLO/images/train/5803_b_001.jpg,train,5803.0,5803_b,pcb-ind,YOLO/images/train/5807_b_004.jpg,train,5807.0,5807_b,0.918907,20,0,SAME_FAMILY_OR_SCENE,,VSG-family-00016,,,C,LOW,C,LOW,C,LOW,agreed,same stripe pitch and colour with pinhole at similar place; defect size differs,0.9189071341187858,0.9255306816479303,False,False,True,False,False,same-source,11-20,0.918-0.934
R-0293,within:pcb-ind|SAME_FAMILY_OR_SCENE|same-split|same-group,pcb-ind,pcb-ind,YOLO/images/train/5802_t_220.jpg,train,5802.0,5802_t,pcb-ind,YOLO/images/train/5802_t_222.jpg,train,5802.0,5802_t,0.932069,32,32,SAME_FAMILY_OR_SCENE,VSG-near-00582,VSG-family-00611,,,C,LOW,C,LOW,C,LOW,agreed,same thermal-relief pad type; framing/rotation differ; hole defects differ,0.9320686144562137,0.9483966199393148,False,False,True,False,False,same-source,>20,0.918-0.934
R-0294,within:pcb-ind|SAME_FAMILY_OR_SCENE|same-split|same-group,pcb-ind,pcb-ind,YOLO/images/train/5802_t_141.jpg,train,5802.0,5802_t,pcb-ind,YOLO/images/train/5802_t_250.jpg,train,5802.0,5802_t,0.930779,30,29,SAME_FAMILY_OR_SCENE,VSG-near-00582,VSG-family-00611,,,C,LOW,C,LOW,C,LOW,agreed,same thermal-relief pad type; framing differs; in-hole marks differ,0.9307784328650733,0.8588460625278207,False,False,True,False,False,same-source,>20,0.918-0.934
R-0295,within:pcb-ind|SAME_FAMILY_OR_SCENE|same-split|same-group,pcb-ind,pcb-ind,YOLO/images/train/5802_t_072.jpg,train,5802.0,5802_t,pcb-ind,YOLO/images/train/5802_t_141.jpg,train,5802.0,5802_t,0.930594,8,16,SAME_FAMILY_OR_SCENE,VSG-near-00582,VSG-family-00611,,,B,HIGH,B,LOW,B,LOW,agreed,same thermal pad with same in-hole defect; small shift,0.93059360859189,0.8873365930392406,False,True,True,False,False,same-source,5-10,0.918-0.934
R-0296,within:pcb-ind|SAME_FAMILY_OR_SCENE|same-split|same-group,pcb-ind,pcb-ind,YOLO/images/train/5802_t_158.jpg,train,5802.0,5802_t,pcb-ind,YOLO/images/train/5802_t_166.jpg,train,5802.0,5802_t,0.928964,36,23,SAME_FAMILY_OR_SCENE,VSG-near-00582,VSG-family-00611,,,C,LOW,C,LOW,C,LOW,agreed,same thermal-relief pad type; possibly mirrored; hole defects differ,0.9289634918906886,0.884831696085861,False,False,True,False,False,same-source,>20,0.918-0.934
R-0297,within:pcb-ind|SAME_FAMILY_OR_SCENE|same-split|same-group,pcb-ind,pcb-ind,YOLO/images/train/6408_b_027.jpg,train,6408.0,6408_b,pcb-ind,YOLO/images/train/6408_b_028.jpg,train,6408.0,6408_b,0.927828,26,30,SAME_FAMILY_OR_SCENE,,VSG-family-00729,,,B,MEDIUM,B,MEDIUM,B,MEDIUM,agreed,same diagonal stain chain with matching blob shapes; shifted crop,0.9278274005763087,0.9102627626391551,False,True,True,False,False,same-source,>20,0.918-0.934
R-0298,within:pcb-ind|SAME_FAMILY_OR_SCENE|same-split|same-group,pcb-ind,pcb-ind,YOLO/images/train/5802_t_099.jpg,train,5802.0,5802_t,pcb-ind,YOLO/images/train/5802_t_242.jpg,train,5802.0,5802_t,0.923398,30,29,SAME_FAMILY_OR_SCENE,VSG-near-00582,VSG-family-00611,,,C,LOW,C,LOW,C,LOW,agreed,same thermal-relief pad type; in-hole defects differ,0.923397570637139,0.8437242705796139,False,False,True,False,False,same-source,>20,0.918-0.934
R-0299,within:pcb-ind|SAME_FAMILY_OR_SCENE|same-split|same-group,pcb-ind,pcb-ind,YOLO/images/train/5806_b_003.jpg,train,5806.0,5806_b,pcb-ind,YOLO/images/train/5806_b_014.jpg,train,5806.0,5806_b,0.921891,30,32,SAME_FAMILY_OR_SCENE,,VSG-family-00636,,,B,MEDIUM,B,MEDIUM,B,MEDIUM,agreed,same bent trace group with stain field of similar shape; shifted crop,0.9218913849719794,0.9415468080392227,False,True,True,False,False,same-source,>20,0.918-0.934
R-0300,within:pcb-ind|SAME_FAMILY_OR_SCENE|same-split|same-group,pcb-ind,pcb-ind,YOLO/images/train/5802_t_013.jpg,train,5802.0,5802_t,pcb-ind,YOLO/images/train/5802_t_198.jpg,train,5802.0,5802_t,0.920337,32,41,SAME_FAMILY_OR_SCENE,,VSG-family-00611,,,C,LOW,C,LOW,C,LOW,agreed,same thermal-relief pad type with rim defect; framing differs,0.9203369742979379,0.9210780902955793,False,False,True,False,False,same-source,>20,0.918-0.934
