id,split
OI_dspcbsd-plus_001368584365,train
OI_dspcbsd-plus_00415b13dfbc,train
OI_dspcbsd-plus_00725a54ffb6,train
OI_dspcbsd-plus_009a9317de3b,train
OI_dspcbsd-plus_00e93e61bc5d,train
OI_dspcbsd-plus_010f6b274095,train
OI_dspcbsd-plus_012eb8082b2f,train
OI_dspcbsd-plus_013a7e7401ac,excluded
OI_dspcbsd-plus_0152dc94095e,train
OI_dspcbsd-plus_016bba464d03,train
OI_dspcbsd-plus_01822ed6d1ff,train
OI_dspcbsd-plus_01bc9e2b56d4,train
OI_dspcbsd-plus_01ceea922b3f,train
OI_dspcbsd-plus_01d3117fc117,test
OI_dspcbsd-plus_01dbd22d2b47,train
OI_dspcbsd-plus_0202145cbca3,val
OI_dspcbsd-plus_026e62654c54,train
OI_dspcbsd-plus_029c8e6c436c,train
OI_dspcbsd-plus_029f1ec12a8a,train
OI_dspcbsd-plus_02abdb83f542,train
OI_dspcbsd-plus_02b7bdcbc194,val
OI_dspcbsd-plus_02c2bebb6160,val
OI_dspcbsd-plus_03ce98ccc768,train
OI_dspcbsd-plus_03cead8c4238,train
OI_dspcbsd-plus_03e1266b621b,test
OI_dspcbsd-plus_03f878e28100,train
OI_dspcbsd-plus_03f949776310,train
OI_dspcbsd-plus_041aba3a462e,train
OI_dspcbsd-plus_041b6c881b69,train
OI_dspcbsd-plus_043866a5a95e,train
OI_dspcbsd-plus_043ab1f58856,train
OI_dspcbsd-plus_043b64ea64f7,val
OI_dspcbsd-plus_044f3d5af201,train
OI_dspcbsd-plus_04b55214ad39,val
OI_dspcbsd-plus_04bbb5317502,train
OI_dspcbsd-plus_05342ca0dcba,val
OI_dspcbsd-plus_0565a57df1af,val
OI_dspcbsd-plus_056b7033572d,train
OI_dspcbsd-plus_0612957475ba,val
OI_dspcbsd-plus_0623c95253d5,val
OI_dspcbsd-plus_063956e6c1ef,train
OI_dspcbsd-plus_0643d339e3af,train
OI_dspcbsd-plus_064612fda073,test
OI_dspcbsd-plus_0670254f0025,train
OI_dspcbsd-plus_06925ca86453,train
OI_dspcbsd-plus_06c3d0f7560d,train
OI_dspcbsd-plus_06c8a179017d,excluded
OI_dspcbsd-plus_06dd84b00c5b,train
OI_dspcbsd-plus_07052be323d0,val
OI_dspcbsd-plus_070b75af2152,train
OI_dspcbsd-plus_071f03b006f0,train
OI_dspcbsd-plus_076918b47508,train
OI_dspcbsd-plus_0775cc6cdd74,train
OI_dspcbsd-plus_07a466f7bf9f,train
OI_dspcbsd-plus_07a82f22937e,train
OI_dspcbsd-plus_07a9f92df0df,train
OI_dspcbsd-plus_07cff3b8a26e,test
OI_dspcbsd-plus_07dba7476fc7,val
OI_dspcbsd-plus_0831476765fb,test
OI_dspcbsd-plus_083f9bb00d27,train
OI_dspcbsd-plus_0849bb222278,train
OI_dspcbsd-plus_08538716d7c4,train
OI_dspcbsd-plus_0859219d509c,train
OI_dspcbsd-plus_088e875bf661,train
OI_dspcbsd-plus_08a394dc5231,train
OI_dspcbsd-plus_08b8f2123e4d,train
OI_dspcbsd-plus_08e7d05d55a3,train
OI_dspcbsd-plus_08f670796aa7,train
OI_dspcbsd-plus_091754278c33,train
OI_dspcbsd-plus_09306cac5123,test
OI_dspcbsd-plus_0933886ca075,val
OI_dspcbsd-plus_0940574db3dd,test
OI_dspcbsd-plus_0969a62e60e1,train
OI_dspcbsd-plus_099c9e4673cd,train
OI_dspcbsd-plus_09bb702007ea,train
OI_dspcbsd-plus_09c69b54d289,val
OI_dspcbsd-plus_09cc73bb3092,test
OI_dspcbsd-plus_09d3e586d215,val
OI_dspcbsd-plus_09eee908887a,train
OI_dspcbsd-plus_0a092fd6d8fe,val
OI_dspcbsd-plus_0a2678e367ee,train
OI_dspcbsd-plus_0a3162a5bd7f,train
OI_dspcbsd-plus_0a379822adc8,train
OI_dspcbsd-plus_0a3ff2ac3395,train
OI_dspcbsd-plus_0a56a6650a57,train
OI_dspcbsd-plus_0acb9842f01e,train
OI_dspcbsd-plus_0b58570936eb,train
OI_dspcbsd-plus_0b8a33d25aba,train
OI_dspcbsd-plus_0ba87f44a652,train
OI_dspcbsd-plus_0bb9801546dc,train
OI_dspcbsd-plus_0bfabd2ef04e,train
OI_dspcbsd-plus_0c19841ad9d5,train
OI_dspcbsd-plus_0c261539e4f5,train
OI_dspcbsd-plus_0c2948f180a7,val
OI_dspcbsd-plus_0c683a2c5c05,test
OI_dspcbsd-plus_0c87a6f3b26c,train
OI_dspcbsd-plus_0c999480c2c7,train
OI_dspcbsd-plus_0ca09ad7f298,train
OI_dspcbsd-plus_0caac834361f,train
OI_dspcbsd-plus_0cce79a77060,val
OI_dspcbsd-plus_0cd81d4d31b0,train
OI_dspcbsd-plus_0d065724482f,train
OI_dspcbsd-plus_0d2413c9b9f4,val
OI_dspcbsd-plus_0d45cae7f710,val
OI_dspcbsd-plus_0d8ab84b8a3b,train
OI_dspcbsd-plus_0da72eb91788,val
OI_dspcbsd-plus_0dc9431a4e62,val
OI_dspcbsd-plus_0e01763306a3,train
OI_dspcbsd-plus_0e281fed9af5,val
OI_dspcbsd-plus_0e30631d90b0,train
OI_dspcbsd-plus_0e327acb9057,val
OI_dspcbsd-plus_0e42c0dc35e0,train
OI_dspcbsd-plus_0e5daeff467c,val
OI_dspcbsd-plus_0e5f109b9a67,train
OI_dspcbsd-plus_0e79a085093c,train
OI_dspcbsd-plus_0e8831d2711c,train
OI_dspcbsd-plus_0e8bdf69ac7d,train
OI_dspcbsd-plus_0e9ccb40cd55,train
OI_dspcbsd-plus_0e9fe58190c2,test
OI_dspcbsd-plus_0eb2f4e81cb5,val
OI_dspcbsd-plus_0f536aad14e1,train
OI_dspcbsd-plus_0fa778951be0,test
OI_dspcbsd-plus_0faaad5f3569,train
OI_dspcbsd-plus_0fd823805317,train
OI_dspcbsd-plus_0fdb4b3ac0a4,train
OI_dspcbsd-plus_0ff9491c971b,test
OI_dspcbsd-plus_103adbdbf738,val
OI_dspcbsd-plus_105b04b7cf86,train
OI_dspcbsd-plus_105e16a9de12,train
OI_dspcbsd-plus_10670996e49c,train
OI_dspcbsd-plus_10b1b8284817,train
OI_dspcbsd-plus_112b746d984e,val
OI_dspcbsd-plus_112f4a2285ed,train
OI_dspcbsd-plus_1134b2281f39,val
OI_dspcbsd-plus_1135a91620af,train
OI_dspcbsd-plus_11750cfbb173,test
OI_dspcbsd-plus_11c848e28fe6,train
OI_dspcbsd-plus_122c85bbb7a2,val
OI_dspcbsd-plus_12542389fd02,val
OI_dspcbsd-plus_126041f9b0f0,train
OI_dspcbsd-plus_126204af9cfb,train
OI_dspcbsd-plus_127d530a9123,val
OI_dspcbsd-plus_1291aaaaf4e4,train
OI_dspcbsd-plus_12a1ad5b090e,excluded
OI_dspcbsd-plus_12abe0924d24,train
OI_dspcbsd-plus_12bba18b9467,train
OI_dspcbsd-plus_13073a87789a,train
OI_dspcbsd-plus_1311a2cec296,train
OI_dspcbsd-plus_13229a7ca288,train
OI_dspcbsd-plus_133bb32c41a8,test
OI_dspcbsd-plus_134e55ae7147,train
OI_dspcbsd-plus_13564c3d33ad,test
OI_dspcbsd-plus_13572b925433,train
OI_dspcbsd-plus_135d3daaebc6,train
OI_dspcbsd-plus_136b278bcb5c,train
OI_dspcbsd-plus_13794a2bb934,val
OI_dspcbsd-plus_13ba8429453d,val
OI_dspcbsd-plus_14038d82fd17,train
OI_dspcbsd-plus_147c878d5054,test
OI_dspcbsd-plus_148e8f4a146d,val
OI_dspcbsd-plus_14ef5fc70b06,train
OI_dspcbsd-plus_15248d69cdf6,train
OI_dspcbsd-plus_15b67839a906,train
OI_dspcbsd-plus_161b1704f070,train
OI_dspcbsd-plus_163bef46044d,train
OI_dspcbsd-plus_164dd1a890f5,train
OI_dspcbsd-plus_1665162fe4aa,train
OI_dspcbsd-plus_16742be0ba7d,excluded
OI_dspcbsd-plus_16c13fbc9497,excluded
OI_dspcbsd-plus_16f1e20c5456,test
OI_dspcbsd-plus_171ddffc4553,train
OI_dspcbsd-plus_172f0408ff87,test
OI_dspcbsd-plus_17cf58afdb0b,train
OI_dspcbsd-plus_17de3211b8cc,train
OI_dspcbsd-plus_17e39edbbbc3,train
OI_dspcbsd-plus_184d754ba963,train
OI_dspcbsd-plus_1864359a9e3a,train
OI_dspcbsd-plus_186b97066429,excluded
OI_dspcbsd-plus_187cfbe6e010,train
OI_dspcbsd-plus_1890cc132d2b,train
OI_dspcbsd-plus_18accfc2acba,train
OI_dspcbsd-plus_18b005344990,train
OI_dspcbsd-plus_18cb91d3ebb2,train
OI_dspcbsd-plus_1907367cf6bf,excluded
OI_dspcbsd-plus_19088022eeb0,train
OI_dspcbsd-plus_191c3467c37a,excluded
OI_dspcbsd-plus_192aa02452ea,train
OI_dspcbsd-plus_193e824fbfba,train
OI_dspcbsd-plus_1949475d5b2d,train
OI_dspcbsd-plus_1952a6dce4f4,train
OI_dspcbsd-plus_199e6468c157,val
OI_dspcbsd-plus_19bb198c62de,train
OI_dspcbsd-plus_19e791c69b4e,train
OI_dspcbsd-plus_19fcd3118413,train
OI_dspcbsd-plus_1a01702ddf30,train
OI_dspcbsd-plus_1a1c12db1395,train
OI_dspcbsd-plus_1a1d846de7fe,train
OI_dspcbsd-plus_1a4c97db9daa,train
OI_dspcbsd-plus_1af3b51a7b09,train
OI_dspcbsd-plus_1b3e3583b2ba,train
OI_dspcbsd-plus_1b40682709ce,train
OI_dspcbsd-plus_1b4de9452b8a,val
OI_dspcbsd-plus_1b69b22c8cef,excluded
OI_dspcbsd-plus_1bcba2f80ddb,train
OI_dspcbsd-plus_1c0b4e9a83d5,train
OI_dspcbsd-plus_1c16f70ca122,train
OI_dspcbsd-plus_1c5b754413a8,train
OI_dspcbsd-plus_1c906370c711,train
OI_dspcbsd-plus_1ce4f6a8c30c,train
OI_dspcbsd-plus_1ce619cce3dc,train
OI_dspcbsd-plus_1cf20d2ed03e,train
OI_dspcbsd-plus_1d40ee7a0925,train
OI_dspcbsd-plus_1d50cda0f7f7,train
OI_dspcbsd-plus_1d66e4ed822f,train
OI_dspcbsd-plus_1d6b945817c5,val
OI_dspcbsd-plus_1d8449688534,train
OI_dspcbsd-plus_1d852da50e3d,train
OI_dspcbsd-plus_1d9e8230c5d3,train
OI_dspcbsd-plus_1ddad63c7f38,train
OI_dspcbsd-plus_1e252041427c,train
OI_dspcbsd-plus_1e2da007deae,test
OI_dspcbsd-plus_1e5c3f1a8fb5,train
OI_dspcbsd-plus_1e7842050644,train
OI_dspcbsd-plus_1e8263ecad8a,train
OI_dspcbsd-plus_1e98ba9b4f16,train
OI_dspcbsd-plus_1ea2754aa5d4,train
OI_dspcbsd-plus_1eac320303ac,train
OI_dspcbsd-plus_1ecb46d9417c,excluded
OI_dspcbsd-plus_1f26d9ed4f59,train
OI_dspcbsd-plus_1f3005d34abd,train
OI_dspcbsd-plus_1f6600b17031,train
OI_dspcbsd-plus_1f6aab49b9b9,train
OI_dspcbsd-plus_1fbbc63da8de,train
OI_dspcbsd-plus_2018a40dac2f,train
OI_dspcbsd-plus_20bc76e4c58a,train
OI_dspcbsd-plus_20c27af56319,train
OI_dspcbsd-plus_213820439249,train
OI_dspcbsd-plus_215b40390cc7,test
OI_dspcbsd-plus_21a24befe918,val
OI_dspcbsd-plus_21bd16b51aeb,train
OI_dspcbsd-plus_21cc34265b41,train
OI_dspcbsd-plus_21cd143e3fb0,test
OI_dspcbsd-plus_21e694b8f8bd,train
OI_dspcbsd-plus_21ebab7565ee,excluded
OI_dspcbsd-plus_21ee40ae8210,train
OI_dspcbsd-plus_220877ef13a2,train
OI_dspcbsd-plus_225e0737e354,train
OI_dspcbsd-plus_22641973d7e7,train
OI_dspcbsd-plus_22892a4a5e52,train
OI_dspcbsd-plus_22ced472dc5a,val
OI_dspcbsd-plus_22d9d289f1c4,train
OI_dspcbsd-plus_22f8cfda49bc,excluded
OI_dspcbsd-plus_232acdbfb77d,train
OI_dspcbsd-plus_233bd906cf7e,val
OI_dspcbsd-plus_233e65adae65,train
OI_dspcbsd-plus_235c2a07b25c,val
OI_dspcbsd-plus_23b9abfa0b2d,train
OI_dspcbsd-plus_23d54e5bd6a9,test
OI_dspcbsd-plus_23dc3d929644,val
OI_dspcbsd-plus_240b1bcfbf20,test
OI_dspcbsd-plus_245cfc2c89a7,train
OI_dspcbsd-plus_2534fcff999d,val
OI_dspcbsd-plus_253a9388f79b,val
OI_dspcbsd-plus_25477a57adc9,train
OI_dspcbsd-plus_254ac9a86bd2,test
OI_dspcbsd-plus_256573c1a09a,val
OI_dspcbsd-plus_259c8220279b,train
OI_dspcbsd-plus_25a62020f985,test
OI_dspcbsd-plus_25ac6a24c2d1,train
OI_dspcbsd-plus_25ec09bbec6d,train
OI_dspcbsd-plus_260c3e509b2a,val
OI_dspcbsd-plus_263fce5f00fa,train
OI_dspcbsd-plus_2656906d799b,train
OI_dspcbsd-plus_26aaffdb536e,val
OI_dspcbsd-plus_26de261179ff,train
OI_dspcbsd-plus_26e45429a80d,excluded
OI_dspcbsd-plus_26e8f68e8a5f,train
OI_dspcbsd-plus_26ea8a713b4b,train
OI_dspcbsd-plus_26f8cde0048f,train
OI_dspcbsd-plus_2710d009fb5c,train
OI_dspcbsd-plus_2723a5ca19ab,train
OI_dspcbsd-plus_2731a8f63731,val
OI_dspcbsd-plus_274fb5292591,val
OI_dspcbsd-plus_2841d4e72545,train
OI_dspcbsd-plus_2852586bc86c,val
OI_dspcbsd-plus_285a529450a7,val
OI_dspcbsd-plus_2864d562d8da,train
OI_dspcbsd-plus_28a888bdc13b,test
OI_dspcbsd-plus_28b1e0d2dade,test
OI_dspcbsd-plus_28d17ca0836c,train
OI_dspcbsd-plus_28e688ce162e,train
OI_dspcbsd-plus_28fdaceec0dc,train
OI_dspcbsd-plus_2955f7544c87,train
OI_dspcbsd-plus_295af1c5afce,test
OI_dspcbsd-plus_295b9e8f4026,test
OI_dspcbsd-plus_298ccafc9063,train
OI_dspcbsd-plus_29b124d46491,train
OI_dspcbsd-plus_29f109b6a339,train
OI_dspcbsd-plus_2a04aa1fb54d,train
OI_dspcbsd-plus_2a51a3f3a0e5,train
OI_dspcbsd-plus_2a581a138f3f,train
OI_dspcbsd-plus_2a66eea6036d,train
OI_dspcbsd-plus_2ad6cbb788a6,val
OI_dspcbsd-plus_2b0943f4807f,val
OI_dspcbsd-plus_2b0cfece37f5,val
OI_dspcbsd-plus_2b1633fe8f7d,val
OI_dspcbsd-plus_2b33ab99a98f,test
OI_dspcbsd-plus_2b351f6490cc,train
OI_dspcbsd-plus_2b5fe4a02d13,train
OI_dspcbsd-plus_2b653ee6b357,train
OI_dspcbsd-plus_2b9c0bfc94e3,train
OI_dspcbsd-plus_2c1de32d55ef,excluded
OI_dspcbsd-plus_2c3d3c80069c,train
OI_dspcbsd-plus_2c5be17eddd0,train
OI_dspcbsd-plus_2c5dc4d478c1,train
OI_dspcbsd-plus_2cbcab4d1768,val
OI_dspcbsd-plus_2d29565b98a4,train
OI_dspcbsd-plus_2d50fc0b7255,train
OI_dspcbsd-plus_2d804655c21b,val
OI_dspcbsd-plus_2d8abe807aa0,train
OI_dspcbsd-plus_2dcc5a2fb546,train
OI_dspcbsd-plus_2de0ffc1f072,excluded
OI_dspcbsd-plus_2e2df7319a1e,val
OI_dspcbsd-plus_2e4e018a47a0,train
OI_dspcbsd-plus_2e67923fb6ec,train
OI_dspcbsd-plus_2edef7a20d33,train
OI_dspcbsd-plus_2eed156447b6,train
OI_dspcbsd-plus_2eee2d5b87c5,val
OI_dspcbsd-plus_2f23673f2f01,train
OI_dspcbsd-plus_2f50c0db46c2,train
OI_dspcbsd-plus_2f60d5aa36ad,train
OI_dspcbsd-plus_2fe414263e4e,test
OI_dspcbsd-plus_2fe6398910f3,val
OI_dspcbsd-plus_2ff95854845a,train
OI_dspcbsd-plus_300387f2ae71,val
OI_dspcbsd-plus_300b24bbdeb4,train
OI_dspcbsd-plus_30571ea9ef42,train
OI_dspcbsd-plus_30727ef81f96,test
OI_dspcbsd-plus_308e2a14c018,train
OI_dspcbsd-plus_30b7bcbbe7b3,train
OI_dspcbsd-plus_30de55dceef7,excluded
OI_dspcbsd-plus_30ec572fc048,train
OI_dspcbsd-plus_31017b9b1480,train
OI_dspcbsd-plus_315e731c7f5e,train
OI_dspcbsd-plus_3167069a35b9,val
OI_dspcbsd-plus_31880a732309,train
OI_dspcbsd-plus_31a475b7f3a6,train
OI_dspcbsd-plus_31b11ca393d7,train
OI_dspcbsd-plus_31d66e0516d5,train
OI_dspcbsd-plus_3216484a63e0,excluded
OI_dspcbsd-plus_324497451b0e,train
OI_dspcbsd-plus_32569941e9fe,train
OI_dspcbsd-plus_330d0ccf6d04,train
OI_dspcbsd-plus_3328933b004a,excluded
OI_dspcbsd-plus_336f09f4f809,train
OI_dspcbsd-plus_337e427ca1d0,train
OI_dspcbsd-plus_338a180eeeaf,train
OI_dspcbsd-plus_339f2291a79f,train
OI_dspcbsd-plus_341d2393a879,train
OI_dspcbsd-plus_342f42125741,test
OI_dspcbsd-plus_3436ca5b6495,train
OI_dspcbsd-plus_3441e866b4a7,val
OI_dspcbsd-plus_34d49361ea8d,test
OI_dspcbsd-plus_350278705297,val
OI_dspcbsd-plus_351dfd96d5b1,train
OI_dspcbsd-plus_357222bec4d1,val
OI_dspcbsd-plus_35935c465b21,train
OI_dspcbsd-plus_35b5255c21a3,train
OI_dspcbsd-plus_35ce0659bc5b,test
OI_dspcbsd-plus_3607c074dd89,val
OI_dspcbsd-plus_364b4229ee94,train
OI_dspcbsd-plus_365ea3addf1b,val
OI_dspcbsd-plus_36a61eb52066,test
OI_dspcbsd-plus_36aab7df22c4,train
OI_dspcbsd-plus_36b5430e03e4,train
OI_dspcbsd-plus_36d4f5a2aecd,val
OI_dspcbsd-plus_36f5b9cc126e,val
OI_dspcbsd-plus_371fa7138022,train
OI_dspcbsd-plus_3783cb76ad9b,val
OI_dspcbsd-plus_378494d92ad8,train
OI_dspcbsd-plus_379ba5fb22e0,train
OI_dspcbsd-plus_37b788d75bba,train
OI_dspcbsd-plus_37cac0ad82b0,train
OI_dspcbsd-plus_37d20e2905d4,train
OI_dspcbsd-plus_37ecca264bdd,train
OI_dspcbsd-plus_381eccd397fe,excluded
OI_dspcbsd-plus_384409c5ab21,train
OI_dspcbsd-plus_38706a59c5ac,train
OI_dspcbsd-plus_387b4b8aedbf,val
OI_dspcbsd-plus_387eb11e88bb,train
OI_dspcbsd-plus_38bf30eabf7f,train
OI_dspcbsd-plus_38c79a9d8c4b,train
OI_dspcbsd-plus_38ed13c40804,val
OI_dspcbsd-plus_390f3bc9b929,train
OI_dspcbsd-plus_39126cfe99de,train
OI_dspcbsd-plus_393952300367,test
OI_dspcbsd-plus_394394c602af,train
OI_dspcbsd-plus_394ba1d58668,train
OI_dspcbsd-plus_397647ec53a1,train
OI_dspcbsd-plus_39bed6df93be,val
OI_dspcbsd-plus_39c33ba8d1b3,train
OI_dspcbsd-plus_39db8703dcdb,train
OI_dspcbsd-plus_3a20af8eeada,test
OI_dspcbsd-plus_3a254ba73352,train
OI_dspcbsd-plus_3a32d4da960e,train
OI_dspcbsd-plus_3a3a27baa37a,train
OI_dspcbsd-plus_3a3a84239dd3,val
OI_dspcbsd-plus_3a7a6f8e1446,train
OI_dspcbsd-plus_3a83e58be2cf,train
OI_dspcbsd-plus_3a8cd521323e,excluded
OI_dspcbsd-plus_3ac800e4efc4,train
OI_dspcbsd-plus_3af0e2796fbf,train
OI_dspcbsd-plus_3b2b592ad05f,train
OI_dspcbsd-plus_3b71e743ad51,test
OI_dspcbsd-plus_3ba4fc7a7afa,test
OI_dspcbsd-plus_3c005d0965b8,train
OI_dspcbsd-plus_3c4bf1daec46,test
OI_dspcbsd-plus_3c5d112f7fd5,train
OI_dspcbsd-plus_3c6977528978,val
OI_dspcbsd-plus_3c6f29099357,train
OI_dspcbsd-plus_3cc21747fb6f,train
OI_dspcbsd-plus_3d1276f4b0cb,excluded
OI_dspcbsd-plus_3d163df75c0c,train
OI_dspcbsd-plus_3d17dae358ca,excluded
OI_dspcbsd-plus_3d315383ff3a,train
OI_dspcbsd-plus_3d6f49ccb81c,excluded
OI_dspcbsd-plus_3d740567b537,val
OI_dspcbsd-plus_3d8d5f0c1663,val
OI_dspcbsd-plus_3dbc574fafb3,train
OI_dspcbsd-plus_3e0dc6239fab,val
OI_dspcbsd-plus_3e2cbd939c54,train
OI_dspcbsd-plus_3e49c7e082a3,train
OI_dspcbsd-plus_3e69437eaf4b,train
OI_dspcbsd-plus_3e9cf016f5e5,train
OI_dspcbsd-plus_3e9fa002bc9d,train
OI_dspcbsd-plus_3ea0d5b3f990,train
OI_dspcbsd-plus_3ea89fbe7a98,train
OI_dspcbsd-plus_3eb7e261673f,test
OI_dspcbsd-plus_3ed1df59e47d,train
OI_dspcbsd-plus_3ed3a40ba712,train
OI_dspcbsd-plus_3edebf881e8d,test
OI_dspcbsd-plus_3ee129456f88,train
OI_dspcbsd-plus_3f24951fcfb8,test
OI_dspcbsd-plus_3f3cf612b851,train
OI_dspcbsd-plus_3f66dd002d9d,train
OI_dspcbsd-plus_3fc676b41e89,val
OI_dspcbsd-plus_3fcd668cc144,train
OI_dspcbsd-plus_3fe926c97454,train
OI_dspcbsd-plus_400aa198068c,train
OI_dspcbsd-plus_402e360b0497,test
OI_dspcbsd-plus_40408cca793c,train
OI_dspcbsd-plus_40af8f66c967,train
OI_dspcbsd-plus_40b98edd579e,test
OI_dspcbsd-plus_40f96a086555,test
OI_dspcbsd-plus_41006b5135f0,train
OI_dspcbsd-plus_41378f0797f7,train
OI_dspcbsd-plus_4141aa41900c,train
OI_dspcbsd-plus_41624b93738b,train
OI_dspcbsd-plus_417227be7140,train
OI_dspcbsd-plus_4188e5dac6de,train
OI_dspcbsd-plus_4192e0cb0683,train
OI_dspcbsd-plus_419c47325449,train
OI_dspcbsd-plus_41be72629072,test
OI_dspcbsd-plus_41c26127bfbd,train
OI_dspcbsd-plus_42278c84dbc8,train
OI_dspcbsd-plus_423d1703fe91,val
OI_dspcbsd-plus_425492b80605,val
OI_dspcbsd-plus_42f2e2ccb3b1,train
OI_dspcbsd-plus_43011ec74b89,train
OI_dspcbsd-plus_4326ebe1d793,train
OI_dspcbsd-plus_4329c73f3390,train
OI_dspcbsd-plus_432d1486bff8,train
OI_dspcbsd-plus_433b88c61737,test
OI_dspcbsd-plus_4343782c9480,val
OI_dspcbsd-plus_4364c6e80f54,train
OI_dspcbsd-plus_437039cd1901,val
OI_dspcbsd-plus_438a46393b94,train
OI_dspcbsd-plus_43af320e9c50,excluded
OI_dspcbsd-plus_443fd45201d1,train
OI_dspcbsd-plus_444b515ab6c4,train
OI_dspcbsd-plus_449dfcaa9ac2,train
OI_dspcbsd-plus_44df3f0f62de,train
OI_dspcbsd-plus_44f6467c4300,train
OI_dspcbsd-plus_45045e84c18c,train
OI_dspcbsd-plus_4509a793c395,train
OI_dspcbsd-plus_451854dac811,val
OI_dspcbsd-plus_453de05706ad,val
OI_dspcbsd-plus_455cb7927c93,train
OI_dspcbsd-plus_45642cf12e35,train
OI_dspcbsd-plus_456edf1c023a,test
OI_dspcbsd-plus_45a63bb9c99e,val
OI_dspcbsd-plus_45c55822b748,train
OI_dspcbsd-plus_45c7cc9f19fc,train
OI_dspcbsd-plus_45cf656dc57b,val
OI_dspcbsd-plus_462fd96a7ad4,excluded
OI_dspcbsd-plus_464a9abbe380,train
OI_dspcbsd-plus_465f78a7c375,train
OI_dspcbsd-plus_4733f99a33f7,train
OI_dspcbsd-plus_473562ea17a3,train
OI_dspcbsd-plus_474756b11f13,train
OI_dspcbsd-plus_47508bbaba45,train
OI_dspcbsd-plus_4750e9619acd,excluded
OI_dspcbsd-plus_4756e6a7a0c9,train
OI_dspcbsd-plus_476c157efc95,test
OI_dspcbsd-plus_47be19a4ede0,val
OI_dspcbsd-plus_47e856c80699,train
OI_dspcbsd-plus_483ffd8b7070,train
OI_dspcbsd-plus_4862aef5080a,train
OI_dspcbsd-plus_48981003981c,train
OI_dspcbsd-plus_48b2fd620bb4,train
OI_dspcbsd-plus_48ee6e42d13d,val
OI_dspcbsd-plus_49245639b2f7,train
OI_dspcbsd-plus_495bed6d7b5f,train
OI_dspcbsd-plus_4964214bfa80,val
OI_dspcbsd-plus_4967505ca5de,train
OI_dspcbsd-plus_49946a643909,train
OI_dspcbsd-plus_49bfd6243861,val
OI_dspcbsd-plus_49e2a8b65688,val
OI_dspcbsd-plus_4a0bd6ab9533,train
OI_dspcbsd-plus_4a193a292cac,train
OI_dspcbsd-plus_4a302792b10b,test
OI_dspcbsd-plus_4a310831d147,train
OI_dspcbsd-plus_4a323f42ebbf,train
OI_dspcbsd-plus_4a3514845aeb,train
OI_dspcbsd-plus_4aa1b4b9a4c0,val
OI_dspcbsd-plus_4aa1e4192edb,train
OI_dspcbsd-plus_4ac4c4e4ddfb,train
OI_dspcbsd-plus_4ac8cb3475f7,train
OI_dspcbsd-plus_4af51849da66,train
OI_dspcbsd-plus_4b210717e689,excluded
OI_dspcbsd-plus_4b28fac5f3b9,train
OI_dspcbsd-plus_4b319d537fc4,train
OI_dspcbsd-plus_4b342d5c9866,train
OI_dspcbsd-plus_4bdd4a1abd5c,val
OI_dspcbsd-plus_4be2edca4027,train
OI_dspcbsd-plus_4bf4de8447e0,train
OI_dspcbsd-plus_4bf87f11393c,val
OI_dspcbsd-plus_4bfa310b7d17,train
OI_dspcbsd-plus_4c01badd52a4,val
OI_dspcbsd-plus_4c067d17efc4,train
OI_dspcbsd-plus_4c1309ab840c,test
OI_dspcbsd-plus_4c18abb50e7e,excluded
OI_dspcbsd-plus_4c34d24644e0,val
OI_dspcbsd-plus_4c7451784d26,test
OI_dspcbsd-plus_4c90c9d061aa,test
OI_dspcbsd-plus_4cb795ae146b,test
OI_dspcbsd-plus_4cd2141581ea,train
OI_dspcbsd-plus_4cf8a3111490,train
OI_dspcbsd-plus_4d46c74b19cf,test
OI_dspcbsd-plus_4d565c5f1089,val
OI_dspcbsd-plus_4d8634a1312d,excluded
OI_dspcbsd-plus_4da5fb7743df,val
OI_dspcbsd-plus_4dafc8161121,train
OI_dspcbsd-plus_4dc8570b74d2,train
OI_dspcbsd-plus_4dcb879b4f26,train
OI_dspcbsd-plus_4dccacc42091,train
OI_dspcbsd-plus_4dd4e81d080b,train
OI_dspcbsd-plus_4de6ecbe18f4,train
OI_dspcbsd-plus_4de906b98c8f,train
OI_dspcbsd-plus_4df1348ec5da,train
OI_dspcbsd-plus_4e15cdeff6fa,train
OI_dspcbsd-plus_4e3197d33ec4,test
OI_dspcbsd-plus_4e532db8b87f,train
OI_dspcbsd-plus_4e7e7da4e57c,train
OI_dspcbsd-plus_4e9d53b17d4c,val
OI_dspcbsd-plus_4eae8bd1a877,train
OI_dspcbsd-plus_4ed730ebb0f4,excluded
OI_dspcbsd-plus_4ef694a18ea5,train
OI_dspcbsd-plus_4f11ca0d2199,train
OI_dspcbsd-plus_4f527bac8b47,val
OI_dspcbsd-plus_4faf4bd0b9b7,val
OI_dspcbsd-plus_4fb7b7cc1c9d,val
OI_dspcbsd-plus_4fd4a0bf7690,val
OI_dspcbsd-plus_4fdc3d5a3857,val
OI_dspcbsd-plus_4ff53ab7b93a,train
OI_dspcbsd-plus_502763ed6098,test
OI_dspcbsd-plus_5058c9f763f9,train
OI_dspcbsd-plus_50ab8cedacbe,test
OI_dspcbsd-plus_50b154410c4a,train
OI_dspcbsd-plus_50ebe3783733,train
OI_dspcbsd-plus_510a11cde06f,train
OI_dspcbsd-plus_516524f98c80,test
OI_dspcbsd-plus_516b046ae0c9,train
OI_dspcbsd-plus_517802cfa13f,train
OI_dspcbsd-plus_51889dd50019,train
OI_dspcbsd-plus_51b1c017cf98,val
OI_dspcbsd-plus_51c24a4341c6,train
OI_dspcbsd-plus_521d384b1334,train
OI_dspcbsd-plus_52415478e88b,train
OI_dspcbsd-plus_524e85ea6605,val
OI_dspcbsd-plus_524eb4e9bd5c,train
OI_dspcbsd-plus_525100b295be,train
OI_dspcbsd-plus_52ba83c29316,val
OI_dspcbsd-plus_52e2a4e2a44e,test
OI_dspcbsd-plus_533a4d023a5e,train
OI_dspcbsd-plus_534eeab31984,train
OI_dspcbsd-plus_537d500613ab,train
OI_dspcbsd-plus_538aa8d06156,train
OI_dspcbsd-plus_53c597011b09,train
OI_dspcbsd-plus_540a895e3715,train
OI_dspcbsd-plus_5411c17e2d11,train
OI_dspcbsd-plus_54167a5a3c15,train
OI_dspcbsd-plus_5426aad63d90,train
OI_dspcbsd-plus_5426baa9dd46,train
OI_dspcbsd-plus_546d341391a2,val
OI_dspcbsd-plus_54dbc5de5914,excluded
OI_dspcbsd-plus_54e953e34837,val
OI_dspcbsd-plus_55083d6d747a,test
OI_dspcbsd-plus_551a5b7aef9b,train
OI_dspcbsd-plus_551b0896853a,train
OI_dspcbsd-plus_554da4204c24,val
OI_dspcbsd-plus_556c847e3394,val
OI_dspcbsd-plus_558eab0bed43,train
OI_dspcbsd-plus_559114c95951,excluded
OI_dspcbsd-plus_55e42bfa933c,val
OI_dspcbsd-plus_5676f886e5a4,train
OI_dspcbsd-plus_56b026c4c387,train
OI_dspcbsd-plus_56f5e628ef8b,train
OI_dspcbsd-plus_57147d097f02,train
OI_dspcbsd-plus_571783050fac,train
OI_dspcbsd-plus_571a782a3acf,train
OI_dspcbsd-plus_573b2b066039,train
OI_dspcbsd-plus_5752a31fc64a,train
OI_dspcbsd-plus_57a9d6950728,train
OI_dspcbsd-plus_57c18a7de779,train
OI_dspcbsd-plus_57cb25cbc047,train
OI_dspcbsd-plus_57cc2b103052,train
OI_dspcbsd-plus_57f614f3121d,train
OI_dspcbsd-plus_585bad924931,train
OI_dspcbsd-plus_587f22c5e380,excluded
OI_dspcbsd-plus_5895aa86b90c,train
OI_dspcbsd-plus_590995a6d5ef,train
OI_dspcbsd-plus_590a19dcdf02,train
OI_dspcbsd-plus_5916d0f03be5,val
OI_dspcbsd-plus_591bba57a2fb,val
OI_dspcbsd-plus_593691e602b0,train
OI_dspcbsd-plus_594df4a0c5fb,train
OI_dspcbsd-plus_5967fd2fd64d,train
OI_dspcbsd-plus_598cf2d4e283,train
OI_dspcbsd-plus_59cdb76304a4,train
OI_dspcbsd-plus_59d578ee30fe,train
OI_dspcbsd-plus_59eee433355d,val
OI_dspcbsd-plus_59fde83e9e4e,train
OI_dspcbsd-plus_5a33cae3cef4,train
OI_dspcbsd-plus_5a65d07a10d4,val
OI_dspcbsd-plus_5ad24f764111,train
OI_dspcbsd-plus_5aeef8510a0c,train
OI_dspcbsd-plus_5b0d593e825e,val
OI_dspcbsd-plus_5b2e0afa34f0,train
OI_dspcbsd-plus_5b8c75486456,train
OI_dspcbsd-plus_5b8f51faecea,test
OI_dspcbsd-plus_5bc38d492c6c,excluded
OI_dspcbsd-plus_5beaa1f448c0,train
OI_dspcbsd-plus_5c0ec22eaa5d,excluded
OI_dspcbsd-plus_5c17c66adb4a,train
OI_dspcbsd-plus_5c2589e38bc0,train
OI_dspcbsd-plus_5c2d117e29a2,train
OI_dspcbsd-plus_5c3310761413,test
OI_dspcbsd-plus_5c4d35887dca,val
OI_dspcbsd-plus_5c6fc1be3c7f,excluded
OI_dspcbsd-plus_5ce3e787014e,train
OI_dspcbsd-plus_5cfa1a1b528c,test
OI_dspcbsd-plus_5d32abe08f8b,train
OI_dspcbsd-plus_5d360bc7f12f,train
OI_dspcbsd-plus_5d562bdb420d,train
OI_dspcbsd-plus_5d7712fc9d90,test
OI_dspcbsd-plus_5da3da6ffa68,train
OI_dspcbsd-plus_5dc145fd6a37,train
OI_dspcbsd-plus_5dcf8b0055bd,train
OI_dspcbsd-plus_5e02b355c148,test
OI_dspcbsd-plus_5e237b3e07ad,train
OI_dspcbsd-plus_5e37c61deb05,train
OI_dspcbsd-plus_5e5f8015ebfe,train
OI_dspcbsd-plus_5eb0d3d90856,train
OI_dspcbsd-plus_5ec135dbffab,train
OI_dspcbsd-plus_5ec724eab94e,train
OI_dspcbsd-plus_5eff0ea136b6,val
OI_dspcbsd-plus_5f057b5ad81e,train
OI_dspcbsd-plus_5f19a542f6af,train
OI_dspcbsd-plus_5f1d779d45e4,train
OI_dspcbsd-plus_5f4c5686a669,train
OI_dspcbsd-plus_5f8dc5a1c5e0,test
OI_dspcbsd-plus_5f8e748f24e4,test
OI_dspcbsd-plus_5f9832c7e958,test
OI_dspcbsd-plus_5fd5dd9668d2,val
OI_dspcbsd-plus_5ff1b4d3b0dd,train
OI_dspcbsd-plus_600e0bb4b349,train
OI_dspcbsd-plus_6023c615642f,val
OI_dspcbsd-plus_6088faaa36be,val
OI_dspcbsd-plus_60cadafac1e3,val
OI_dspcbsd-plus_60d6192f3cc0,train
OI_dspcbsd-plus_60e71838f521,train
OI_dspcbsd-plus_60fbebee134e,test
OI_dspcbsd-plus_611909e0970b,train
OI_dspcbsd-plus_6121888b260b,val
OI_dspcbsd-plus_613c6b81528d,test
OI_dspcbsd-plus_6156805e6cd7,test
OI_dspcbsd-plus_61801e015b9a,train
OI_dspcbsd-plus_61874e1234d6,val
OI_dspcbsd-plus_618b14e9cca7,test
OI_dspcbsd-plus_61a38d106071,train
OI_dspcbsd-plus_61b8580691f7,train
OI_dspcbsd-plus_61f2dd453a04,val
OI_dspcbsd-plus_6201cb6b7206,train
OI_dspcbsd-plus_622cb53cefdf,val
OI_dspcbsd-plus_624e04381e39,train
OI_dspcbsd-plus_6255a254618e,val
OI_dspcbsd-plus_6274eb8605a7,val
OI_dspcbsd-plus_62aa75dff8b0,train
OI_dspcbsd-plus_62dd41ad46b3,val
OI_dspcbsd-plus_62e7b85e1293,val
OI_dspcbsd-plus_62f191ebcd74,excluded
OI_dspcbsd-plus_6303c3928db8,train
OI_dspcbsd-plus_635e1a76561b,val
OI_dspcbsd-plus_6377194f5e3f,train
OI_dspcbsd-plus_63807a7ae9e0,train
OI_dspcbsd-plus_63c5b3d8cfbb,excluded
OI_dspcbsd-plus_63cb4a1df3b9,val
OI_dspcbsd-plus_641337fbf3dc,train
OI_dspcbsd-plus_64337148b807,train
OI_dspcbsd-plus_643c01a61276,train
OI_dspcbsd-plus_643f684070a8,train
OI_dspcbsd-plus_647f0429bfcb,train
OI_dspcbsd-plus_64b468de520d,train
OI_dspcbsd-plus_64c029237176,train
OI_dspcbsd-plus_64c2ae4b5ca2,val
OI_dspcbsd-plus_64d1e8ebf065,train
OI_dspcbsd-plus_64e712e268a8,val
OI_dspcbsd-plus_64f6722e3848,train
OI_dspcbsd-plus_6512a1366fc7,train
OI_dspcbsd-plus_652d08eb716b,val
OI_dspcbsd-plus_65937cb7e58a,train
OI_dspcbsd-plus_65b20d0de73c,val
OI_dspcbsd-plus_65e69a47d5a1,train
OI_dspcbsd-plus_66808ad03400,train
OI_dspcbsd-plus_668390559363,train
OI_dspcbsd-plus_6691fd125546,test
OI_dspcbsd-plus_6699ef954ad8,train
OI_dspcbsd-plus_66c759c1989f,test
OI_dspcbsd-plus_66ca446697a1,train
OI_dspcbsd-plus_66d0e5168b03,train
OI_dspcbsd-plus_67243aef71d8,train
OI_dspcbsd-plus_672897d05b3b,train
OI_dspcbsd-plus_67370990251a,val
OI_dspcbsd-plus_676e63210656,train
OI_dspcbsd-plus_676fc564906b,val
OI_dspcbsd-plus_67b13b7878f5,train
OI_dspcbsd-plus_67c3fb8a1134,train
OI_dspcbsd-plus_67dfeb469fe2,train
OI_dspcbsd-plus_681268d3c934,train
OI_dspcbsd-plus_681a122c656b,train
OI_dspcbsd-plus_684584396144,train
OI_dspcbsd-plus_685838aecc96,train
OI_dspcbsd-plus_68719abe64a0,test
OI_dspcbsd-plus_6875250ea33d,val
OI_dspcbsd-plus_6880028e37f3,train
OI_dspcbsd-plus_688733ba4228,test
OI_dspcbsd-plus_689736202c17,train
OI_dspcbsd-plus_68a0b1135421,train
OI_dspcbsd-plus_68b415f6fa17,train
OI_dspcbsd-plus_68d75e4bcb3d,excluded
OI_dspcbsd-plus_68e22ef8c7c4,train
OI_dspcbsd-plus_69096f00fc5e,train
OI_dspcbsd-plus_697966521c6b,train
OI_dspcbsd-plus_697e2c392959,train
OI_dspcbsd-plus_698800c8742b,val
OI_dspcbsd-plus_69aa846083a3,val
OI_dspcbsd-plus_69c6f0d1859a,val
OI_dspcbsd-plus_69e53609fde7,excluded
OI_dspcbsd-plus_69f41d04a600,val
OI_dspcbsd-plus_69fc20ae93cf,train
OI_dspcbsd-plus_6a15718fb436,train
OI_dspcbsd-plus_6a48800ec7c7,val
OI_dspcbsd-plus_6a4f177a63ee,val
OI_dspcbsd-plus_6a79caf94abd,test
OI_dspcbsd-plus_6a9b02493e9e,train
OI_dspcbsd-plus_6ab3edacbd37,train
OI_dspcbsd-plus_6ab8d20b977d,train
OI_dspcbsd-plus_6ad4d2598d1d,test
OI_dspcbsd-plus_6adcf3976034,train
OI_dspcbsd-plus_6adf3cb453aa,test
OI_dspcbsd-plus_6b45bb708fa9,excluded
OI_dspcbsd-plus_6b545dd95cf0,test
OI_dspcbsd-plus_6b6375f061c3,excluded
OI_dspcbsd-plus_6b6d37cd5d62,val
OI_dspcbsd-plus_6b82114ecdb7,val
OI_dspcbsd-plus_6b8e00674821,train
OI_dspcbsd-plus_6bbea64ab8c9,val
OI_dspcbsd-plus_6bf776461d3a,train
OI_dspcbsd-plus_6bfa92491be1,val
OI_dspcbsd-plus_6c0e629a7ee2,train
OI_dspcbsd-plus_6cb498e1cc95,test
OI_dspcbsd-plus_6cbc80f88702,train
OI_dspcbsd-plus_6d14b8ae9dc3,train
OI_dspcbsd-plus_6d17a50f5c6e,test
OI_dspcbsd-plus_6d4259e14c13,train
OI_dspcbsd-plus_6d5078d8bd3f,train
OI_dspcbsd-plus_6d5cdf35c1a0,train
OI_dspcbsd-plus_6dc66227010c,val
OI_dspcbsd-plus_6dc6ba690ae6,val
OI_dspcbsd-plus_6e0b16ddd073,train
OI_dspcbsd-plus_6e10994fa314,train
OI_dspcbsd-plus_6e30cb3c4786,val
OI_dspcbsd-plus_6e3ce20ec3d1,excluded
OI_dspcbsd-plus_6e69b3774dcc,train
OI_dspcbsd-plus_6eeababcc448,train
OI_dspcbsd-plus_6f37d766c54d,val
OI_dspcbsd-plus_6fa0188cce13,val
OI_dspcbsd-plus_6fa1628aff78,val
OI_dspcbsd-plus_6fb45f157dfe,train
OI_dspcbsd-plus_6fb9b98e9391,test
OI_dspcbsd-plus_703ad901a424,train
OI_dspcbsd-plus_7053b899dfcf,train
OI_dspcbsd-plus_7066d74523fd,excluded
OI_dspcbsd-plus_707e70935ab2,train
OI_dspcbsd-plus_70a05a4f4cd0,test
OI_dspcbsd-plus_70b9422fedb1,train
OI_dspcbsd-plus_70f3e33d46fa,val
OI_dspcbsd-plus_710c4eacfcc3,train
OI_dspcbsd-plus_7123f537060c,train
OI_dspcbsd-plus_713dba3eaea1,train
OI_dspcbsd-plus_7162999f37a1,excluded
OI_dspcbsd-plus_718926862c97,val
OI_dspcbsd-plus_71b2203d0b2c,val
OI_dspcbsd-plus_71bf259eb12a,train
OI_dspcbsd-plus_71c07199a1c1,train
OI_dspcbsd-plus_71d5c77bc2da,train
OI_dspcbsd-plus_71da57d623bd,train
OI_dspcbsd-plus_72226e91dda3,train
OI_dspcbsd-plus_7256a8070201,test
OI_dspcbsd-plus_7259d4adb6ea,val
OI_dspcbsd-plus_725aa0053db1,train
OI_dspcbsd-plus_72743edb4e25,test
OI_dspcbsd-plus_72cb10287998,train
OI_dspcbsd-plus_731eefa5d9df,train
OI_dspcbsd-plus_73b554a9f8d2,test
OI_dspcbsd-plus_741c0a4c7658,train
OI_dspcbsd-plus_742848801317,train
OI_dspcbsd-plus_7469da5346a4,train
OI_dspcbsd-plus_74af9d28d2a7,train
OI_dspcbsd-plus_74b13fc9411d,test
OI_dspcbsd-plus_74f5cfefc9eb,train
OI_dspcbsd-plus_753b29c3159a,val
OI_dspcbsd-plus_756229be1a2a,val
OI_dspcbsd-plus_756db0b5d4a4,train
OI_dspcbsd-plus_7589f6ec725e,train
OI_dspcbsd-plus_759901f004bc,excluded
OI_dspcbsd-plus_75ced0a777aa,train
OI_dspcbsd-plus_76788f0e6d07,train
OI_dspcbsd-plus_76bce86712ed,test
OI_dspcbsd-plus_771307285d70,train
OI_dspcbsd-plus_7729223f4f94,train
OI_dspcbsd-plus_7732a3fc1af6,train
OI_dspcbsd-plus_775b9d1a3d54,train
OI_dspcbsd-plus_777041bfd942,val
OI_dspcbsd-plus_77ded6bb1fa3,val
OI_dspcbsd-plus_77dfb4dd25a7,train
OI_dspcbsd-plus_77f1d6820a5b,train
OI_dspcbsd-plus_780860c69c94,train
OI_dspcbsd-plus_782dcb5f7456,val
OI_dspcbsd-plus_78336bdd968c,train
OI_dspcbsd-plus_7835054d52c6,excluded
OI_dspcbsd-plus_78a6012fffe4,test
OI_dspcbsd-plus_78b30c1d02ca,train
OI_dspcbsd-plus_78c7dbcfc85a,val
OI_dspcbsd-plus_78dde7be119d,train
OI_dspcbsd-plus_78e77fda7087,val
OI_dspcbsd-plus_7910b0acb492,val
OI_dspcbsd-plus_792c7e3cc29a,train
OI_dspcbsd-plus_794731f2493f,train
OI_dspcbsd-plus_7970b19b8140,train
OI_dspcbsd-plus_79991a4196fe,train
OI_dspcbsd-plus_79e0cba74699,test
OI_dspcbsd-plus_7a0600398785,test
OI_dspcbsd-plus_7a4bff19d15f,excluded
OI_dspcbsd-plus_7a6dba4c3a43,val
OI_dspcbsd-plus_7a70f7d5f018,train
OI_dspcbsd-plus_7a79f9cc946a,train
OI_dspcbsd-plus_7a870ba1fb49,train
OI_dspcbsd-plus_7a9644822d84,train
OI_dspcbsd-plus_7a99de55708e,train
OI_dspcbsd-plus_7b1ece85abba,excluded
OI_dspcbsd-plus_7b545ca1b70f,train
OI_dspcbsd-plus_7b8ea9b857f2,train
OI_dspcbsd-plus_7bbceadc385b,train
OI_dspcbsd-plus_7be1cc20a1c2,train
OI_dspcbsd-plus_7c0a10926af4,val
OI_dspcbsd-plus_7c41fb1c296a,test
OI_dspcbsd-plus_7c58635ba11c,train
OI_dspcbsd-plus_7cb53cab0c20,test
OI_dspcbsd-plus_7d1ac7ac79f7,train
OI_dspcbsd-plus_7d1fcfd9a1db,train
OI_dspcbsd-plus_7d9815ad3ff2,test
OI_dspcbsd-plus_7dc532759e4f,train
OI_dspcbsd-plus_7e5214349fdf,test
OI_dspcbsd-plus_7e5e75f0f6f9,train
OI_dspcbsd-plus_7eb841bdac1a,train
OI_dspcbsd-plus_7ee3594d8047,train
OI_dspcbsd-plus_7ee4429da7d9,train
OI_dspcbsd-plus_7ef8c1b54634,test
OI_dspcbsd-plus_7f25fc788332,train
OI_dspcbsd-plus_7fa99504a382,val
OI_dspcbsd-plus_7fab6a46d332,train
OI_dspcbsd-plus_8012e389e547,val
OI_dspcbsd-plus_80163e9421ba,val
OI_dspcbsd-plus_803e67f684e5,train
OI_dspcbsd-plus_806a63b1980f,train
OI_dspcbsd-plus_809cb329342e,train
OI_dspcbsd-plus_80a9bcd64951,train
OI_dspcbsd-plus_80ad6d0abd21,train
OI_dspcbsd-plus_815caaa5e7f7,train
OI_dspcbsd-plus_8169c451bb67,train
OI_dspcbsd-plus_8179cca3decc,train
OI_dspcbsd-plus_81c257831e31,train
OI_dspcbsd-plus_81cb333519c4,train
OI_dspcbsd-plus_81e5e4c5391d,train
OI_dspcbsd-plus_823ee90b3486,train
OI_dspcbsd-plus_824d225ff370,train
OI_dspcbsd-plus_82988810bf54,train
OI_dspcbsd-plus_82eede3a2ff9,train
OI_dspcbsd-plus_82ff7f9661f7,val
OI_dspcbsd-plus_8300fdc3b9ff,val
OI_dspcbsd-plus_83123ada38d4,train
OI_dspcbsd-plus_83187907cef1,train
OI_dspcbsd-plus_8376a4f5e90e,train
OI_dspcbsd-plus_83abc721f530,val
OI_dspcbsd-plus_846ddc1fab5f,val
OI_dspcbsd-plus_846ef2b43ab3,test
OI_dspcbsd-plus_8472ce04f8bb,train
OI_dspcbsd-plus_84ab1c67d5dc,train
OI_dspcbsd-plus_84f4f167ee3e,train
OI_dspcbsd-plus_85474c3f47d4,test
OI_dspcbsd-plus_8575f1397fe5,val
OI_dspcbsd-plus_85a45b061bf4,val
OI_dspcbsd-plus_85a9ecaded6b,train
OI_dspcbsd-plus_85c2df01db78,train
OI_dspcbsd-plus_86464686695b,val
OI_dspcbsd-plus_86a5a2f1f3ce,excluded
OI_dspcbsd-plus_86c7e42943bd,train
OI_dspcbsd-plus_86d6904064a2,train
OI_dspcbsd-plus_8775e1fc27ad,train
OI_dspcbsd-plus_87ef7eefe753,train
OI_dspcbsd-plus_880fd323c90d,train
OI_dspcbsd-plus_885179dc7066,train
OI_dspcbsd-plus_8867f46bdc1d,train
OI_dspcbsd-plus_886c7342b7bb,val
OI_dspcbsd-plus_88a7ac995bde,train
OI_dspcbsd-plus_8965d461692b,train
OI_dspcbsd-plus_89a502a66407,train
OI_dspcbsd-plus_89b086ecb1ba,val
OI_dspcbsd-plus_89ceacd9d528,test
OI_dspcbsd-plus_8a39cf260c6a,val
OI_dspcbsd-plus_8a5c0f850c1d,train
OI_dspcbsd-plus_8a60a7395b9e,train
OI_dspcbsd-plus_8a6e2be5f283,train
OI_dspcbsd-plus_8ba235fef3ff,train
OI_dspcbsd-plus_8baaaa395d40,train
OI_dspcbsd-plus_8bc243689837,train
OI_dspcbsd-plus_8bdd5b727ab9,val
OI_dspcbsd-plus_8c01fc4e4152,val
OI_dspcbsd-plus_8c0c47d60539,excluded
OI_dspcbsd-plus_8c5a3cc4b1fa,val
OI_dspcbsd-plus_8c8194d6095b,train
OI_dspcbsd-plus_8cb31cadd738,val
OI_dspcbsd-plus_8cb524e7ff58,train
OI_dspcbsd-plus_8cdc085a2c73,val
OI_dspcbsd-plus_8cf4511fd3ec,train
OI_dspcbsd-plus_8d0ee8649f39,test
OI_dspcbsd-plus_8d1c68fb7347,test
OI_dspcbsd-plus_8d1edd2768c9,train
OI_dspcbsd-plus_8d1ff6353c61,val
OI_dspcbsd-plus_8d36e19cea50,train
OI_dspcbsd-plus_8d3736b21aa5,train
OI_dspcbsd-plus_8d3e51d9d904,train
OI_dspcbsd-plus_8d5b77dfdbc2,train
OI_dspcbsd-plus_8dae81fc568b,train
OI_dspcbsd-plus_8dafdfef7cef,train
OI_dspcbsd-plus_8db69f21b2da,train
OI_dspcbsd-plus_8dfcd87f63ab,val
OI_dspcbsd-plus_8e0cad96e4aa,train
OI_dspcbsd-plus_8e37652fb174,train
OI_dspcbsd-plus_8e45175d8a1a,val
OI_dspcbsd-plus_8e574b1ec734,train
OI_dspcbsd-plus_8ea224106f7c,val
OI_dspcbsd-plus_8ebb33a08537,train
OI_dspcbsd-plus_8ec63981d503,test
OI_dspcbsd-plus_8ec7736ccb84,test
OI_dspcbsd-plus_8ecd8f208c68,test
OI_dspcbsd-plus_8edd98080171,train
OI_dspcbsd-plus_8f213396a547,test
OI_dspcbsd-plus_8f251a972e1b,train
OI_dspcbsd-plus_8f382521c379,train
OI_dspcbsd-plus_8f69a3372b46,train
OI_dspcbsd-plus_8fbfaabaaf62,train
OI_dspcbsd-plus_8ff3a34cbeb5,train
OI_dspcbsd-plus_8ff50c0b94cd,test
OI_dspcbsd-plus_9027125d8c17,val
OI_dspcbsd-plus_902aa4fd2678,train
OI_dspcbsd-plus_90cf4f0f3abe,train
OI_dspcbsd-plus_90d61df78610,train
OI_dspcbsd-plus_9120570b8609,train
OI_dspcbsd-plus_919ca0b8dc84,train
OI_dspcbsd-plus_91af1fc968e5,train
OI_dspcbsd-plus_91bf1f3756f5,train
OI_dspcbsd-plus_91d98faebcd4,train
OI_dspcbsd-plus_91e84390d1e9,train
OI_dspcbsd-plus_91ee9b2e9d70,train
OI_dspcbsd-plus_91f346f05b9e,train
OI_dspcbsd-plus_91ff658db3b3,train
OI_dspcbsd-plus_924f55cef510,test
OI_dspcbsd-plus_927ee341a778,train
OI_dspcbsd-plus_927f9aab860d,val
OI_dspcbsd-plus_92a049bc5103,train
OI_dspcbsd-plus_9327a3fa2db1,train
OI_dspcbsd-plus_934c784eba0e,train
OI_dspcbsd-plus_9364cf026c72,val
OI_dspcbsd-plus_936a7e8f0621,val
OI_dspcbsd-plus_93accb8cf5af,train
OI_dspcbsd-plus_93b203cd6def,val
OI_dspcbsd-plus_93ba9caa6180,train
OI_dspcbsd-plus_93d5b92757c7,test
OI_dspcbsd-plus_93da1f06e0f9,val
OI_dspcbsd-plus_93e5310d5397,train
OI_dspcbsd-plus_93f8674ab1f5,train
OI_dspcbsd-plus_946ee223b1b6,train
OI_dspcbsd-plus_94745f05cf40,excluded
OI_dspcbsd-plus_94b72549851c,train
OI_dspcbsd-plus_94bfe99384ec,val
OI_dspcbsd-plus_94cf94da9b76,val
OI_dspcbsd-plus_952191be0b91,excluded
OI_dspcbsd-plus_9534d526fc87,train
OI_dspcbsd-plus_9574e31b3a83,train
OI_dspcbsd-plus_95b79b568fba,train
OI_dspcbsd-plus_95c9554e9879,val
OI_dspcbsd-plus_95d4a2ce6281,train
OI_dspcbsd-plus_95d67fbfcfd5,val
OI_dspcbsd-plus_961d1c794d53,train
OI_dspcbsd-plus_9662587f89da,train
OI_dspcbsd-plus_966b45827d3d,train
OI_dspcbsd-plus_9671e1c0d42f,val
OI_dspcbsd-plus_96dde8a944d1,test
OI_dspcbsd-plus_96ef466681b5,train
OI_dspcbsd-plus_9729bee1df03,train
OI_dspcbsd-plus_9768bc67be7c,val
OI_dspcbsd-plus_97884281589f,excluded
OI_dspcbsd-plus_97dcd9f5bf98,train
OI_dspcbsd-plus_9826aa799b39,train
OI_dspcbsd-plus_986c4ea48075,train
OI_dspcbsd-plus_98767ef1bcb0,train
OI_dspcbsd-plus_9882a51ef116,val
OI_dspcbsd-plus_9890cfc0605f,train
OI_dspcbsd-plus_989ff4cf7601,train
OI_dspcbsd-plus_98a73fcc6580,val
OI_dspcbsd-plus_98ba7fb73bd6,val
OI_dspcbsd-plus_98dd22b6ed69,train
OI_dspcbsd-plus_98f01f098e7d,train
OI_dspcbsd-plus_99729846b0ba,train
OI_dspcbsd-plus_99777d005f4e,train
OI_dspcbsd-plus_9980541efe2c,val
OI_dspcbsd-plus_99e177d8d22f,train
OI_dspcbsd-plus_9a0f2749faf3,train
OI_dspcbsd-plus_9a26a9807b7e,train
OI_dspcbsd-plus_9a36bc7f1232,train
OI_dspcbsd-plus_9a4f5e52566d,train
OI_dspcbsd-plus_9a92a42af6d5,train
OI_dspcbsd-plus_9ab5dc79cae5,train
OI_dspcbsd-plus_9ad7cdfaa6d7,val
OI_dspcbsd-plus_9ada93dc89b4,val
OI_dspcbsd-plus_9aec937cdf1a,train
OI_dspcbsd-plus_9b1d4a40fe5b,train
OI_dspcbsd-plus_9b6e88fb7888,train
OI_dspcbsd-plus_9b9819e29532,val
OI_dspcbsd-plus_9ba529913caf,train
OI_dspcbsd-plus_9bd99c2dfa0b,train
OI_dspcbsd-plus_9bf637b56bb3,val
OI_dspcbsd-plus_9bfb15762313,train
OI_dspcbsd-plus_9bfd955445c2,val
OI_dspcbsd-plus_9c049a5126c8,train
OI_dspcbsd-plus_9c24a8644fa1,train
OI_dspcbsd-plus_9c4f3eeba1bc,train
OI_dspcbsd-plus_9c549946fa4a,train
OI_dspcbsd-plus_9c90ddabdca3,train
OI_dspcbsd-plus_9d6ce42fd86e,train
OI_dspcbsd-plus_9d6d0ad78f16,train
OI_dspcbsd-plus_9d70bed813ff,val
OI_dspcbsd-plus_9d96e6af0b38,train
OI_dspcbsd-plus_9e57ba54f83e,train
OI_dspcbsd-plus_9e679587e516,train
OI_dspcbsd-plus_9ede34aace44,val
OI_dspcbsd-plus_9f3eb631ce02,train
OI_dspcbsd-plus_9f641e675df7,train
OI_dspcbsd-plus_9f7b55dadba0,train
OI_dspcbsd-plus_9f8272043024,train
OI_dspcbsd-plus_9fd7ac48457d,train
OI_dspcbsd-plus_9fd8021fc489,train
OI_dspcbsd-plus_9ff562168582,train
OI_dspcbsd-plus_a022f21892ab,test
OI_dspcbsd-plus_a023a02d36af,val
OI_dspcbsd-plus_a091aa3a105f,val
OI_dspcbsd-plus_a0abd672a651,val
OI_dspcbsd-plus_a0dc50e55166,train
OI_dspcbsd-plus_a12828c65f3a,test
OI_dspcbsd-plus_a16cbf96de39,val
OI_dspcbsd-plus_a195f0895f5a,val
OI_dspcbsd-plus_a1aaa12fdc2a,train
OI_dspcbsd-plus_a1c516500ff7,test
OI_dspcbsd-plus_a1d9bdad5249,test
OI_dspcbsd-plus_a1dcc8941ff0,train
OI_dspcbsd-plus_a1e030b97d45,train
OI_dspcbsd-plus_a1f0c9c3b3fd,train
OI_dspcbsd-plus_a20ab556c202,train
OI_dspcbsd-plus_a21ac085261d,train
OI_dspcbsd-plus_a2308c1879ef,train
OI_dspcbsd-plus_a23daadbce18,train
OI_dspcbsd-plus_a2432529583b,train
OI_dspcbsd-plus_a297cf6b3527,excluded
OI_dspcbsd-plus_a29d78fbd295,test
OI_dspcbsd-plus_a2c11f772ee4,train
OI_dspcbsd-plus_a2dcb4c6674a,train
OI_dspcbsd-plus_a2ef4bd36a1b,val
OI_dspcbsd-plus_a2f9dc8bf3c4,train
OI_dspcbsd-plus_a33cd1bc44e8,train
OI_dspcbsd-plus_a362c6af6bfb,val
OI_dspcbsd-plus_a3b2817aa60a,train
OI_dspcbsd-plus_a3d72109611f,val
OI_dspcbsd-plus_a43136785b2c,train
OI_dspcbsd-plus_a447cf91b72f,test
OI_dspcbsd-plus_a48b50cb622f,train
OI_dspcbsd-plus_a4aa503b802e,val
OI_dspcbsd-plus_a4d97e1bb28d,train
OI_dspcbsd-plus_a4ed397b28bd,test
OI_dspcbsd-plus_a50d2f9a83b5,train
OI_dspcbsd-plus_a51a197a8bfc,excluded
OI_dspcbsd-plus_a530f6559094,train
OI_dspcbsd-plus_a56244ee6085,val
OI_dspcbsd-plus_a5670cbbafdd,val
OI_dspcbsd-plus_a5de5728013c,val
OI_dspcbsd-plus_a5fbc713dc1d,train
OI_dspcbsd-plus_a5ff273bd7b5,train
OI_dspcbsd-plus_a60ee54bbf43,train
OI_dspcbsd-plus_a682f1b2bdac,val
OI_dspcbsd-plus_a6a2ee6b5768,val
OI_dspcbsd-plus_a6ba8a5ab41f,train
OI_dspcbsd-plus_a6cb6c76b297,val
OI_dspcbsd-plus_a6f493e08d9c,train
OI_dspcbsd-plus_a6feb356dba8,test
OI_dspcbsd-plus_a72dd04414c2,excluded
OI_dspcbsd-plus_a757533c00ad,test
OI_dspcbsd-plus_a77eee08b680,test
OI_dspcbsd-plus_a78d0c5efd8c,val
OI_dspcbsd-plus_a7df03440df3,train
OI_dspcbsd-plus_a80a70d069af,train
OI_dspcbsd-plus_a81617a47311,train
OI_dspcbsd-plus_a81a047aba2e,train
OI_dspcbsd-plus_a830a75d1e8d,train
OI_dspcbsd-plus_a8320d5068f9,train
OI_dspcbsd-plus_a84af65f3f5d,train
OI_dspcbsd-plus_a84ff1d14862,val
OI_dspcbsd-plus_a871fe14dd3c,test
OI_dspcbsd-plus_a8f3acb9e18e,train
OI_dspcbsd-plus_a93ed6e3ab38,train
OI_dspcbsd-plus_a952348bd973,val
OI_dspcbsd-plus_a9901460b81c,train
OI_dspcbsd-plus_a9ec78815132,val
OI_dspcbsd-plus_aa1dc21ba7b5,train
OI_dspcbsd-plus_aa28e7147305,train
OI_dspcbsd-plus_aa39efc54180,train
OI_dspcbsd-plus_aa8bc6138582,train
OI_dspcbsd-plus_aab69cd0dec7,val
OI_dspcbsd-plus_aab8b8266436,train
OI_dspcbsd-plus_aacc7f09063e,train
OI_dspcbsd-plus_aad13eafd91c,test
OI_dspcbsd-plus_aad4953e3e73,val
OI_dspcbsd-plus_aae104acf813,train
OI_dspcbsd-plus_aaf4535cb5dc,train
OI_dspcbsd-plus_aafabd263519,train
OI_dspcbsd-plus_ab085d59e66f,train
OI_dspcbsd-plus_ab25c96abd6e,test
OI_dspcbsd-plus_ab280a868050,excluded
OI_dspcbsd-plus_ab4db57f46f0,val
OI_dspcbsd-plus_ab9574785b45,train
OI_dspcbsd-plus_aba62b7d610c,excluded
OI_dspcbsd-plus_ac20f4782bf2,val
OI_dspcbsd-plus_ac71cd91f275,train
OI_dspcbsd-plus_ac8046677cf9,train
OI_dspcbsd-plus_ac90c0708d8b,train
OI_dspcbsd-plus_ac9c0a26f3a2,train
OI_dspcbsd-plus_acdb440f7971,val
OI_dspcbsd-plus_ace9bbf41291,test
OI_dspcbsd-plus_ad02d7d85306,train
OI_dspcbsd-plus_ad148031aa23,val
OI_dspcbsd-plus_ad289f319e8a,val
OI_dspcbsd-plus_ad8c23e0dc10,train
OI_dspcbsd-plus_ad9221e3aa66,train
OI_dspcbsd-plus_ad9f0c3d9ae9,train
OI_dspcbsd-plus_ada9681a1291,train
OI_dspcbsd-plus_ae17acd0d4ec,train
OI_dspcbsd-plus_ae1ad4fb7d86,train
OI_dspcbsd-plus_ae3b90c9bdf9,train
OI_dspcbsd-plus_ae3c0c800c3e,train
OI_dspcbsd-plus_ae45beaa3b39,train
OI_dspcbsd-plus_ae78cfd37057,val
OI_dspcbsd-plus_ae7aed33ce86,val
OI_dspcbsd-plus_ae899655007b,excluded
OI_dspcbsd-plus_ae8ec7bbe859,excluded
OI_dspcbsd-plus_aecaafe6ea19,test
OI_dspcbsd-plus_af17e1d73048,val
OI_dspcbsd-plus_af38fb0be62a,train
OI_dspcbsd-plus_af42cb7e1bcf,test
OI_dspcbsd-plus_af43de041730,excluded
OI_dspcbsd-plus_af65a7536541,val
OI_dspcbsd-plus_afb2fb9e150b,val
OI_dspcbsd-plus_b050ec1615fb,train
OI_dspcbsd-plus_b06e069417e8,train
OI_dspcbsd-plus_b0d151d82906,excluded
OI_dspcbsd-plus_b11b97356110,val
OI_dspcbsd-plus_b14aad413a6d,train
OI_dspcbsd-plus_b1ab48b44d8b,train
OI_dspcbsd-plus_b1ac34705311,train
OI_dspcbsd-plus_b1b8c15849db,val
OI_dspcbsd-plus_b1d7bd5c7626,test
OI_dspcbsd-plus_b1e48580f669,val
OI_dspcbsd-plus_b1ea2a0f2b5d,train
OI_dspcbsd-plus_b1ea4ebe8964,train
OI_dspcbsd-plus_b1f8edef84c4,train
OI_dspcbsd-plus_b2710312869e,train
OI_dspcbsd-plus_b2bb2e1ffe25,val
OI_dspcbsd-plus_b2ca23bdb92b,train
OI_dspcbsd-plus_b2cd41df7868,val
OI_dspcbsd-plus_b2d425e41859,train
OI_dspcbsd-plus_b2ed651dfd26,train
OI_dspcbsd-plus_b3a56274dd84,train
OI_dspcbsd-plus_b3ac114a44a7,train
OI_dspcbsd-plus_b40f730e9c3b,train
OI_dspcbsd-plus_b4401a8a7041,val
OI_dspcbsd-plus_b45031b94c81,train
OI_dspcbsd-plus_b472dc390f0c,train
OI_dspcbsd-plus_b47e61a5844a,train
OI_dspcbsd-plus_b48d6d8c25ad,train
OI_dspcbsd-plus_b49baa642004,val
OI_dspcbsd-plus_b49e61ca832e,train
OI_dspcbsd-plus_b4fa7c96926c,val
OI_dspcbsd-plus_b519e73d42e7,train
OI_dspcbsd-plus_b53574011833,train
OI_dspcbsd-plus_b58fdb94e478,train
OI_dspcbsd-plus_b5ad5aaf0418,val
OI_dspcbsd-plus_b5b37a96a6ae,train
OI_dspcbsd-plus_b5b79e421068,train
OI_dspcbsd-plus_b5c6855fe517,test
OI_dspcbsd-plus_b5cc8da5bcc3,train
OI_dspcbsd-plus_b61b932cc62a,train
OI_dspcbsd-plus_b635c4b6285c,excluded
OI_dspcbsd-plus_b6583c6d1c5f,train
OI_dspcbsd-plus_b69f50b43eee,train
OI_dspcbsd-plus_b6aaf785fb8d,train
OI_dspcbsd-plus_b6d8cecde680,train
OI_dspcbsd-plus_b75443adf49f,val
OI_dspcbsd-plus_b75f42a20ffa,train
OI_dspcbsd-plus_b77b8bdb860c,train
OI_dspcbsd-plus_b788cc50be7c,train
OI_dspcbsd-plus_b79d102dffa7,train
OI_dspcbsd-plus_b7c002409f0e,val
OI_dspcbsd-plus_b7e9c6c709c0,train
OI_dspcbsd-plus_b8031f4f61eb,train
OI_dspcbsd-plus_b8128481d59d,val
OI_dspcbsd-plus_b821e27ea27b,train
OI_dspcbsd-plus_b85b5e071b18,train
OI_dspcbsd-plus_b89eb9521f7a,train
OI_dspcbsd-plus_b900c89062e7,train
OI_dspcbsd-plus_b92a12f59d82,train
OI_dspcbsd-plus_b9a0a896e4bb,excluded
OI_dspcbsd-plus_b9bb387b50b4,val
OI_dspcbsd-plus_b9f2a7c4adce,train
OI_dspcbsd-plus_b9f622bd3342,train
OI_dspcbsd-plus_b9f6f3d73ced,excluded
OI_dspcbsd-plus_ba0e775b1497,train
OI_dspcbsd-plus_ba25f83c1ee3,train
OI_dspcbsd-plus_ba631c577c5f,train
OI_dspcbsd-plus_baa2a2c91a3d,test
OI_dspcbsd-plus_bacd34567193,train
OI_dspcbsd-plus_bb30017df2ca,excluded
OI_dspcbsd-plus_bb31b6410d9f,train
OI_dspcbsd-plus_bb3e349132f6,test
OI_dspcbsd-plus_bb6039925956,train
OI_dspcbsd-plus_bb9eabadaeb7,train
OI_dspcbsd-plus_bbef178a1791,train
OI_dspcbsd-plus_bc63898d2b83,excluded
OI_dspcbsd-plus_bcdc17d39f24,train
OI_dspcbsd-plus_bcedffdf5c91,train
OI_dspcbsd-plus_bd398106e770,val
OI_dspcbsd-plus_bd77cb67b9cc,train
OI_dspcbsd-plus_bd89cd812964,train
OI_dspcbsd-plus_bd8a896c17ef,train
OI_dspcbsd-plus_bd94a56fe6ce,train
OI_dspcbsd-plus_bda871a012d9,train
OI_dspcbsd-plus_bdae9c6e937e,train
OI_dspcbsd-plus_bdb7494aa4e5,test
OI_dspcbsd-plus_bdbe69686b11,val
OI_dspcbsd-plus_bdc935fa9972,excluded
OI_dspcbsd-plus_bdef5e1dd133,test
OI_dspcbsd-plus_be0952409abd,val
OI_dspcbsd-plus_be0dea80abfc,val
OI_dspcbsd-plus_be2c9a110964,train
OI_dspcbsd-plus_be5363e5fa5f,train
OI_dspcbsd-plus_be53774132fc,val
OI_dspcbsd-plus_be6876eea310,train
OI_dspcbsd-plus_be7d0fcab858,train
OI_dspcbsd-plus_be7f7b9e7574,train
OI_dspcbsd-plus_bede6ca1c41f,train
OI_dspcbsd-plus_bf0002c87620,train
OI_dspcbsd-plus_bf112b0b4652,val
OI_dspcbsd-plus_bf422a18b3a3,train
OI_dspcbsd-plus_bf775c8ef56e,val
OI_dspcbsd-plus_bf77da9ba0b3,train
OI_dspcbsd-plus_bf7b3503630c,val
OI_dspcbsd-plus_bf978ba21370,test
OI_dspcbsd-plus_bfa2bb933a68,test
OI_dspcbsd-plus_bfbde6c42304,train
OI_dspcbsd-plus_bfbe7941bc0b,val
OI_dspcbsd-plus_c030603ed80d,train
OI_dspcbsd-plus_c0333227b244,test
OI_dspcbsd-plus_c038d894bbe6,train
OI_dspcbsd-plus_c0603db2dbd4,train
OI_dspcbsd-plus_c06df8016b9e,train
OI_dspcbsd-plus_c0aa929d9d69,train
OI_dspcbsd-plus_c0bc68b43caa,train
OI_dspcbsd-plus_c119e2995e0e,train
OI_dspcbsd-plus_c122ec5f8143,train
OI_dspcbsd-plus_c159d46d3f91,train
OI_dspcbsd-plus_c159fd3141bc,val
OI_dspcbsd-plus_c15db8a8be7b,train
OI_dspcbsd-plus_c1972fdb4356,train
OI_dspcbsd-plus_c1d333ab46cc,train
OI_dspcbsd-plus_c22b9036e836,train
OI_dspcbsd-plus_c23649ab455b,train
OI_dspcbsd-plus_c26953dbfa49,val
OI_dspcbsd-plus_c26fe87b3bd7,val
OI_dspcbsd-plus_c270f423c507,excluded
OI_dspcbsd-plus_c276b7fa1b6b,train
OI_dspcbsd-plus_c2e71922ec0a,train
OI_dspcbsd-plus_c337c8075a00,test
OI_dspcbsd-plus_c338575b2b36,train
OI_dspcbsd-plus_c347b9f2e583,train
OI_dspcbsd-plus_c36e761c3878,val
OI_dspcbsd-plus_c36edbee1c86,train
OI_dspcbsd-plus_c383a96ca16b,train
OI_dspcbsd-plus_c384a24c308d,test
OI_dspcbsd-plus_c3ab3db0a2a8,val
OI_dspcbsd-plus_c3c551aa8dd0,train
OI_dspcbsd-plus_c3f3f60dcd07,train
OI_dspcbsd-plus_c481c80a1022,train
OI_dspcbsd-plus_c484681430cd,train
OI_dspcbsd-plus_c492a3f0fc4f,val
OI_dspcbsd-plus_c4be35653bf6,val
OI_dspcbsd-plus_c5113c266741,train
OI_dspcbsd-plus_c5156f85e4fa,val
OI_dspcbsd-plus_c52a8974f9a9,train
OI_dspcbsd-plus_c53f8b293471,train
OI_dspcbsd-plus_c57e04ca68ce,val
OI_dspcbsd-plus_c5c737f691f6,train
OI_dspcbsd-plus_c5eeb9ce0f1b,train
OI_dspcbsd-plus_c61e87f32122,val
OI_dspcbsd-plus_c6314b947a0c,excluded
OI_dspcbsd-plus_c63aa8ad94b7,val
OI_dspcbsd-plus_c63f6c3f82ed,train
OI_dspcbsd-plus_c6f5b5eb7a09,train
OI_dspcbsd-plus_c735398f27d2,val
OI_dspcbsd-plus_c76970d351c3,train
OI_dspcbsd-plus_c7aedcd9ff68,train
OI_dspcbsd-plus_c7cca51d4df5,train
OI_dspcbsd-plus_c810a0a63a9b,train
OI_dspcbsd-plus_c8308c469400,val
OI_dspcbsd-plus_c84d45fca15b,excluded
OI_dspcbsd-plus_c8527110290e,train
OI_dspcbsd-plus_c8918ad12135,train
OI_dspcbsd-plus_c8c195ba1147,val
OI_dspcbsd-plus_c9606763368c,train
OI_dspcbsd-plus_c9a370cd77e6,test
OI_dspcbsd-plus_c9f1ed3c089f,train
OI_dspcbsd-plus_c9ff63b2ffff,train
OI_dspcbsd-plus_ca27fc699e97,excluded
OI_dspcbsd-plus_ca2ed5162b07,train
OI_dspcbsd-plus_ca3c6f6a776d,train
OI_dspcbsd-plus_ca44a12153a3,train
OI_dspcbsd-plus_ca4af046e66b,val
OI_dspcbsd-plus_ca520caede4d,test
OI_dspcbsd-plus_ca848d610b4b,train
OI_dspcbsd-plus_caa5479bbb7c,val
OI_dspcbsd-plus_cad158387953,val
OI_dspcbsd-plus_cad831f1a3a9,val
OI_dspcbsd-plus_cad8662206d8,excluded
OI_dspcbsd-plus_cb04d6c31275,val
OI_dspcbsd-plus_cb1d7e5227ff,train
OI_dspcbsd-plus_cb79b3e3bfbc,val
OI_dspcbsd-plus_cbc8f0a79c37,train
OI_dspcbsd-plus_cbcb908efc36,test
OI_dspcbsd-plus_cbdc6fb83cb2,val
OI_dspcbsd-plus_cbe27e84a9b7,train
OI_dspcbsd-plus_cbf51e227660,train
OI_dspcbsd-plus_cc18a59105fb,train
OI_dspcbsd-plus_cc21ea2915de,train
OI_dspcbsd-plus_cc3e566d7c4f,val
OI_dspcbsd-plus_cc4925c72166,train
OI_dspcbsd-plus_cc772de8b672,train
OI_dspcbsd-plus_ccf801dd9bab,excluded
OI_dspcbsd-plus_cd0d8b28ad25,train
OI_dspcbsd-plus_cd432d3ad78e,train
OI_dspcbsd-plus_cd89eb6dad74,val
OI_dspcbsd-plus_cdb5e8423267,train
OI_dspcbsd-plus_cdb66e719d3a,test
OI_dspcbsd-plus_cdf7d5f64d31,train
OI_dspcbsd-plus_ce5530a278aa,train
OI_dspcbsd-plus_ce9419bf6cf3,val
OI_dspcbsd-plus_cec2bfeff988,val
OI_dspcbsd-plus_ceccb2174cb4,test
OI_dspcbsd-plus_ceddf8cb2fca,val
OI_dspcbsd-plus_cf0ecd7f8280,train
OI_dspcbsd-plus_cf35ad704923,val
OI_dspcbsd-plus_cf4c5efef869,train
OI_dspcbsd-plus_cf553f257b9e,train
OI_dspcbsd-plus_cf9cb661df74,train
OI_dspcbsd-plus_cf9f35fe4359,val
OI_dspcbsd-plus_cfc4b3c356e1,train
OI_dspcbsd-plus_cfce6f3a6b30,excluded
OI_dspcbsd-plus_d0022de4344d,train
OI_dspcbsd-plus_d0162a0fcf9e,val
OI_dspcbsd-plus_d0a339272a80,train
OI_dspcbsd-plus_d0d2c5608267,train
OI_dspcbsd-plus_d0f440be3c60,train
OI_dspcbsd-plus_d171095b9c0f,train
OI_dspcbsd-plus_d174f4628f9d,train
OI_dspcbsd-plus_d1a2df056705,train
OI_dspcbsd-plus_d1eb023e1821,train
OI_dspcbsd-plus_d1eee01bfe75,train
OI_dspcbsd-plus_d1f77e99b9e1,val
OI_dspcbsd-plus_d2498a126c2d,train
OI_dspcbsd-plus_d2653b3192ae,test
OI_dspcbsd-plus_d289e9e4b9ce,train
OI_dspcbsd-plus_d2a94b4a67fb,train
OI_dspcbsd-plus_d2b80aba79c2,train
OI_dspcbsd-plus_d32e9323e0ec,train
OI_dspcbsd-plus_d3454cc90ec4,train
OI_dspcbsd-plus_d37582a8986f,train
OI_dspcbsd-plus_d3798c3157b3,excluded
OI_dspcbsd-plus_d39579f4f800,train
OI_dspcbsd-plus_d3ba21aba78b,test
OI_dspcbsd-plus_d3cf44381c59,train
OI_dspcbsd-plus_d3e7117e8f45,train
OI_dspcbsd-plus_d42ed7196754,train
OI_dspcbsd-plus_d451663731c1,val
OI_dspcbsd-plus_d46868f80a39,train
OI_dspcbsd-plus_d49a8179be0d,train
OI_dspcbsd-plus_d4b4d1d7c9c3,val
OI_dspcbsd-plus_d4bf5e74e96e,train
OI_dspcbsd-plus_d4f144e30caf,train
OI_dspcbsd-plus_d506eb92309b,train
OI_dspcbsd-plus_d5182aba0bc0,train
OI_dspcbsd-plus_d520f047e175,train
OI_dspcbsd-plus_d5375ff1bd3b,train
OI_dspcbsd-plus_d53dfbb7813d,test
OI_dspcbsd-plus_d543a2eb0d69,train
OI_dspcbsd-plus_d568877179fa,train
OI_dspcbsd-plus_d587977a15b4,train
OI_dspcbsd-plus_d58f9f335e80,train
OI_dspcbsd-plus_d5dc03d72a6a,train
OI_dspcbsd-plus_d608ef354995,val
OI_dspcbsd-plus_d636a98400ed,train
OI_dspcbsd-plus_d6599e05b4ee,train
OI_dspcbsd-plus_d66fb9e98b43,test
OI_dspcbsd-plus_d679762d9e84,train
OI_dspcbsd-plus_d6cdf3abf6b9,train
OI_dspcbsd-plus_d6dda7ae40e2,val
OI_dspcbsd-plus_d72ea7e72441,excluded
OI_dspcbsd-plus_d745509e8bfd,train
OI_dspcbsd-plus_d755827f0318,train
OI_dspcbsd-plus_d757af982a2c,train
OI_dspcbsd-plus_d7963a7b059e,train
OI_dspcbsd-plus_d7c5ad48fe32,excluded
OI_dspcbsd-plus_d7d2a23b357a,val
OI_dspcbsd-plus_d7d80eeb458c,train
OI_dspcbsd-plus_d7fd3eb43c62,train
OI_dspcbsd-plus_d81ed8f58531,val
OI_dspcbsd-plus_d828e15ada7e,train
OI_dspcbsd-plus_d881731680a7,train
OI_dspcbsd-plus_d8a9121c8691,val
OI_dspcbsd-plus_d8b100b14a80,val
OI_dspcbsd-plus_d9065fa1a01b,train
OI_dspcbsd-plus_d92eff61518c,val
OI_dspcbsd-plus_d958a082bdbd,train
OI_dspcbsd-plus_d9794ae336a7,train
OI_dspcbsd-plus_d980c1541c5b,train
OI_dspcbsd-plus_d9a47bb609a4,train
OI_dspcbsd-plus_d9aa4e54ad55,test
OI_dspcbsd-plus_d9dc53252bf8,train
OI_dspcbsd-plus_da2d103ec487,test
OI_dspcbsd-plus_daa72f733598,train
OI_dspcbsd-plus_daaf28d6962b,train
OI_dspcbsd-plus_daf392e23072,train
OI_dspcbsd-plus_dafd0be4aaa3,train
OI_dspcbsd-plus_db01da430dc6,train
OI_dspcbsd-plus_db05eb269461,train
OI_dspcbsd-plus_db0792e17889,train
OI_dspcbsd-plus_db426ef803e8,train
OI_dspcbsd-plus_db4ed1aa6486,excluded
OI_dspcbsd-plus_db78a39fd791,train
OI_dspcbsd-plus_db7e5c63a05c,train
OI_dspcbsd-plus_dbe3bb059a54,val
OI_dspcbsd-plus_dc00d4ec33cc,test
OI_dspcbsd-plus_dc162c4f6682,train
OI_dspcbsd-plus_dc21ed364a83,val
OI_dspcbsd-plus_dc9a251ff6ed,train
OI_dspcbsd-plus_dcd054f970df,train
OI_dspcbsd-plus_dd0b19d70fbe,train
OI_dspcbsd-plus_dd0da4765d93,train
OI_dspcbsd-plus_dd195b2ac796,train
OI_dspcbsd-plus_dd1963103ee3,train
OI_dspcbsd-plus_dd1ecd2e54f8,val
OI_dspcbsd-plus_dd4595ac7097,train
OI_dspcbsd-plus_dd62a56e43f8,excluded
OI_dspcbsd-plus_dd6885c4381a,train
OI_dspcbsd-plus_dd916c34392b,train
OI_dspcbsd-plus_dda48a6f621d,train
OI_dspcbsd-plus_ddbc479abc1e,train
OI_dspcbsd-plus_ddc82030af15,test
OI_dspcbsd-plus_ddfbb9b3396a,test
OI_dspcbsd-plus_ddfc835739eb,val
OI_dspcbsd-plus_de2b8694622a,train
OI_dspcbsd-plus_de3288f3e172,val
OI_dspcbsd-plus_de38b28bfccc,train
OI_dspcbsd-plus_de4c667daf05,train
OI_dspcbsd-plus_de8363aaa06e,train
OI_dspcbsd-plus_deb916259494,train
OI_dspcbsd-plus_deca64b38c7f,val
OI_dspcbsd-plus_deda38b4f276,train
OI_dspcbsd-plus_df00582cb4e5,train
OI_dspcbsd-plus_df6dbce05ee8,val
OI_dspcbsd-plus_df7a904514ef,train
OI_dspcbsd-plus_df8fe470ee1d,train
OI_dspcbsd-plus_dfade66271d5,train
OI_dspcbsd-plus_dfb5eb53fcf7,test
OI_dspcbsd-plus_dfb6442bec27,train
OI_dspcbsd-plus_dfcf0e32fdfa,test
OI_dspcbsd-plus_dfd13bb63fef,val
OI_dspcbsd-plus_dff596c4a9d3,train
OI_dspcbsd-plus_e00d231c249b,train
OI_dspcbsd-plus_e052e778028c,val
OI_dspcbsd-plus_e0567fed2852,train
OI_dspcbsd-plus_e0a464442e4f,excluded
OI_dspcbsd-plus_e0b0f378bcca,train
OI_dspcbsd-plus_e0da243d9723,val
OI_dspcbsd-plus_e0e63b276110,train
OI_dspcbsd-plus_e1159a76cdef,val
OI_dspcbsd-plus_e1383b26aec0,train
OI_dspcbsd-plus_e14c3e895671,train
OI_dspcbsd-plus_e17d770854f9,train
OI_dspcbsd-plus_e18610226a54,val
OI_dspcbsd-plus_e1a099b629d2,val
OI_dspcbsd-plus_e1c348e59799,train
OI_dspcbsd-plus_e1dbe1fc30d2,train
OI_dspcbsd-plus_e1f55de3535f,train
OI_dspcbsd-plus_e20fe4cb862d,excluded
OI_dspcbsd-plus_e218c9ba29ad,train
OI_dspcbsd-plus_e242ada2a66e,train
OI_dspcbsd-plus_e2692329fa2c,train
OI_dspcbsd-plus_e26be2d28cbf,train
OI_dspcbsd-plus_e2a0c4c6f12f,train
OI_dspcbsd-plus_e2aa7d848d21,train
OI_dspcbsd-plus_e2cc001b56b8,val
OI_dspcbsd-plus_e2d886ceff6f,train
OI_dspcbsd-plus_e33afbad27e5,train
OI_dspcbsd-plus_e36c7c7b498c,train
OI_dspcbsd-plus_e389a0c37465,train
OI_dspcbsd-plus_e394ad739329,train
OI_dspcbsd-plus_e3a4d0fa0e57,train
OI_dspcbsd-plus_e3acda15e8fa,train
OI_dspcbsd-plus_e3b427460bef,train
OI_dspcbsd-plus_e3ca4da893e8,val
OI_dspcbsd-plus_e3ee3df12abc,val
OI_dspcbsd-plus_e421c58f5dd6,val
OI_dspcbsd-plus_e42ed176bcb9,train
OI_dspcbsd-plus_e4561df331a4,train
OI_dspcbsd-plus_e45e8a5582ea,val
OI_dspcbsd-plus_e4ff27f71217,train
OI_dspcbsd-plus_e512e1ce1c84,train
OI_dspcbsd-plus_e51de3301549,train
OI_dspcbsd-plus_e52170558078,test
OI_dspcbsd-plus_e5414782975f,train
OI_dspcbsd-plus_e557153beabf,train
OI_dspcbsd-plus_e5aae06b1f64,train
OI_dspcbsd-plus_e5d4f1f9f002,val
OI_dspcbsd-plus_e5fb8a42351a,train
OI_dspcbsd-plus_e60fdc8368f0,train
OI_dspcbsd-plus_e610beb24353,val
OI_dspcbsd-plus_e614cd8be7b6,train
OI_dspcbsd-plus_e626c6d62273,train
OI_dspcbsd-plus_e628599ebd98,train
OI_dspcbsd-plus_e63f045c1e9e,val
OI_dspcbsd-plus_e67ea7b2515a,train
OI_dspcbsd-plus_e695cd1bf9a4,train
OI_dspcbsd-plus_e69f09d9ba3f,val
OI_dspcbsd-plus_e71906d3084c,train
OI_dspcbsd-plus_e73c2a8629ad,test
OI_dspcbsd-plus_e73dd5fbf6f2,train
OI_dspcbsd-plus_e75f1121caf0,test
OI_dspcbsd-plus_e7731d089460,val
OI_dspcbsd-plus_e78823ae9b5d,val
OI_dspcbsd-plus_e79aba1e5235,train
OI_dspcbsd-plus_e7ac24419352,test
OI_dspcbsd-plus_e81eb183706e,test
OI_dspcbsd-plus_e847151c7f0b,train
OI_dspcbsd-plus_e854adf666a1,excluded
OI_dspcbsd-plus_e86312dbaa49,train
OI_dspcbsd-plus_e8aa88d3f22c,excluded
OI_dspcbsd-plus_e8f7cbc14a71,train
OI_dspcbsd-plus_e91f7fd458fe,train
OI_dspcbsd-plus_e98c7a5ab763,val
OI_dspcbsd-plus_e9932bac58a0,train
OI_dspcbsd-plus_e9a1b9418673,train
OI_dspcbsd-plus_e9bbf7fa7a53,train
OI_dspcbsd-plus_e9dbbc2851eb,val
OI_dspcbsd-plus_e9f3c22c08a8,train
OI_dspcbsd-plus_e9f7ee755302,train
OI_dspcbsd-plus_ea31fe419105,train
OI_dspcbsd-plus_ea3e6d7dbc65,train
OI_dspcbsd-plus_ea6b35acffff,train
OI_dspcbsd-plus_eaa333328526,excluded
OI_dspcbsd-plus_eb37a992eb9b,train
OI_dspcbsd-plus_eb405de6069a,train
OI_dspcbsd-plus_eb55fb0409e3,test
OI_dspcbsd-plus_eb62775dbb62,excluded
OI_dspcbsd-plus_eb6c3f055acb,val
OI_dspcbsd-plus_eb7cef489cc6,val
OI_dspcbsd-plus_ebb4eecb5b50,train
OI_dspcbsd-plus_ebca579099eb,train
OI_dspcbsd-plus_ebfe7b219d09,train
OI_dspcbsd-plus_ec5a7b349b3a,train
OI_dspcbsd-plus_ec67b4e497c4,train
OI_dspcbsd-plus_ec7d48a3c36d,test
OI_dspcbsd-plus_ed0acba34a5b,test
OI_dspcbsd-plus_ed1940b12dab,train
OI_dspcbsd-plus_ed1d5bc61438,train
OI_dspcbsd-plus_ed3013de37bc,train
OI_dspcbsd-plus_ed3207e042a5,train
OI_dspcbsd-plus_ed3ce3177bf7,test
OI_dspcbsd-plus_ed5435a0c566,train
OI_dspcbsd-plus_ed7b99b33c3c,train
OI_dspcbsd-plus_ed8461875e05,test
OI_dspcbsd-plus_ed883d511ebc,train
OI_dspcbsd-plus_edbb1bcae3d5,train
OI_dspcbsd-plus_edde3f8b9b7e,test
OI_dspcbsd-plus_ee1a6ed6e87d,train
OI_dspcbsd-plus_ee28afc7dc88,train
OI_dspcbsd-plus_ee2e6e325ce0,val
OI_dspcbsd-plus_ee30ea6a6339,train
OI_dspcbsd-plus_ee38e79c50b0,val
OI_dspcbsd-plus_ee66e627d140,train
OI_dspcbsd-plus_eeb097b6a113,train
OI_dspcbsd-plus_eeba8390afea,val
OI_dspcbsd-plus_eee67131034f,val
OI_dspcbsd-plus_eefbd2a73bcb,val
OI_dspcbsd-plus_ef371e74f135,train
OI_dspcbsd-plus_ef440df82210,train
OI_dspcbsd-plus_f0060713eb16,train
OI_dspcbsd-plus_f01aa5132d28,train
OI_dspcbsd-plus_f06f2a1d9265,excluded
OI_dspcbsd-plus_f09709074a90,train
OI_dspcbsd-plus_f0a4190f2ce5,train
OI_dspcbsd-plus_f0a4c9e0c34c,train
OI_dspcbsd-plus_f0f62b42c691,train
OI_dspcbsd-plus_f13f88959da9,train
OI_dspcbsd-plus_f150f2ca7d25,val
OI_dspcbsd-plus_f1a21fa61756,train
OI_dspcbsd-plus_f1d6900124c2,train
OI_dspcbsd-plus_f1ffac7d3bc8,val
OI_dspcbsd-plus_f20c45d614d5,train
OI_dspcbsd-plus_f23471b1f15d,train
OI_dspcbsd-plus_f2598462f9f9,train
OI_dspcbsd-plus_f2aad66f6e72,train
OI_dspcbsd-plus_f2fa9080d1da,train
OI_dspcbsd-plus_f30edac9fa8b,train
OI_dspcbsd-plus_f31d438712a9,train
OI_dspcbsd-plus_f34036883adb,val
OI_dspcbsd-plus_f34659a9b57a,train
OI_dspcbsd-plus_f35b99617600,val
OI_dspcbsd-plus_f3892a671eb4,train
OI_dspcbsd-plus_f38e7c53d785,train
OI_dspcbsd-plus_f3bfeebdb3e2,val
OI_dspcbsd-plus_f3d2a48f7e43,test
OI_dspcbsd-plus_f40142a42514,train
OI_dspcbsd-plus_f40e6667c5aa,train
OI_dspcbsd-plus_f427ac22959b,train
OI_dspcbsd-plus_f44a00eaa665,train
OI_dspcbsd-plus_f45929834e71,train
OI_dspcbsd-plus_f4c0dca2a943,test
OI_dspcbsd-plus_f4d3095bbcbf,test
OI_dspcbsd-plus_f4d55bc92ba9,train
OI_dspcbsd-plus_f4d714c7d3bd,train
OI_dspcbsd-plus_f4fc6f1451c8,val
OI_dspcbsd-plus_f4fe64ae650d,test
OI_dspcbsd-plus_f5187fcc140e,train
OI_dspcbsd-plus_f5460586bada,train
OI_dspcbsd-plus_f5476613160c,train
OI_dspcbsd-plus_f567545f7677,train
OI_dspcbsd-plus_f5d35dd6b6a0,train
OI_dspcbsd-plus_f638adfc9b27,train
OI_dspcbsd-plus_f6621e7b8170,train
OI_dspcbsd-plus_f6a4070946b8,train
OI_dspcbsd-plus_f6c2decee548,excluded
OI_dspcbsd-plus_f6d384604d2b,train
OI_dspcbsd-plus_f6d949db7661,test
OI_dspcbsd-plus_f71b0342a09a,train
OI_dspcbsd-plus_f73ef6b81fda,train
OI_dspcbsd-plus_f746f2441dd3,excluded
OI_dspcbsd-plus_f7482dd89f0c,val
OI_dspcbsd-plus_f7e22be66f4d,test
OI_dspcbsd-plus_f7ed23a334f0,val
OI_dspcbsd-plus_f7fa401df228,train
OI_dspcbsd-plus_f7fcf95cff0c,train
OI_dspcbsd-plus_f8341c445e6a,train
OI_dspcbsd-plus_f83ec79d08d5,train
OI_dspcbsd-plus_f863108ff3af,excluded
OI_dspcbsd-plus_f8693fdea8ee,train
OI_dspcbsd-plus_f8718c0d09fa,train
OI_dspcbsd-plus_f87d2937110a,excluded
OI_dspcbsd-plus_f89dbdd64fc2,train
OI_dspcbsd-plus_f8a76c7516e9,test
OI_dspcbsd-plus_f8d64bfc4917,excluded
OI_dspcbsd-plus_f8fb574866eb,train
OI_dspcbsd-plus_f90c30396fb2,train
OI_dspcbsd-plus_f916c6e2b58e,val
OI_dspcbsd-plus_f9403e4af9a5,test
OI_dspcbsd-plus_f95432d8f273,train
OI_dspcbsd-plus_f96e2797edb2,train
OI_dspcbsd-plus_f98511422fde,train
OI_dspcbsd-plus_fa0818ef170b,train
OI_dspcbsd-plus_fa3e2078f621,excluded
OI_dspcbsd-plus_fa4180d45a9b,train
OI_dspcbsd-plus_fa54e53e0800,train
OI_dspcbsd-plus_fa91e897983e,train
OI_dspcbsd-plus_fa94565924c2,train
OI_dspcbsd-plus_faa1d1533777,train
OI_dspcbsd-plus_fac9b98936c3,train
OI_dspcbsd-plus_fb30ff9cf27f,train
OI_dspcbsd-plus_fb9050ffe01a,train
OI_dspcbsd-plus_fbb1f2631156,val
OI_dspcbsd-plus_fbbf2d6174bb,train
OI_dspcbsd-plus_fbf8c271995e,train
OI_dspcbsd-plus_fbfe4874e7e9,train
OI_dspcbsd-plus_fc1bd5467cb5,train
OI_dspcbsd-plus_fcbdeb7d5633,train
OI_dspcbsd-plus_fd0be2fd0dca,train
OI_dspcbsd-plus_fd0e91e3584c,train
OI_dspcbsd-plus_fd49c9c046b6,val
OI_dspcbsd-plus_fd51e5ebd339,test
OI_dspcbsd-plus_fd9c2c2762a8,val
OI_dspcbsd-plus_fd9e62353e43,train
OI_dspcbsd-plus_fdb408569e32,train
OI_dspcbsd-plus_fde221a2f6c4,train
OI_dspcbsd-plus_fe4c8c867a78,train
OI_dspcbsd-plus_fe4d5298873b,train
OI_dspcbsd-plus_fe9a1ac99840,val
OI_dspcbsd-plus_fea6034c929e,train
OI_dspcbsd-plus_feab40784416,train
OI_dspcbsd-plus_feaf144976be,train
OI_dspcbsd-plus_febf4aef0ed2,excluded
OI_dspcbsd-plus_ff8e76883de7,test
OI_dspcbsd-plus_ff9708cee904,train
OI_dspcbsd-plus_ffff273bd969,train
OI_pcb-defect_001be4f6985b,train
OI_pcb-defect_00289be14e7c,train
OI_pcb-defect_0035f9cb265d,train
OI_pcb-defect_007db58a7176,train
OI_pcb-defect_00a2d50bc5ac,train
OI_pcb-defect_00d3f1452518,train
OI_pcb-defect_01fd070998e1,train
OI_pcb-defect_032d7e6577a6,train
OI_pcb-defect_0362aeae2db7,test
OI_pcb-defect_037a6c5a88c0,train
OI_pcb-defect_03856ec8e797,train
OI_pcb-defect_03d24c71e9f7,train
OI_pcb-defect_0482ba01c768,train
OI_pcb-defect_051a1d34ff62,train
OI_pcb-defect_0677c837a90b,train
OI_pcb-defect_06cd665979f7,train
OI_pcb-defect_06ed431c5818,train
OI_pcb-defect_072038970033,train
OI_pcb-defect_074eed8bc776,train
OI_pcb-defect_075ac19b0299,test
OI_pcb-defect_07968fb85f2a,train
OI_pcb-defect_079f02bb9095,train
OI_pcb-defect_083fa900db93,train
OI_pcb-defect_086129230c47,train
OI_pcb-defect_0886b1b2107e,train
OI_pcb-defect_0892d5bd550b,train
OI_pcb-defect_08d6daf092dc,test
OI_pcb-defect_08e8fc0b3345,train
OI_pcb-defect_0984c4c265e2,train
OI_pcb-defect_0a7ed6515301,train
OI_pcb-defect_0ab0723793d3,train
OI_pcb-defect_0ab8220b2561,train
OI_pcb-defect_0ae59787d844,train
OI_pcb-defect_0b46f782b5d7,train
OI_pcb-defect_0ba2d6df8a61,train
OI_pcb-defect_0bca34a6ab73,train
OI_pcb-defect_0bdee412a7b0,train
OI_pcb-defect_0bfdb4e36984,train
OI_pcb-defect_0c1ce91e55a6,train
OI_pcb-defect_0c38152a617f,train
OI_pcb-defect_0c4c28e735cf,train
OI_pcb-defect_0d54603ca4ac,train
OI_pcb-defect_0d660c77133e,train
OI_pcb-defect_0df3cec82380,train
OI_pcb-defect_0e1a652f4cd2,train
OI_pcb-defect_0f6d7fe2163c,train
OI_pcb-defect_0f7238f05de4,train
OI_pcb-defect_103139e880c3,train
OI_pcb-defect_10776b5f1302,train
OI_pcb-defect_10a5864e3f60,train
OI_pcb-defect_10b01779a90e,train
OI_pcb-defect_10baea1b8c38,train
OI_pcb-defect_10cf27196f5e,train
OI_pcb-defect_10df1c72bffd,test
OI_pcb-defect_11788db7cfa8,train
OI_pcb-defect_1241f7a59401,train
OI_pcb-defect_125faae6479b,train
OI_pcb-defect_12933ccb2cf4,train
OI_pcb-defect_12f8310765fe,train
OI_pcb-defect_131a637c140e,test
OI_pcb-defect_13365ff97d74,train
OI_pcb-defect_138772afe1bd,train
OI_pcb-defect_13aa2474040c,train
OI_pcb-defect_13e6595fec60,train
OI_pcb-defect_14aaab0099a9,train
OI_pcb-defect_14b72e532cb5,train
OI_pcb-defect_14d88ad104fa,train
OI_pcb-defect_150b88bf8b69,train
OI_pcb-defect_155fa75cd749,train
OI_pcb-defect_157371290224,train
OI_pcb-defect_157fb4b54395,test
OI_pcb-defect_15a21f63bc4b,train
OI_pcb-defect_16318bc85589,train
OI_pcb-defect_1653e05a33e8,train
OI_pcb-defect_168fc546a04f,train
OI_pcb-defect_1725024f0db6,train
OI_pcb-defect_17a121fc3762,train
OI_pcb-defect_17a93fbb2e1e,train
OI_pcb-defect_17ab71a25f70,train
OI_pcb-defect_17c32a79bb20,train
OI_pcb-defect_182c21559ebb,train
OI_pcb-defect_18829522ebc5,train
OI_pcb-defect_1889f5ba7581,train
OI_pcb-defect_18e46eb296d1,train
OI_pcb-defect_19456b690083,train
OI_pcb-defect_197a93de0358,train
OI_pcb-defect_1a75dbbd5fd3,test
OI_pcb-defect_1aa4d0154ecf,train
OI_pcb-defect_1bdbf64c6474,train
OI_pcb-defect_1c20967001f8,train
OI_pcb-defect_1c54990fdb67,train
OI_pcb-defect_1cb90d5aee16,train
OI_pcb-defect_1cd44e8a2932,train
OI_pcb-defect_1d319f374e20,train
OI_pcb-defect_1d442273e7d3,train
OI_pcb-defect_1d47d48c65ec,train
OI_pcb-defect_1d6619e33e20,train
OI_pcb-defect_1e295719c544,test
OI_pcb-defect_1e3dd2342ce5,train
OI_pcb-defect_1e97e020edd9,test
OI_pcb-defect_1f099b6c6f37,train
OI_pcb-defect_1f7fb2feef55,train
OI_pcb-defect_1f87036f569e,train
OI_pcb-defect_1f876991d53c,train
OI_pcb-defect_20885f6be0c6,train
OI_pcb-defect_209228655194,train
OI_pcb-defect_209be83fc398,excluded
OI_pcb-defect_20cd5e9043c9,train
OI_pcb-defect_212629e2861f,train
OI_pcb-defect_21313f0104fb,train
OI_pcb-defect_2186e4cb97b4,train
OI_pcb-defect_21d0100504ca,train
OI_pcb-defect_22306852d016,train
OI_pcb-defect_229242224e93,train
OI_pcb-defect_22f5a865b5c6,train
OI_pcb-defect_235adcd30d5a,train
OI_pcb-defect_2382115fe47e,train
OI_pcb-defect_23f899173fe0,train
OI_pcb-defect_246b66a0c1aa,train
OI_pcb-defect_252fa2c0e7c6,train
OI_pcb-defect_252ff029e94d,train
OI_pcb-defect_256c7baf7d1c,train
OI_pcb-defect_2625d94efbf6,train
OI_pcb-defect_262b441de501,test
OI_pcb-defect_2633491fea81,train
OI_pcb-defect_26ba8173e8c4,train
OI_pcb-defect_26c6ceec54ad,train
OI_pcb-defect_271234115519,train
OI_pcb-defect_27c453b6cee0,train
OI_pcb-defect_281c586d987c,train
OI_pcb-defect_283c35f2b3c2,train
OI_pcb-defect_284f18703957,train
OI_pcb-defect_285dc8172d5c,excluded
OI_pcb-defect_28f514d92d83,train
OI_pcb-defect_2938047b53d3,train
OI_pcb-defect_2988ae0d2a97,train
OI_pcb-defect_298aa08ad722,train
OI_pcb-defect_29c3ec43564e,train
OI_pcb-defect_29e7eaf5b889,test
OI_pcb-defect_29ef1a5d4da6,train
OI_pcb-defect_2a11ad36958c,train
OI_pcb-defect_2a73687a3e5b,train
OI_pcb-defect_2ac7242b86e4,train
OI_pcb-defect_2ad5be615006,train
OI_pcb-defect_2b20dbb90408,train
OI_pcb-defect_2b5394d3165a,train
OI_pcb-defect_2b7785cbdeff,train
OI_pcb-defect_2bf71169a3d5,train
OI_pcb-defect_2c0cc1abe281,train
OI_pcb-defect_2c27167b53c7,train
OI_pcb-defect_2c3053ca6e8f,train
OI_pcb-defect_2c896154201f,train
OI_pcb-defect_2cb138d4cdf0,train
OI_pcb-defect_2cbcd786d794,train
OI_pcb-defect_2cf789d4fc84,train
OI_pcb-defect_2d0e5651d74c,train
OI_pcb-defect_2d22d7ef1fa6,train
OI_pcb-defect_2d2b480386d8,train
OI_pcb-defect_2d7dfd4da9ba,test
OI_pcb-defect_2d93732f4c52,train
OI_pcb-defect_2e2d96c68bd6,train
OI_pcb-defect_2e69b972a5fb,train
OI_pcb-defect_2e6d3e686e03,test
OI_pcb-defect_2e9393d7743c,train
OI_pcb-defect_2eb168684bdd,test
OI_pcb-defect_2edef2711855,train
OI_pcb-defect_2f2f5345147b,train
OI_pcb-defect_2f97c0ef5f8a,train
OI_pcb-defect_2fb2336b03c7,train
OI_pcb-defect_2fbec2d108cb,train
OI_pcb-defect_3005d6af37d7,train
OI_pcb-defect_307840082464,train
OI_pcb-defect_30ea83046f3a,train
OI_pcb-defect_3114e46fdfe5,train
OI_pcb-defect_311abec0165b,train
OI_pcb-defect_312272fca0b9,train
OI_pcb-defect_313b70563876,train
OI_pcb-defect_315b47e031a4,train
OI_pcb-defect_31fe4d60b645,train
OI_pcb-defect_3233d27d6129,train
OI_pcb-defect_3323b411d4f0,train
OI_pcb-defect_33894c30a182,train
OI_pcb-defect_33a0a1e30ad7,train
OI_pcb-defect_34155c769b31,train
OI_pcb-defect_353a1a4ba405,train
OI_pcb-defect_3553c4d47888,train
OI_pcb-defect_35a14e54ff9b,train
OI_pcb-defect_364e44651026,train
OI_pcb-defect_36db30c1bbeb,test
OI_pcb-defect_37da39f343b0,train
OI_pcb-defect_37fe3befa062,train
OI_pcb-defect_3843acd77589,train
OI_pcb-defect_384cf17ecfbc,train
OI_pcb-defect_3888a8c32b53,train
OI_pcb-defect_38fbe9b9f28e,train
OI_pcb-defect_392be586dbc7,train
OI_pcb-defect_397b99ab2296,train
OI_pcb-defect_39eb772535f1,train
OI_pcb-defect_3a3655196161,train
OI_pcb-defect_3a5ccf071233,train
OI_pcb-defect_3b69bf5cdb3f,train
OI_pcb-defect_3b786328ee03,train
OI_pcb-defect_3b88480304da,train
OI_pcb-defect_3bc69e37cbd5,train
OI_pcb-defect_3c7474810231,train
OI_pcb-defect_3cebb0f62daa,train
OI_pcb-defect_3d5e2fbc76ad,train
OI_pcb-defect_3da8bcf21dea,train
OI_pcb-defect_3daf2687a6df,train
OI_pcb-defect_3db618a65cf1,train
OI_pcb-defect_3dd692b3104c,train
OI_pcb-defect_3de823f1d2cd,train
OI_pcb-defect_3def00c9112a,train
OI_pcb-defect_3e077641ff27,train
OI_pcb-defect_3e4cee30fdf3,train
OI_pcb-defect_3f2c1d6626b3,test
OI_pcb-defect_3f77134145ed,test
OI_pcb-defect_3ff93b644032,train
OI_pcb-defect_401aed67ee7c,train
OI_pcb-defect_40429ab43760,train
OI_pcb-defect_405f7e548a4f,train
OI_pcb-defect_40c76acbfc31,train
OI_pcb-defect_41b7bff08451,train
OI_pcb-defect_42ffea4bf556,train
OI_pcb-defect_436dd49f8b1e,train
OI_pcb-defect_4379c84cd99e,train
OI_pcb-defect_439a46149326,train
OI_pcb-defect_43e731bb54e8,train
OI_pcb-defect_4465f693a052,train
OI_pcb-defect_44825592ab3e,test
OI_pcb-defect_4512480305d4,train
OI_pcb-defect_45e867694e2d,train
OI_pcb-defect_461166382cf5,train
OI_pcb-defect_462db04f8b25,train
OI_pcb-defect_4672b51af312,train
OI_pcb-defect_46a9f53f0700,test
OI_pcb-defect_46ec92d1cb64,train
OI_pcb-defect_475d1a5c521f,train
OI_pcb-defect_47b5ad420b98,train
OI_pcb-defect_489cc7b47868,train
OI_pcb-defect_490df7893a42,train
OI_pcb-defect_494eb3e136e8,train
OI_pcb-defect_4967cb4e0957,train
OI_pcb-defect_496b68f719d9,train
OI_pcb-defect_4991fcc75c04,train
OI_pcb-defect_49d58943027c,train
OI_pcb-defect_49e8f1eb651d,train
OI_pcb-defect_49ffebf02c4d,train
OI_pcb-defect_4a8248a266d4,train
OI_pcb-defect_4af03c9a751e,train
OI_pcb-defect_4b312bf86b84,train
OI_pcb-defect_4b8eda5f9425,train
OI_pcb-defect_4b98cea2c1df,train
OI_pcb-defect_4ba370bfcbd4,train
OI_pcb-defect_4bc3ea00bacc,train
OI_pcb-defect_4bc61ced62ea,excluded
OI_pcb-defect_4c19db604d11,train
OI_pcb-defect_4c27dd3c67e1,train
OI_pcb-defect_4c620883c74f,train
OI_pcb-defect_4cd02d5ceeba,train
OI_pcb-defect_4cda36021ca4,train
OI_pcb-defect_4cfa3e4e9fdb,train
OI_pcb-defect_4d0992b8e86a,train
OI_pcb-defect_4d25fb6984ff,train
OI_pcb-defect_4ddd07e5b5c7,train
OI_pcb-defect_4e0dec1b1735,train
OI_pcb-defect_4e4bea786965,train
OI_pcb-defect_4e533ce5b0c9,train
OI_pcb-defect_4e55013d1fe6,train
OI_pcb-defect_4e8c51af5a35,train
OI_pcb-defect_4ea58e499adf,train
OI_pcb-defect_4eaab123b22c,train
OI_pcb-defect_4efa8044f387,test
OI_pcb-defect_4f854cc2b118,train
OI_pcb-defect_5029d626dbe4,train
OI_pcb-defect_5034894a043b,train
OI_pcb-defect_503ae03d4b46,train
OI_pcb-defect_5046d21ef1d5,train
OI_pcb-defect_5051a00dc348,train
OI_pcb-defect_50840113d3bb,train
OI_pcb-defect_5092544d1318,train
OI_pcb-defect_5094f8bfe73a,train
OI_pcb-defect_509901171674,train
OI_pcb-defect_50e4ffcdf944,train
OI_pcb-defect_51a740d7e7ac,train
OI_pcb-defect_51d4c73a8fa8,train
OI_pcb-defect_5292a09b6a80,train
OI_pcb-defect_532cda78fb2b,train
OI_pcb-defect_53482a60c55e,train
OI_pcb-defect_535fe0d07a28,train
OI_pcb-defect_5431f4bac860,train
OI_pcb-defect_5442548a8da2,train
OI_pcb-defect_5473deb5b1ba,train
OI_pcb-defect_54ef4328d945,train
OI_pcb-defect_550d5b17cebc,train
OI_pcb-defect_55349e68e55c,test
OI_pcb-defect_55b4f73756b5,train
OI_pcb-defect_55c644986ef4,train
OI_pcb-defect_562d6b20b1c9,train
OI_pcb-defect_56746f80bb9c,train
OI_pcb-defect_56ab66e6743f,test
OI_pcb-defect_56ce3989daa6,train
OI_pcb-defect_56f0e922694c,train
OI_pcb-defect_56fe404b3cc9,train
OI_pcb-defect_571d5a8f4ca7,train
OI_pcb-defect_574e6ac74c92,train
OI_pcb-defect_576be21d116d,excluded
OI_pcb-defect_57ad01cd3c9a,train
OI_pcb-defect_57f4acb28ab7,train
OI_pcb-defect_5802b1ca47cf,train
OI_pcb-defect_580b7355f8bb,train
OI_pcb-defect_581a3c8d1d77,train
OI_pcb-defect_586fa961e28e,train
OI_pcb-defect_58b59cebae54,train
OI_pcb-defect_58d6fcb3b49a,train
OI_pcb-defect_58ed211d178c,train
OI_pcb-defect_58f32d6c4526,train
OI_pcb-defect_59886b255ddc,train
OI_pcb-defect_59cab57d9b2e,train
OI_pcb-defect_59caf0f02c17,train
OI_pcb-defect_59f063077ddd,train
OI_pcb-defect_5a08ec728aca,train
OI_pcb-defect_5a9b8ad539ff,train
OI_pcb-defect_5af82950aed9,train
OI_pcb-defect_5b220daba079,train
OI_pcb-defect_5b2274f31dbd,train
OI_pcb-defect_5b2a3f5ff9ca,train
OI_pcb-defect_5baa2168820e,train
OI_pcb-defect_5be2e8b06433,train
OI_pcb-defect_5be99764a18e,train
OI_pcb-defect_5c3b8d36340a,train
OI_pcb-defect_5d9e43aaec39,train
OI_pcb-defect_5dc1f58e0f60,train
OI_pcb-defect_5dce1a8f1617,train
OI_pcb-defect_5df36389b7e1,train
OI_pcb-defect_5e12baf44fe8,train
OI_pcb-defect_5e30e5a23f99,train
OI_pcb-defect_5e34f5432246,train
OI_pcb-defect_5e649cc5323f,train
OI_pcb-defect_5ec93090b50e,train
OI_pcb-defect_5ed2ad28caae,train
OI_pcb-defect_5ee91c0e093b,train
OI_pcb-defect_5f2760877d73,train
OI_pcb-defect_606c02aa3451,train
OI_pcb-defect_6070a22b23a9,test
OI_pcb-defect_60f112c4adea,test
OI_pcb-defect_611b30c94f34,train
OI_pcb-defect_61aaf8f98f18,train
OI_pcb-defect_61b4a70515f5,train
OI_pcb-defect_61b9b9054b52,train
OI_pcb-defect_61bb66d0e0e8,train
OI_pcb-defect_61d69fe0eda8,train
OI_pcb-defect_621cdc3aa8a6,train
OI_pcb-defect_624468c4699c,train
OI_pcb-defect_62e192057e2d,train
OI_pcb-defect_63dd467185eb,train
OI_pcb-defect_63f2ac42927f,train
OI_pcb-defect_644241261ff9,train
OI_pcb-defect_6443b6192090,train
OI_pcb-defect_6490bdbe90ad,train
OI_pcb-defect_6590a8421326,train
OI_pcb-defect_6593fb105fc4,train
OI_pcb-defect_65c13d22c166,train
OI_pcb-defect_65ee2e36f888,train
OI_pcb-defect_661504452187,train
OI_pcb-defect_661533b2dbe1,train
OI_pcb-defect_66fd69d6f9c3,train
OI_pcb-defect_672a826f3e2e,train
OI_pcb-defect_675965631daa,excluded
OI_pcb-defect_6850dc87ae6d,train
OI_pcb-defect_68a174858dfc,train
OI_pcb-defect_68a36831a6b0,train
OI_pcb-defect_68fe5b013ce9,train
OI_pcb-defect_693accf5283c,train
OI_pcb-defect_69cca2482498,train
OI_pcb-defect_6a5ab4aa4ef8,train
OI_pcb-defect_6aa0ec85a9e9,train
OI_pcb-defect_6aa8b6df3892,train
OI_pcb-defect_6aef762ff2b9,train
OI_pcb-defect_6b269e97fafe,train
OI_pcb-defect_6bfb54c6cde6,train
OI_pcb-defect_6c2287d5af28,test
OI_pcb-defect_6c26613592b7,train
OI_pcb-defect_6c39ecfadd42,train
OI_pcb-defect_6cde55855829,train
OI_pcb-defect_6d69a140dbda,train
OI_pcb-defect_6d7affcdb1d0,train
OI_pcb-defect_6e7b4ba91ffb,train
OI_pcb-defect_6ebd07a8b554,train
OI_pcb-defect_6eca5755d510,train
OI_pcb-defect_6edb637b9974,train
OI_pcb-defect_6f1dcb3615a0,test
OI_pcb-defect_6f6946f99cae,train
OI_pcb-defect_6f70045e50f7,train
OI_pcb-defect_6f7e347bed3f,train
OI_pcb-defect_6fdfd1bc09ab,train
OI_pcb-defect_7008f8072c4f,train
OI_pcb-defect_702b78b9e1eb,excluded
OI_pcb-defect_706ad3ba8974,train
OI_pcb-defect_7086eb6c5b0c,train
OI_pcb-defect_70d9c162f9fc,train
OI_pcb-defect_7102ff706961,train
OI_pcb-defect_71acc606b100,train
OI_pcb-defect_729604e6e41b,train
OI_pcb-defect_730124f3ee58,train
OI_pcb-defect_7339d2a40d51,test
OI_pcb-defect_735089f177b5,train
OI_pcb-defect_73c890386ca6,train
OI_pcb-defect_740c1632b89e,train
OI_pcb-defect_74cf3a031017,train
OI_pcb-defect_7590c2442248,train
OI_pcb-defect_76a1e29b7a94,train
OI_pcb-defect_772584a392e4,train
OI_pcb-defect_77a44b42d06b,train
OI_pcb-defect_7857345a73a9,train
OI_pcb-defect_78a8403afa1f,train
OI_pcb-defect_78af47235b10,train
OI_pcb-defect_78cc9b26a3f7,train
OI_pcb-defect_790c450089be,excluded
OI_pcb-defect_793d3c139aba,test
OI_pcb-defect_79d0d83d85d0,train
OI_pcb-defect_7a763b3b4128,train
OI_pcb-defect_7acfa3a9d349,test
OI_pcb-defect_7b86f207586d,test
OI_pcb-defect_7b9af5947c7d,test
OI_pcb-defect_7bd7bc57f894,train
OI_pcb-defect_7bda80f30de2,train
OI_pcb-defect_7c04942f9ff7,train
OI_pcb-defect_7ca45b6264b0,train
OI_pcb-defect_7ca98eef8a4b,train
OI_pcb-defect_7d05db512fd1,train
OI_pcb-defect_7d097eb420ab,train
OI_pcb-defect_7d11fc974c45,train
OI_pcb-defect_7de1e399677d,train
OI_pcb-defect_7e1a25386854,train
OI_pcb-defect_7e424c439723,train
OI_pcb-defect_7e4495f2514a,train
OI_pcb-defect_7e460511e985,train
OI_pcb-defect_7e5e1bb44ba5,train
OI_pcb-defect_7e89af71cf18,train
OI_pcb-defect_7ea4b1feb11e,train
OI_pcb-defect_7eb6ccf46f10,train
OI_pcb-defect_7ec9a167d380,train
OI_pcb-defect_7f3fc7d3a501,train
OI_pcb-defect_7f84db3344b2,train
OI_pcb-defect_7f9db75c2f78,train
OI_pcb-defect_7fe492eef9a8,train
OI_pcb-defect_802dcec595b4,train
OI_pcb-defect_80373ea1cedd,train
OI_pcb-defect_812b94d9d3e9,train
OI_pcb-defect_818505600a47,train
OI_pcb-defect_81a7037909fd,train
OI_pcb-defect_81ab5668cb62,train
OI_pcb-defect_821496be024a,train
OI_pcb-defect_823ff0ef3643,excluded
OI_pcb-defect_8241dd964a5e,train
OI_pcb-defect_8275eb1e04fa,train
OI_pcb-defect_82a2019bfaef,train
OI_pcb-defect_82bae1f906a0,train
OI_pcb-defect_83196bdf8d9a,train
OI_pcb-defect_83376ca733ad,train
OI_pcb-defect_838c0031a071,train
OI_pcb-defect_83904885174b,train
OI_pcb-defect_83a0808c89dd,train
OI_pcb-defect_83b1630f3a77,train
OI_pcb-defect_8420432f007a,test
OI_pcb-defect_844ec1b29728,train
OI_pcb-defect_858bf2b9e0a0,train
OI_pcb-defect_85a62fdec433,train
OI_pcb-defect_85dc8eb2540a,train
OI_pcb-defect_860944e98da1,train
OI_pcb-defect_8742faf0a97c,train
OI_pcb-defect_87850e2e3cbe,train
OI_pcb-defect_87a213d2b040,train
OI_pcb-defect_87d28e93dc4e,train
OI_pcb-defect_882e3b2817d7,train
OI_pcb-defect_88bb191e1807,train
OI_pcb-defect_88fd340f10c5,train
OI_pcb-defect_890e41c13fcb,train
OI_pcb-defect_892a4a7e27c0,train
OI_pcb-defect_894f3f18399d,train
OI_pcb-defect_897414853e29,train
OI_pcb-defect_89bcb6f53a24,train
OI_pcb-defect_8a08dd270c38,test
OI_pcb-defect_8a2398f2acb9,train
OI_pcb-defect_8a41a2f280e0,train
OI_pcb-defect_8a4243588446,train
OI_pcb-defect_8a540c2486c8,train
OI_pcb-defect_8a60e7d047da,train
OI_pcb-defect_8aa6beff9012,train
OI_pcb-defect_8b140e1b540a,train
OI_pcb-defect_8ba1e4a51785,train
OI_pcb-defect_8c0d2050a64e,train
OI_pcb-defect_8c4539347721,train
OI_pcb-defect_8cbed98d0277,test
OI_pcb-defect_8ce7111e7030,train
OI_pcb-defect_8d0ceee1ab91,train
OI_pcb-defect_8da34bf8f0c2,train
OI_pcb-defect_8dac73ae9c7a,train
OI_pcb-defect_8debe218939e,train
OI_pcb-defect_8e2a10bc1e99,train
OI_pcb-defect_8e35ea315a90,train
OI_pcb-defect_8facbc70d522,train
OI_pcb-defect_8fb2c32b45d3,excluded
OI_pcb-defect_8fb40d5a4aea,train
OI_pcb-defect_902172ce4529,train
OI_pcb-defect_9063ada367d2,train
OI_pcb-defect_90ba73db92ac,train
OI_pcb-defect_9107c7edf64f,train
OI_pcb-defect_914497661d00,train
OI_pcb-defect_9146f2134864,train
OI_pcb-defect_91bebab9c9eb,train
OI_pcb-defect_924d53488292,train
OI_pcb-defect_9266cad47ec8,train
OI_pcb-defect_927a19324b19,train
OI_pcb-defect_929ced85562b,train
OI_pcb-defect_92bd73961ce9,train
OI_pcb-defect_93405397c4f4,train
OI_pcb-defect_9356b1b7ca88,train
OI_pcb-defect_93bd24a37157,train
OI_pcb-defect_93d932219308,test
OI_pcb-defect_94591bbd7fbf,train
OI_pcb-defect_949aa61d80d2,train
OI_pcb-defect_94a15ae36eb9,train
OI_pcb-defect_94b40fc414e6,train
OI_pcb-defect_94c5951b3148,train
OI_pcb-defect_94d4efba4103,train
OI_pcb-defect_94d5c9ea2e96,train
OI_pcb-defect_94e34418782f,train
OI_pcb-defect_94ff4226e071,train
OI_pcb-defect_951b15af5d7f,train
OI_pcb-defect_95384f406d0e,train
OI_pcb-defect_96120a08176b,train
OI_pcb-defect_962b45fb3c5a,train
OI_pcb-defect_9645fc61bfd2,train
OI_pcb-defect_969f3e67feae,train
OI_pcb-defect_96d0d22c129a,train
OI_pcb-defect_96d47c592206,train
OI_pcb-defect_9733f43e1841,train
OI_pcb-defect_9739672c8ed7,test
OI_pcb-defect_976b3d847a17,train
OI_pcb-defect_977bc7f5a9a8,train
OI_pcb-defect_97d2b7a0d126,train
OI_pcb-defect_97e75b832e45,train
OI_pcb-defect_9862aa6d1c6f,train
OI_pcb-defect_987a49926d91,train
OI_pcb-defect_992726651c92,train
OI_pcb-defect_99eb01b9e027,train
OI_pcb-defect_9a282d16d833,train
OI_pcb-defect_9a32b77a8450,train
OI_pcb-defect_9a495444d514,test
OI_pcb-defect_9a780eb8fce5,test
OI_pcb-defect_9ab3459bca43,train
OI_pcb-defect_9acf42ddd5b5,train
OI_pcb-defect_9ad23f4ad770,train
OI_pcb-defect_9ad69ebeb3ea,excluded
OI_pcb-defect_9ade3a1f2136,test
OI_pcb-defect_9b91bfb31649,train
OI_pcb-defect_9bae73770d10,train
OI_pcb-defect_9bbf5da31618,train
OI_pcb-defect_9bc2c3727179,train
OI_pcb-defect_9be4636bb211,train
OI_pcb-defect_9bf650087988,train
OI_pcb-defect_9c07e1dedf34,train
OI_pcb-defect_9c58ad0d16f6,train
OI_pcb-defect_9cd8416e1df5,train
OI_pcb-defect_9cf31f6c1f93,train
OI_pcb-defect_9cfc64a34456,train
OI_pcb-defect_9d26384ef6d1,train
OI_pcb-defect_9d7d2ae40800,train
OI_pcb-defect_9da04197754d,train
OI_pcb-defect_9db778cef962,train
OI_pcb-defect_9de7fa2af39e,train
OI_pcb-defect_9df08a9e6a2e,train
OI_pcb-defect_9e15850a4fac,train
OI_pcb-defect_9e7356cb8645,test
OI_pcb-defect_9ea29f7178d2,train
OI_pcb-defect_9f061c914d36,test
OI_pcb-defect_9f48958ce098,train
OI_pcb-defect_9f645d95238d,train
OI_pcb-defect_9fe88553cbfd,train
OI_pcb-defect_9fee34077625,train
OI_pcb-defect_a00b3789e978,train
OI_pcb-defect_a09b3a868b01,train
OI_pcb-defect_a16516c7e2a1,train
OI_pcb-defect_a1c2b0f2e0c3,excluded
OI_pcb-defect_a2212eecc1bd,train
OI_pcb-defect_a28db35b4303,train
OI_pcb-defect_a2a39b42f140,train
OI_pcb-defect_a330a8e53fbf,train
OI_pcb-defect_a36b671fcbab,train
OI_pcb-defect_a3894b89d65f,train
OI_pcb-defect_a3c98bcf28dd,train
OI_pcb-defect_a3f5a72f7a5b,train
OI_pcb-defect_a4328122fce7,train
OI_pcb-defect_a43298e40453,test
OI_pcb-defect_a4470ae2e17c,train
OI_pcb-defect_a4a96ad1cadd,train
OI_pcb-defect_a4ce83399af5,train
OI_pcb-defect_a5c238866c0a,train
OI_pcb-defect_a5d2167dbe26,train
OI_pcb-defect_a5e5b2f04ae3,train
OI_pcb-defect_a6338d155644,train
OI_pcb-defect_a639c696dc55,train
OI_pcb-defect_a6bbe2517aa9,test
OI_pcb-defect_a6d9fec4ca05,train
OI_pcb-defect_a6da8bdbe490,train
OI_pcb-defect_a6ed859fb174,train
OI_pcb-defect_a72efb49bc80,train
OI_pcb-defect_a7df8d1e6def,train
OI_pcb-defect_a872332cdde0,train
OI_pcb-defect_a8b198bcd762,train
OI_pcb-defect_a8b637b7a290,train
OI_pcb-defect_a8b643d0a611,train
OI_pcb-defect_a9505a5fb911,train
OI_pcb-defect_a95ca49533f1,train
OI_pcb-defect_a95dc4190d84,train
OI_pcb-defect_a9934270897e,train
OI_pcb-defect_a99ff70956d2,train
OI_pcb-defect_a9c580d1f60f,train
OI_pcb-defect_aa2b9d4cefe8,train
OI_pcb-defect_aaddbeb85d22,train
OI_pcb-defect_ab590cd7925d,excluded
OI_pcb-defect_ab5fb2878b78,train
OI_pcb-defect_abf22b8c0591,train
OI_pcb-defect_acc2d377a87a,train
OI_pcb-defect_ae0277b88f2d,train
OI_pcb-defect_ae04f2da88bf,train
OI_pcb-defect_ae080c5d7770,train
OI_pcb-defect_ae636ef78b63,train
OI_pcb-defect_aecfacac0388,train
OI_pcb-defect_aed21e3741d0,train
OI_pcb-defect_aed9ae37dc63,excluded
OI_pcb-defect_af1309bc110f,train
OI_pcb-defect_af56bdfbd12c,train
OI_pcb-defect_af710ab755ed,train
OI_pcb-defect_b063971c8dff,train
OI_pcb-defect_b066234e46a3,train
OI_pcb-defect_b07d6a2c056a,train
OI_pcb-defect_b0e491c05276,excluded
OI_pcb-defect_b1a6d3d17c2e,test
OI_pcb-defect_b1eab74f839a,train
OI_pcb-defect_b21b96f685f4,train
OI_pcb-defect_b237dc9b50de,train
OI_pcb-defect_b28608ba38c9,train
OI_pcb-defect_b2ec0d4dc54c,train
OI_pcb-defect_b32f7b90f58e,train
OI_pcb-defect_b34420782ad3,train
OI_pcb-defect_b35bb42ca713,train
OI_pcb-defect_b44d6c998cbe,train
OI_pcb-defect_b4cfd5abfc62,train
OI_pcb-defect_b4e0e4e60e1d,train
OI_pcb-defect_b549048492ba,train
OI_pcb-defect_b55c59fa74ab,train
OI_pcb-defect_b563a3208388,train
OI_pcb-defect_b56a05d9b28c,train
OI_pcb-defect_b5818df9ed60,train
OI_pcb-defect_b61e6919da7a,train
OI_pcb-defect_b62289ebebdf,train
OI_pcb-defect_b6d8f7dfe659,train
OI_pcb-defect_b6dc6c502f4d,train
OI_pcb-defect_b6f07594034c,train
OI_pcb-defect_b7299daa8d65,train
OI_pcb-defect_b733827810f5,train
OI_pcb-defect_b73c1f6dd09b,train
OI_pcb-defect_b75321141a85,train
OI_pcb-defect_b762b9d13fcb,train
OI_pcb-defect_b793399b19c0,train
OI_pcb-defect_b797598df484,train
OI_pcb-defect_b7a1b1523c14,train
OI_pcb-defect_b7b4c5124253,train
OI_pcb-defect_b7c7bc0b2e33,test
OI_pcb-defect_b7eff2a20d83,test
OI_pcb-defect_b82a0b67ee98,train
OI_pcb-defect_b8ca7b2a859e,train
OI_pcb-defect_b8cb6b593d40,train
OI_pcb-defect_b922045bff80,train
OI_pcb-defect_b97cec738d36,train
OI_pcb-defect_b9c20f257100,train
OI_pcb-defect_ba7413f47e2b,train
OI_pcb-defect_baafc7a30c90,train
OI_pcb-defect_bb772d74e3f4,excluded
OI_pcb-defect_bbe8f238217d,train
OI_pcb-defect_bbf98e847a68,train
OI_pcb-defect_bc3c55a0d697,train
OI_pcb-defect_bc6f85009e74,train
OI_pcb-defect_bc9301dcafb2,train
OI_pcb-defect_bce51c116712,test
OI_pcb-defect_bcf47dac0b9b,train
OI_pcb-defect_bd23e92e85f2,train
OI_pcb-defect_bd5245e31f50,train
OI_pcb-defect_bd53194f3d36,train
OI_pcb-defect_bd7cc248e500,train
OI_pcb-defect_bd7f17b3f4c9,train
OI_pcb-defect_bd7f243f7aaa,train
OI_pcb-defect_bd9d6de5c793,train
OI_pcb-defect_bdf8cebcf1fe,train
OI_pcb-defect_be06689e9dde,train
OI_pcb-defect_be7ff166bc20,train
OI_pcb-defect_bef2afc0f139,train
OI_pcb-defect_bf64be131ea9,train
OI_pcb-defect_c0409b7db2c8,train
OI_pcb-defect_c08af7a9669f,train
OI_pcb-defect_c08d4591909a,train
OI_pcb-defect_c0c57d94d492,train
OI_pcb-defect_c0c97093e2d7,train
OI_pcb-defect_c238f581f086,train
OI_pcb-defect_c2616dae2f53,test
OI_pcb-defect_c263abb4a5bc,train
OI_pcb-defect_c277796ffb08,train
OI_pcb-defect_c302d3c4dfd2,train
OI_pcb-defect_c38bf2e1f3dc,train
OI_pcb-defect_c3a2155a782e,train
OI_pcb-defect_c3aeae0b77a7,train
OI_pcb-defect_c459c9fff187,train
OI_pcb-defect_c464f487ec04,test
OI_pcb-defect_c4c4d8462b07,train
OI_pcb-defect_c4e63f40ae4e,train
OI_pcb-defect_c5042b72a8b6,train
OI_pcb-defect_c57fc505dad9,train
OI_pcb-defect_c5afb3585e7b,train
OI_pcb-defect_c650254b1cd2,train
OI_pcb-defect_c68059694632,train
OI_pcb-defect_c6b0fc13227a,train
OI_pcb-defect_c74d35d4b7df,train
OI_pcb-defect_c809901725bf,train
OI_pcb-defect_c81f44411bde,train
OI_pcb-defect_c83378130248,train
OI_pcb-defect_c880b8d31fb2,train
OI_pcb-defect_c8a333918fce,train
OI_pcb-defect_c8cc041239d9,train
OI_pcb-defect_c94cc6a99811,train
OI_pcb-defect_c9706a3521da,test
OI_pcb-defect_c9711fe8474a,train
OI_pcb-defect_c9dd74c9df82,train
OI_pcb-defect_c9f4fdf9c2c3,train
OI_pcb-defect_ca4d290ab2ee,train
OI_pcb-defect_ca5492550acb,train
OI_pcb-defect_caa4f486d638,train
OI_pcb-defect_caa6249ac089,train
OI_pcb-defect_cb986d8f834d,train
OI_pcb-defect_cbd2b6e71265,train
OI_pcb-defect_cbe48ed3fe56,train
OI_pcb-defect_cbefa8354bc9,train
OI_pcb-defect_cc1339714ae1,excluded
OI_pcb-defect_cc374d133866,train
OI_pcb-defect_cc4c1f18789d,train
OI_pcb-defect_ccaac3a6835c,train
OI_pcb-defect_ccc20722392b,train
OI_pcb-defect_cccff1a18d1b,train
OI_pcb-defect_cd4890486eb6,train
OI_pcb-defect_cd9e2ef2f914,train
OI_pcb-defect_cdd1573c1a38,train
OI_pcb-defect_cdf43073df22,train
OI_pcb-defect_ce01c2496d72,train
OI_pcb-defect_ce5b2d80283f,test
OI_pcb-defect_ce68a47f0a82,train
OI_pcb-defect_ceb245cace0e,train
OI_pcb-defect_cee167eb9b50,train
OI_pcb-defect_cefa5bae57cf,train
OI_pcb-defect_cf65d59c2d23,train
OI_pcb-defect_cf8060376018,train
OI_pcb-defect_cff07e4f31b5,train
OI_pcb-defect_d019215c89c1,train
OI_pcb-defect_d03e295ad3bf,train
OI_pcb-defect_d04449dd9a27,train
OI_pcb-defect_d160746670cb,train
OI_pcb-defect_d1cfde3ac66f,train
OI_pcb-defect_d2299fa0ccc1,train
OI_pcb-defect_d26b7d43bca9,train
OI_pcb-defect_d2d57596e2dc,train
OI_pcb-defect_d2de9ffa0737,train
OI_pcb-defect_d2e210b98e65,train
OI_pcb-defect_d3702f6eb5c8,train
OI_pcb-defect_d3ae70b110cb,train
OI_pcb-defect_d3bfe807e7f9,train
OI_pcb-defect_d3deba6df034,train
OI_pcb-defect_d48fa1933e8b,train
OI_pcb-defect_d4d6b2364507,train
OI_pcb-defect_d4f38ff048e3,train
OI_pcb-defect_d5b122e8e814,train
OI_pcb-defect_d5cc7904d96f,train
OI_pcb-defect_d5d10c4af6c8,train
OI_pcb-defect_d5dc0c47120f,train
OI_pcb-defect_d5f562a653ca,train
OI_pcb-defect_d647243c9ddf,train
OI_pcb-defect_d64d2cde905c,train
OI_pcb-defect_d67193054b97,train
OI_pcb-defect_d6e128477dec,train
OI_pcb-defect_d6eac87e9e56,train
OI_pcb-defect_d7a2531ea6cc,train
OI_pcb-defect_d7a480ac27c9,train
OI_pcb-defect_d7b76b5ab431,train
OI_pcb-defect_d7e9200318f5,train
OI_pcb-defect_d874fe7375cc,excluded
OI_pcb-defect_d8df6c8c6a35,test
OI_pcb-defect_d8e8e8021cc0,train
OI_pcb-defect_d8fa55eecff9,train
OI_pcb-defect_d91eaef0e9dd,train
OI_pcb-defect_d93f75b03516,train
OI_pcb-defect_d967b3d605ae,train
OI_pcb-defect_d9d10c315c4f,train
OI_pcb-defect_d9d4e00dc324,train
OI_pcb-defect_da43d2b4f948,train
OI_pcb-defect_da45799ee841,train
OI_pcb-defect_da78809e5d6b,excluded
OI_pcb-defect_dad6db61d950,test
OI_pcb-defect_db0d42f5eab9,test
OI_pcb-defect_db88bc7535fe,train
OI_pcb-defect_dc0dd05e1fd0,train
OI_pcb-defect_dc2cd264efe1,train
OI_pcb-defect_dca502c49e1b,train
OI_pcb-defect_dca7df2e9f35,test
OI_pcb-defect_dcb75301f267,train
OI_pcb-defect_dd826bc0d274,train
OI_pcb-defect_ddfda00ab625,train
OI_pcb-defect_ddff7f839680,train
OI_pcb-defect_de03477a540a,train
OI_pcb-defect_de5fb3d0fdac,train
OI_pcb-defect_df142805ce23,train
OI_pcb-defect_df3bc2bd5f93,excluded
OI_pcb-defect_df661eaab92b,train
OI_pcb-defect_df7cae0f6074,train
OI_pcb-defect_dfa9ae837406,train
OI_pcb-defect_dfe3694efea7,train
OI_pcb-defect_dfeae66cf384,train
OI_pcb-defect_dffa0dab69b6,train
OI_pcb-defect_e0b6733318f9,train
OI_pcb-defect_e0bb2a998214,train
OI_pcb-defect_e20e19b9b163,train
OI_pcb-defect_e23dc0210b09,train
OI_pcb-defect_e2589392c3de,train
OI_pcb-defect_e2b7717ff022,train
OI_pcb-defect_e2dcd6c87f7f,test
OI_pcb-defect_e3a0ac736e88,train
OI_pcb-defect_e3c3592ad3c3,train
OI_pcb-defect_e3ef8ca9fe3d,train
OI_pcb-defect_e4180c489a3a,train
OI_pcb-defect_e47b4e39b44b,train
OI_pcb-defect_e4b3ebb22f6c,train
OI_pcb-defect_e4c17df42254,train
OI_pcb-defect_e554fb57be88,train
OI_pcb-defect_e5f319520ee2,train
OI_pcb-defect_e609556cf152,train
OI_pcb-defect_e60e062c9a6a,train
OI_pcb-defect_e61a249e26de,train
OI_pcb-defect_e61fc194c657,train
OI_pcb-defect_e635a08fa6a8,train
OI_pcb-defect_e673788e3f0a,train
OI_pcb-defect_e725970d68d9,train
OI_pcb-defect_e739d61facbc,train
OI_pcb-defect_e753f0205741,train
OI_pcb-defect_e7803f97fdbf,train
OI_pcb-defect_e7fca13dacb8,train
OI_pcb-defect_e8a22709c8be,train
OI_pcb-defect_e8b1ad280be4,train
OI_pcb-defect_e8d043853805,train
OI_pcb-defect_e8dcb2a951fc,train
OI_pcb-defect_e8e3422b2c19,train
OI_pcb-defect_e97d23997a71,train
OI_pcb-defect_e9d9447a7e34,train
OI_pcb-defect_ea8c92d701b9,train
OI_pcb-defect_ebdb290b7a17,train
OI_pcb-defect_eca56a768125,train
OI_pcb-defect_ed30b52500cd,train
OI_pcb-defect_ed777e1313fe,train
OI_pcb-defect_ed9474203905,train
OI_pcb-defect_edfe6772579c,train
OI_pcb-defect_ee6b31a0c1de,train
OI_pcb-defect_ee765ecff774,train
OI_pcb-defect_ef27cbcbdc0e,train
OI_pcb-defect_ef28e94c3421,train
OI_pcb-defect_ef30cf084139,train
OI_pcb-defect_ef50c0fe1c34,train
OI_pcb-defect_ef69f0b7a7b2,train
OI_pcb-defect_efd90c76e830,train
OI_pcb-defect_efe83232bc3e,train
OI_pcb-defect_f01f6af82f79,train
OI_pcb-defect_f04c007d1671,train
OI_pcb-defect_f08cb8e146e7,train
OI_pcb-defect_f08db0b681b9,train
OI_pcb-defect_f0e56d13be5e,train
OI_pcb-defect_f137a6e0e2ff,train
OI_pcb-defect_f19162315fd6,excluded
OI_pcb-defect_f1c8320e81b1,train
OI_pcb-defect_f1e3be221635,train
OI_pcb-defect_f1ec3ab3364c,test
OI_pcb-defect_f27350157ec5,train
OI_pcb-defect_f29b6eca06b3,test
OI_pcb-defect_f2c0a71c9cf0,train
OI_pcb-defect_f35f0b48ceae,train
OI_pcb-defect_f3ca9adb0323,train
OI_pcb-defect_f3ea9ffefe44,train
OI_pcb-defect_f43d04d586d2,test
OI_pcb-defect_f468ab6ac09c,train
OI_pcb-defect_f4b0ac87384c,train
OI_pcb-defect_f570bcbfbb0b,train
OI_pcb-defect_f5a563bb8eb5,train
OI_pcb-defect_f5b7650b9b4e,train
OI_pcb-defect_f5c80124a01a,train
OI_pcb-defect_f5df332fe48f,train
OI_pcb-defect_f6095edc8101,train
OI_pcb-defect_f645b7d12670,train
OI_pcb-defect_f67ba1a6a491,train
OI_pcb-defect_f6953b0d8214,train
OI_pcb-defect_f6c1122b7ed8,train
OI_pcb-defect_f6cefd7dd0e9,train
OI_pcb-defect_f7361443d30e,train
OI_pcb-defect_f763c03f8fd1,train
OI_pcb-defect_f7fa6b25dee3,excluded
OI_pcb-defect_f826f41bfca1,train
OI_pcb-defect_f8557ebe28aa,train
OI_pcb-defect_f866f188090b,train
OI_pcb-defect_f88b703c8f0c,train
OI_pcb-defect_f8bb10d176c3,train
OI_pcb-defect_f8c129369b9e,train
OI_pcb-defect_f934d10ed38d,train
OI_pcb-defect_f94c095e40a0,train
OI_pcb-defect_f97b8b106568,train
OI_pcb-defect_f9ae1512c8f4,train
OI_pcb-defect_fa115e985497,train
OI_pcb-defect_fb39fcf48a52,train
OI_pcb-defect_fb90161e1bcc,train
OI_pcb-defect_fc428d3bfb17,train
OI_pcb-defect_fc48e0ec9725,train
OI_pcb-defect_fc5ebf69dc1e,train
OI_pcb-defect_fc8dc7c7bf00,train
OI_pcb-defect_fccd0cc2911c,train
OI_pcb-defect_fce2756d5d70,train
OI_pcb-defect_fd87a402eb0d,train
OI_pcb-defect_fe867e6c7bc1,train
OI_pcb-defect_fece65122a7a,train
OI_pcb-defect_ff08cdff460c,train
OI_pcb-defect_ff3f296956bf,train
OI_pcb-defect_ff6411a0b1e3,train
OI_pcb-defect_ff8dc3de8cc8,train
OI_pcb-defect_ff92372f10f9,train
OI_pcb-defect_ffac6435d1ee,train
OI_pcb-defect_ffeca3dd1184,train
OI_pcb-ind_00223f066570,train
OI_pcb-ind_003f37c28c97,train
OI_pcb-ind_00a45f7ac01c,train
OI_pcb-ind_00e6f2ba9c53,excluded
OI_pcb-ind_00ed303e1323,train
OI_pcb-ind_00faa7ef526d,train
OI_pcb-ind_00fcf879c568,train
OI_pcb-ind_01402bc62f0b,train
OI_pcb-ind_0142089e8f76,train
OI_pcb-ind_020767ed04ce,val
OI_pcb-ind_0216b7ea05ee,train
OI_pcb-ind_023039d588e2,train
OI_pcb-ind_0239eff680af,test
OI_pcb-ind_026a963e7ecf,train
OI_pcb-ind_029d8ee94b4c,train
OI_pcb-ind_02f69667256d,train
OI_pcb-ind_0309907faba2,train
OI_pcb-ind_030fa859caec,test
OI_pcb-ind_033d64c8cbd7,train
OI_pcb-ind_0359e931f437,excluded
OI_pcb-ind_03614b686bfb,train
OI_pcb-ind_039bc6459d74,train
OI_pcb-ind_03ce88fee16c,test
OI_pcb-ind_03e66510bb42,train
OI_pcb-ind_03f3d1c7f03d,train
OI_pcb-ind_043598e28a8e,train
OI_pcb-ind_04ab00027ec0,test
OI_pcb-ind_04bca42fc747,train
OI_pcb-ind_04cc176ff1e2,test
OI_pcb-ind_04da7fed05f2,train
OI_pcb-ind_04f4776bd3d5,train
OI_pcb-ind_0525d8e5efe8,test
OI_pcb-ind_055261ccf214,train
OI_pcb-ind_0570b99aa070,train
OI_pcb-ind_0599e3db6da7,train
OI_pcb-ind_05bc935769e6,train
OI_pcb-ind_05ded717ace9,excluded
OI_pcb-ind_05ed6f219060,test
OI_pcb-ind_063c77da566a,train
OI_pcb-ind_06cc01034b2f,train
OI_pcb-ind_072e7f8a095e,train
OI_pcb-ind_073babc4e8bd,train
OI_pcb-ind_07b783b84f57,train
OI_pcb-ind_07b8c25ec587,val
OI_pcb-ind_07c041b46a9c,train
OI_pcb-ind_07d5fbfdc885,train
OI_pcb-ind_07eddfbc7df8,val
OI_pcb-ind_07f0c71e0360,train
OI_pcb-ind_081e09be1efb,train
OI_pcb-ind_0837185d47b9,val
OI_pcb-ind_08677de68446,train
OI_pcb-ind_088baebeb3b2,train
OI_pcb-ind_08930617c32b,val
OI_pcb-ind_08a88d2ad408,train
OI_pcb-ind_08c520dc372f,val
OI_pcb-ind_08d4ad90b0cd,train
OI_pcb-ind_08eb495ca5a9,train
OI_pcb-ind_0917720583f8,train
OI_pcb-ind_097cc715b65e,train
OI_pcb-ind_09a65e683d73,val
OI_pcb-ind_09aa5a04cd24,train
OI_pcb-ind_09aac42d120c,train
OI_pcb-ind_0a0dba26a059,val
OI_pcb-ind_0a2e8fd5ba7f,train
OI_pcb-ind_0a8596e14a3f,train
OI_pcb-ind_0ae1bc0b3cec,val
OI_pcb-ind_0af9e2d84eee,excluded
OI_pcb-ind_0b11553d6cae,train
OI_pcb-ind_0b359478de65,test
OI_pcb-ind_0b36351abeb7,train
OI_pcb-ind_0b39adb7fd13,train
OI_pcb-ind_0b4615a560e1,train
OI_pcb-ind_0b6b6e9d914d,train
OI_pcb-ind_0b896d9b15ae,train
OI_pcb-ind_0b8b001638af,train
OI_pcb-ind_0bbbb78f31c9,train
OI_pcb-ind_0c48c17338d2,train
OI_pcb-ind_0c7d95fd770f,train
OI_pcb-ind_0c7e99894d9a,val
OI_pcb-ind_0c99c9e5871f,excluded
OI_pcb-ind_0ca4f5596fab,test
OI_pcb-ind_0cabf28a57f0,train
OI_pcb-ind_0cb6fa197182,test
OI_pcb-ind_0cbe39372fb8,val
OI_pcb-ind_0cffc9e5d7ed,train
OI_pcb-ind_0d063fae9d9b,train
OI_pcb-ind_0d1ca825c637,train
OI_pcb-ind_0d38e8a2a48e,train
OI_pcb-ind_0d5197d6d9d8,val
OI_pcb-ind_0d55db8f1ca1,train
OI_pcb-ind_0d74dafae4ce,train
OI_pcb-ind_0d791e3bd43a,train
OI_pcb-ind_0d810720b61f,train
OI_pcb-ind_0da4dd26ac88,excluded
OI_pcb-ind_0daa489dd7cb,train
OI_pcb-ind_0daa78c1d487,train
OI_pcb-ind_0db36e9750f4,train
OI_pcb-ind_0dc112eaeee3,val
OI_pcb-ind_0dd1ed44971d,train
OI_pcb-ind_0deca25f10f2,val
OI_pcb-ind_0e20e5150333,train
OI_pcb-ind_0e424a5b447e,val
OI_pcb-ind_0e50ff4e88cc,train
OI_pcb-ind_0e674d2f7404,train
OI_pcb-ind_0e9cbd9d80b2,test
OI_pcb-ind_0ef04e0cfca8,val
OI_pcb-ind_0ef2eb2fe7d7,val
OI_pcb-ind_0f2dc6665e3c,train
OI_pcb-ind_0f6735c9818b,train
OI_pcb-ind_0f6ceeef01f4,val
OI_pcb-ind_0f9a5b97a67b,train
OI_pcb-ind_0fbe4622ee54,train
OI_pcb-ind_0fc08656dfa6,train
OI_pcb-ind_0fd3cc97cb10,val
OI_pcb-ind_0fd3d0dcad5f,train
OI_pcb-ind_0fde653b193a,excluded
OI_pcb-ind_0fe462be3252,train
OI_pcb-ind_1003d92302d7,val
OI_pcb-ind_10443accdc03,train
OI_pcb-ind_1058e2fd0fb3,train
OI_pcb-ind_105c87270289,train
OI_pcb-ind_1085fbc78cd9,train
OI_pcb-ind_109259ad4074,excluded
OI_pcb-ind_1095810fb687,train
OI_pcb-ind_109e03f3e7a0,train
OI_pcb-ind_10f0505c378f,train
OI_pcb-ind_10f8db385da4,val
OI_pcb-ind_11296373768b,train
OI_pcb-ind_113705af8259,val
OI_pcb-ind_116b3709bb4a,train
OI_pcb-ind_116bd8ef3cd0,val
OI_pcb-ind_11842dbf2f20,val
OI_pcb-ind_119365487506,train
OI_pcb-ind_119847072441,val
OI_pcb-ind_11e65a717723,test
OI_pcb-ind_11eea6479bad,train
OI_pcb-ind_12268f08d6c1,train
OI_pcb-ind_1227833d57e4,excluded
OI_pcb-ind_1243fa1633ba,train
OI_pcb-ind_124a18437f89,excluded
OI_pcb-ind_12ac2e07c027,train
OI_pcb-ind_12c106240a34,train
OI_pcb-ind_12f1692ccfdd,train
OI_pcb-ind_130ea9c243cc,val
OI_pcb-ind_1318263c9179,train
OI_pcb-ind_1320d7b6cd42,train
OI_pcb-ind_132efd25d2b1,train
OI_pcb-ind_1331f00fa638,excluded
OI_pcb-ind_133ecd807d8c,train
OI_pcb-ind_136acb83fa59,train
OI_pcb-ind_139491843e69,train
OI_pcb-ind_13a5e4d019e9,test
OI_pcb-ind_13c3d108dfe1,train
OI_pcb-ind_13cf293479f4,train
OI_pcb-ind_143548ce6fad,train
OI_pcb-ind_145c2cd10c21,val
OI_pcb-ind_145e654284d8,val
OI_pcb-ind_147a0ff93d54,val
OI_pcb-ind_149a89546b53,train
OI_pcb-ind_151c01f65cdb,train
OI_pcb-ind_152e74233b07,train
OI_pcb-ind_15321f3247e3,train
OI_pcb-ind_158d08abbfd2,train
OI_pcb-ind_15c8f983f352,val
OI_pcb-ind_15ef06eb0a3f,train
OI_pcb-ind_1633bb842c25,train
OI_pcb-ind_165a30d0d9e8,train
OI_pcb-ind_167ebf108a15,excluded
OI_pcb-ind_16e3000576c6,test
OI_pcb-ind_174610cf0fb6,excluded
OI_pcb-ind_1777b4cd1ef7,train
OI_pcb-ind_179759f9fba5,train
OI_pcb-ind_17d345dcb040,train
OI_pcb-ind_180ac0af92cc,train
OI_pcb-ind_18648e185dd8,train
OI_pcb-ind_188d43c4f6aa,excluded
OI_pcb-ind_18922bfffd47,train
OI_pcb-ind_18a8c4cf0ba0,excluded
OI_pcb-ind_18d769abdd4e,train
OI_pcb-ind_18fed164e043,excluded
OI_pcb-ind_19198c61123e,val
OI_pcb-ind_197f96a71c92,train
OI_pcb-ind_19818a940827,train
OI_pcb-ind_198d98ac55c7,val
OI_pcb-ind_19bd4d2bb5df,train
OI_pcb-ind_1a28c0db8b69,test
OI_pcb-ind_1a2cf2654674,train
OI_pcb-ind_1a325d7297b3,test
OI_pcb-ind_1a6d3769c939,test
OI_pcb-ind_1aa8f453267f,train
OI_pcb-ind_1aabe6e7f461,train
OI_pcb-ind_1b13081b07e0,val
OI_pcb-ind_1b29bc1ed4ea,train
OI_pcb-ind_1b2ff6a78eb3,train
OI_pcb-ind_1b44b1c7fb9f,test
OI_pcb-ind_1b488fbe48f1,val
OI_pcb-ind_1b4ccf77f00e,train
OI_pcb-ind_1b5e82aa8eec,test
OI_pcb-ind_1b7b41de06a3,val
OI_pcb-ind_1ba2a6b91020,excluded
OI_pcb-ind_1bb0d81c296b,train
OI_pcb-ind_1bb9690762c9,val
OI_pcb-ind_1bbb08cf99f3,train
OI_pcb-ind_1be81b532206,val
OI_pcb-ind_1c4fb8791575,val
OI_pcb-ind_1c5507815ada,val
OI_pcb-ind_1c5c03420437,test
OI_pcb-ind_1c6ff0d04057,train
OI_pcb-ind_1c876fcd137a,train
OI_pcb-ind_1ccd8d7055ac,train
OI_pcb-ind_1cd5ce5b35f3,test
OI_pcb-ind_1d479c7962cd,train
OI_pcb-ind_1d6b0588a249,test
OI_pcb-ind_1d904720d8e7,excluded
OI_pcb-ind_1d9643a337fe,train
OI_pcb-ind_1de1b231957e,train
OI_pcb-ind_1de6bb5e3f5a,train
OI_pcb-ind_1e7342c910ae,train
OI_pcb-ind_1e7e66d25f18,train
OI_pcb-ind_1e96a92f53eb,train
OI_pcb-ind_1ea7b9a578b1,train
OI_pcb-ind_1eaa7f361a04,val
OI_pcb-ind_1edb7b116435,train
OI_pcb-ind_1f3bee1679f9,train
OI_pcb-ind_1f663be61668,train
OI_pcb-ind_1f7ae6db263a,val
OI_pcb-ind_1faf88dd0dee,train
OI_pcb-ind_1fd0140380d2,test
OI_pcb-ind_1fd0662ba581,train
OI_pcb-ind_1fe8a5258b3f,val
OI_pcb-ind_20039bf64f61,train
OI_pcb-ind_208a0235f9f7,val
OI_pcb-ind_20c0688d78d5,train
OI_pcb-ind_20eb62063e33,train
OI_pcb-ind_216150fc35da,train
OI_pcb-ind_217f7b10bb88,train
OI_pcb-ind_2186bcaa12ae,test
OI_pcb-ind_219d6ba3ea68,train
OI_pcb-ind_219eaabe6cbb,train
OI_pcb-ind_21ae2ccef461,excluded
OI_pcb-ind_21ecfe0fa13a,train
OI_pcb-ind_21f721d2a1e9,train
OI_pcb-ind_220992446fe4,val
OI_pcb-ind_221e3634f25e,train
OI_pcb-ind_222a17589c47,train
OI_pcb-ind_225658727d17,train
OI_pcb-ind_226d4015e6df,train
OI_pcb-ind_22d67529de97,train
OI_pcb-ind_230690f8ca47,excluded
OI_pcb-ind_23597df0f32b,excluded
OI_pcb-ind_23b597b88478,train
OI_pcb-ind_23f808481469,train
OI_pcb-ind_245a694b6ceb,train
OI_pcb-ind_249f3fa25f2f,train
OI_pcb-ind_24ecc09c2269,train
OI_pcb-ind_250e87b21baa,train
OI_pcb-ind_25bfbdf18dad,val
OI_pcb-ind_2625a4df9223,val
OI_pcb-ind_275307b74670,val
OI_pcb-ind_278fdccf0b22,test
OI_pcb-ind_279d892c8dc2,test
OI_pcb-ind_27a26b2ad9e1,train
OI_pcb-ind_27c5fca367df,train
OI_pcb-ind_27d3e2171eb5,train
OI_pcb-ind_281bc479d90f,train
OI_pcb-ind_281edbfdd872,train
OI_pcb-ind_282ed13a0217,train
OI_pcb-ind_28305fac9615,train
OI_pcb-ind_283123324bfa,train
OI_pcb-ind_286017383ff2,test
OI_pcb-ind_2868461463bf,train
OI_pcb-ind_28733bc54d8c,train
OI_pcb-ind_28805c09173d,train
OI_pcb-ind_28f0e26d09a7,train
OI_pcb-ind_290775d7d7e7,train
OI_pcb-ind_292308bcd0df,train
OI_pcb-ind_2933650251b2,train
OI_pcb-ind_2938301d286f,train
OI_pcb-ind_294a8aa68b56,test
OI_pcb-ind_295f7c5cbcd6,train
OI_pcb-ind_2988a3ec3439,train
OI_pcb-ind_29b6befb52c6,val
OI_pcb-ind_29b95c8a25a6,train
OI_pcb-ind_29c424bf7ca6,excluded
OI_pcb-ind_29c7957a810a,val
OI_pcb-ind_29d829a6c623,excluded
OI_pcb-ind_29fa23e03726,train
OI_pcb-ind_2a1c7d5e9718,train
OI_pcb-ind_2a8713c96b12,train
OI_pcb-ind_2a8d3603b50d,train
OI_pcb-ind_2aac9923661b,train
OI_pcb-ind_2afe873b629c,train
OI_pcb-ind_2b09f081cdbe,excluded
OI_pcb-ind_2b287455eb8b,train
OI_pcb-ind_2b48c4dbc27d,train
OI_pcb-ind_2b6ca7287341,train
OI_pcb-ind_2b737a4631b7,test
OI_pcb-ind_2bb26aaeaf05,val
OI_pcb-ind_2bd0437ae7e7,val
OI_pcb-ind_2be590a5f64b,train
OI_pcb-ind_2c44ec490c16,train
OI_pcb-ind_2c4835027969,train
OI_pcb-ind_2c6de5fd6727,train
OI_pcb-ind_2c7af35093c2,train
OI_pcb-ind_2c7b635cbf98,train
OI_pcb-ind_2c8bd3942912,train
OI_pcb-ind_2c99981b4d3b,test
OI_pcb-ind_2c9a0599a5c7,train
OI_pcb-ind_2c9bd0ee12d3,train
OI_pcb-ind_2c9cf016f155,train
OI_pcb-ind_2ca7f4de9505,train
OI_pcb-ind_2cb1670c4c84,excluded
OI_pcb-ind_2d149af2401c,train
OI_pcb-ind_2d2d815f3e97,train
OI_pcb-ind_2d32c026a7ef,train
OI_pcb-ind_2d74eae371b5,val
OI_pcb-ind_2d9eba7d6390,train
OI_pcb-ind_2dd1b64ce262,val
OI_pcb-ind_2dd857db8ed7,train
OI_pcb-ind_2de31a55676a,train
OI_pcb-ind_2e7b1fbadc27,train
OI_pcb-ind_2ea1792f1b3c,val
OI_pcb-ind_2ec40dd459ed,val
OI_pcb-ind_2edde121e1b1,val
OI_pcb-ind_2ef1e62f11da,train
OI_pcb-ind_2ef603c533a6,train
OI_pcb-ind_2f28bbca2657,train
OI_pcb-ind_2f5902acfcf4,train
OI_pcb-ind_2f760453c36c,val
OI_pcb-ind_2f766e51ec63,train
OI_pcb-ind_2f79a16b51f4,train
OI_pcb-ind_2f859af674e6,train
OI_pcb-ind_2fa4e2fc7de1,train
OI_pcb-ind_2fa54a890398,val
OI_pcb-ind_2fc8948b0703,train
OI_pcb-ind_2fe0b3040604,val
OI_pcb-ind_2ff0617cdd24,train
OI_pcb-ind_2ff3b50a57e7,val
OI_pcb-ind_30197c21f2b4,val
OI_pcb-ind_30317c4a163e,train
OI_pcb-ind_30420710a006,train
OI_pcb-ind_30511b49c6de,val
OI_pcb-ind_3079b29e918b,train
OI_pcb-ind_308aa417a3aa,train
OI_pcb-ind_309f6e96cd70,train
OI_pcb-ind_311fa5d08129,val
OI_pcb-ind_31352234c7f3,train
OI_pcb-ind_315016918a29,train
OI_pcb-ind_31770921e83c,train
OI_pcb-ind_31896cc5a7f4,train
OI_pcb-ind_3192b21cc503,excluded
OI_pcb-ind_319d98f0ce24,train
OI_pcb-ind_31ddb1c94b63,train
OI_pcb-ind_32049a7c6f2b,train
OI_pcb-ind_321315ca2978,train
OI_pcb-ind_32239b9ff1d6,val
OI_pcb-ind_322b714a4c2e,excluded
OI_pcb-ind_3253fbc03732,train
OI_pcb-ind_32783f395604,val
OI_pcb-ind_32c792b63c5e,test
OI_pcb-ind_32fb6a2dc0ca,train
OI_pcb-ind_331b99cb194c,val
OI_pcb-ind_333c75640ed1,val
OI_pcb-ind_333d4766b550,train
OI_pcb-ind_333d9fd1bea9,train
OI_pcb-ind_33a381237775,train
OI_pcb-ind_33c6fd9915d3,train
OI_pcb-ind_33ca59c95fe5,test
OI_pcb-ind_33e9b4a69427,test
OI_pcb-ind_343d91928745,train
OI_pcb-ind_344811f6a26b,train
OI_pcb-ind_345b470b8d04,train
OI_pcb-ind_348348df5687,train
OI_pcb-ind_34bcbd50cf38,val
OI_pcb-ind_34d4f3eacf9f,train
OI_pcb-ind_3512d1fc7bb5,val
OI_pcb-ind_351dfad5da5d,train
OI_pcb-ind_3557564810e4,test
OI_pcb-ind_3593c9a7388c,train
OI_pcb-ind_35bc74187e98,train
OI_pcb-ind_35e021f58fb2,test
OI_pcb-ind_35e577aecccc,val
OI_pcb-ind_35f28365bfc1,train
OI_pcb-ind_361c115ba138,train
OI_pcb-ind_36284801f89e,train
OI_pcb-ind_362bfef0b3a2,excluded
OI_pcb-ind_36a1c7ae55c8,val
OI_pcb-ind_36a2d9f76942,val
OI_pcb-ind_36ccb9f12fb8,train
OI_pcb-ind_370d9a3bec26,train
OI_pcb-ind_371236a9f075,train
OI_pcb-ind_3754d429d766,val
OI_pcb-ind_379cf0cc06bc,excluded
OI_pcb-ind_37b267ee6b95,train
OI_pcb-ind_37d30a14ffc8,val
OI_pcb-ind_37d36a2b72e1,train
OI_pcb-ind_37da8be901b3,val
OI_pcb-ind_383c68751243,train
OI_pcb-ind_3978368fa1af,train
OI_pcb-ind_39c9f3b56bb3,train
OI_pcb-ind_39cc65b8fd1a,val
OI_pcb-ind_39fc58be65b5,train
OI_pcb-ind_3a010e3ab702,train
OI_pcb-ind_3a44cbc5d167,train
OI_pcb-ind_3a48937cbd24,val
OI_pcb-ind_3a5629a610e5,excluded
OI_pcb-ind_3a6cc83a9ad1,train
OI_pcb-ind_3a6fedd4d63a,train
OI_pcb-ind_3aa94a0070f4,train
OI_pcb-ind_3ab6d61c271e,train
OI_pcb-ind_3abefc364a7d,train
OI_pcb-ind_3ac125624c4c,train
OI_pcb-ind_3ad75443f2ec,val
OI_pcb-ind_3b13e25ef395,val
OI_pcb-ind_3b3ce4488f69,test
OI_pcb-ind_3b65d32b3559,test
OI_pcb-ind_3ba2e21e99a5,train
OI_pcb-ind_3bb496ea3bf3,train
OI_pcb-ind_3bb68d70cdff,val
OI_pcb-ind_3c026f216833,train
OI_pcb-ind_3c2d5885cdd0,train
OI_pcb-ind_3c5c9f71e89b,val
OI_pcb-ind_3c8f17509653,train
OI_pcb-ind_3cb0d2b02cbb,train
OI_pcb-ind_3ccea58222cc,val
OI_pcb-ind_3cd0e71dc514,train
OI_pcb-ind_3ce490f0bc87,train
OI_pcb-ind_3cf287573efa,train
OI_pcb-ind_3d180373f1ad,val
OI_pcb-ind_3d1b448f8296,train
OI_pcb-ind_3d7f807b61c8,test
OI_pcb-ind_3dc23ae24d8b,train
OI_pcb-ind_3e14599e93fc,train
OI_pcb-ind_3e242fb729b7,train
OI_pcb-ind_3e24383b77fa,train
OI_pcb-ind_3e370d4123ed,train
OI_pcb-ind_3e47f84b5de1,train
OI_pcb-ind_3e5bc7f4a724,train
OI_pcb-ind_3e5c26a4054b,train
OI_pcb-ind_3ebcab207b21,train
OI_pcb-ind_3ec85e0413ba,train
OI_pcb-ind_3ee365a88950,val
OI_pcb-ind_3f1640937639,train
OI_pcb-ind_3f16c2bdb454,train
OI_pcb-ind_3f4d59a35a89,train
OI_pcb-ind_3f725e9ca59f,excluded
OI_pcb-ind_3f8c7a012493,train
OI_pcb-ind_3fe1ed638201,train
OI_pcb-ind_4038c179fc63,train
OI_pcb-ind_407552bc7ef8,train
OI_pcb-ind_40e628e80289,train
OI_pcb-ind_40f0b54765f3,train
OI_pcb-ind_40f63ac583cb,train
OI_pcb-ind_40fb27484080,train
OI_pcb-ind_411a68e0a6ed,train
OI_pcb-ind_4147f76465e8,train
OI_pcb-ind_418a1bc25469,train
OI_pcb-ind_418abd234196,train
OI_pcb-ind_41bb391065e0,train
OI_pcb-ind_41fcec1b26de,train
OI_pcb-ind_422f90b47e73,train
OI_pcb-ind_4261cd1871ed,train
OI_pcb-ind_428aea697bb9,train
OI_pcb-ind_428ef3d22296,train
OI_pcb-ind_42ac3c8bc214,train
OI_pcb-ind_42b7e37d8ee5,excluded
OI_pcb-ind_42e7f03c1af2,val
OI_pcb-ind_42f21ad21b6f,train
OI_pcb-ind_42f2474feb45,val
OI_pcb-ind_430b1becb4d2,excluded
OI_pcb-ind_4318e4c040d4,train
OI_pcb-ind_433422a92b15,train
OI_pcb-ind_435bb9194525,test
OI_pcb-ind_43ebf34529e7,train
OI_pcb-ind_43f0a9a1e38a,train
OI_pcb-ind_445bddbd7e01,train
OI_pcb-ind_44fe9376644b,val
OI_pcb-ind_450053937aa0,train
OI_pcb-ind_456ffa2f0ffc,train
OI_pcb-ind_45848e6e03f4,val
OI_pcb-ind_458aba13f55e,train
OI_pcb-ind_459991e8f2ff,train
OI_pcb-ind_45a578ffebd3,val
OI_pcb-ind_45a80b5a51be,train
OI_pcb-ind_45bbb0db908c,excluded
OI_pcb-ind_45cc81443303,train
OI_pcb-ind_45cd7adf781d,excluded
OI_pcb-ind_45cefb7cf428,val
OI_pcb-ind_461310e3fa51,val
OI_pcb-ind_461911f4bcb6,test
OI_pcb-ind_461daa2f5a37,val
OI_pcb-ind_4641ffd9ffd1,train
OI_pcb-ind_4642d51814eb,test
OI_pcb-ind_465aa142bf80,excluded
OI_pcb-ind_46725824a2ec,test
OI_pcb-ind_46d8e249be16,train
OI_pcb-ind_4700946fe7cf,test
OI_pcb-ind_471972d3cfaf,train
OI_pcb-ind_473841c2768d,val
OI_pcb-ind_475a3992fd70,excluded
OI_pcb-ind_476f76595412,train
OI_pcb-ind_47956db4d492,train
OI_pcb-ind_47a1fbd12007,train
OI_pcb-ind_47bef90fb4ab,val
OI_pcb-ind_47f1e6e7dc27,train
OI_pcb-ind_4817cf2147c0,train
OI_pcb-ind_484ec3d42cfb,train
OI_pcb-ind_486c8720aabb,test
OI_pcb-ind_488156c3743e,train
OI_pcb-ind_488b1483f727,val
OI_pcb-ind_489ded0ffa57,train
OI_pcb-ind_48d82d301f77,train
OI_pcb-ind_491dd87f0886,train
OI_pcb-ind_49489d0866cc,excluded
OI_pcb-ind_494effc07c22,train
OI_pcb-ind_49934f800a63,train
OI_pcb-ind_49a4ede64130,test
OI_pcb-ind_49eeb3643797,train
OI_pcb-ind_4a06bb541b89,train
OI_pcb-ind_4a1a51fd610e,train
OI_pcb-ind_4a3a40e2bcc2,train
OI_pcb-ind_4a8a95bea6a2,train
OI_pcb-ind_4a91679f28f4,test
OI_pcb-ind_4a9ffedcf70d,excluded
OI_pcb-ind_4ab5135df7a3,train
OI_pcb-ind_4acb381ab85b,test
OI_pcb-ind_4b3f6a251406,excluded
OI_pcb-ind_4b659ef56cbc,excluded
OI_pcb-ind_4b6ae1350c35,train
OI_pcb-ind_4b8ee27c05b7,excluded
OI_pcb-ind_4b9dc7a6486f,train
OI_pcb-ind_4ba92f929a2c,train
OI_pcb-ind_4bd005f36ce0,test
OI_pcb-ind_4bede3e15b8f,train
OI_pcb-ind_4c396183f695,train
OI_pcb-ind_4c4efdf37b54,train
OI_pcb-ind_4c5300c4ad0c,train
OI_pcb-ind_4ca52b26ffb4,test
OI_pcb-ind_4d01efbedf19,train
OI_pcb-ind_4d4afeac07c6,val
OI_pcb-ind_4d782284372a,train
OI_pcb-ind_4d9714b8ea4c,train
OI_pcb-ind_4da09c796b73,train
OI_pcb-ind_4debc7511aa2,train
OI_pcb-ind_4e06a397cf5c,val
OI_pcb-ind_4e19da623b91,train
OI_pcb-ind_4e642adb0913,train
OI_pcb-ind_4ebe05e508f0,train
OI_pcb-ind_4f162a74aa1b,train
OI_pcb-ind_4f49392d2354,val
OI_pcb-ind_4f95dbced40c,val
OI_pcb-ind_4fc248d82ee7,train
OI_pcb-ind_4fd39d6a07ea,excluded
OI_pcb-ind_50015f8f6bd1,train
OI_pcb-ind_509751acf907,test
OI_pcb-ind_5098a610d0b7,excluded
OI_pcb-ind_509aac3884b3,train
OI_pcb-ind_510acfa06709,train
OI_pcb-ind_512e5d73a93a,train
OI_pcb-ind_51431a4e2990,train
OI_pcb-ind_5143c78b910a,val
OI_pcb-ind_51544d8432b7,train
OI_pcb-ind_51999ddb574a,train
OI_pcb-ind_51a75f898fa2,val
OI_pcb-ind_51cecd3b782f,val
OI_pcb-ind_523286c04ccc,train
OI_pcb-ind_5260a8e6449b,train
OI_pcb-ind_52747b611f4a,test
OI_pcb-ind_52a00b031c74,test
OI_pcb-ind_52a827dcf99f,val
OI_pcb-ind_52c5abad5655,train
OI_pcb-ind_52d5b934e9a9,train
OI_pcb-ind_52e7189034aa,train
OI_pcb-ind_5332703a64ef,train
OI_pcb-ind_5343a5770831,train
OI_pcb-ind_536758105efe,train
OI_pcb-ind_5369060db784,train
OI_pcb-ind_53a6576f3149,test
OI_pcb-ind_53d7c594995e,train
OI_pcb-ind_53ee714cf93a,train
OI_pcb-ind_53f976874ff3,train
OI_pcb-ind_54083f4ba653,test
OI_pcb-ind_544222bcb6a5,train
OI_pcb-ind_5467fb89ddca,excluded
OI_pcb-ind_54c0925ce2a5,val
OI_pcb-ind_54efb3482f24,train
OI_pcb-ind_551426294ed6,val
OI_pcb-ind_557245d48e62,train
OI_pcb-ind_5578a3ed294c,train
OI_pcb-ind_55a76767dece,excluded
OI_pcb-ind_55b67dbbbe15,train
OI_pcb-ind_55ea2d8d46ca,train
OI_pcb-ind_560a79c1bde5,train
OI_pcb-ind_56238b0f37af,train
OI_pcb-ind_56535d64f590,train
OI_pcb-ind_567b78dc3d20,train
OI_pcb-ind_5683e1531780,val
OI_pcb-ind_569b7acfda33,train
OI_pcb-ind_56cc8c1da481,train
OI_pcb-ind_56d33f38ed86,val
OI_pcb-ind_56d527c837de,val
OI_pcb-ind_56e12bd681a5,train
OI_pcb-ind_56f9ecf3059b,val
OI_pcb-ind_576bb2e31275,train
OI_pcb-ind_5788586f4ee8,val
OI_pcb-ind_57967aae0ccb,train
OI_pcb-ind_5799f9e435bd,test
OI_pcb-ind_57a45ff56d34,train
OI_pcb-ind_57e9433ea753,train
OI_pcb-ind_57f1e581fb0c,train
OI_pcb-ind_57f2d975c1a0,test
OI_pcb-ind_5870b60232ba,val
OI_pcb-ind_588d5dc31bc3,val
OI_pcb-ind_58aff01dd78f,excluded
OI_pcb-ind_58c955671850,train
OI_pcb-ind_58d784b82af1,val
OI_pcb-ind_59007e26b022,train
OI_pcb-ind_592b8c7282cd,val
OI_pcb-ind_59418a185697,val
OI_pcb-ind_59c150475f0f,train
OI_pcb-ind_59ce71d68475,train
OI_pcb-ind_59de028a12fc,val
OI_pcb-ind_59e7b846197e,val
OI_pcb-ind_59fba2fef7e8,train
OI_pcb-ind_59fe9adf5e05,train
OI_pcb-ind_5a055fc7c433,train
OI_pcb-ind_5a0d23b5d3ee,train
OI_pcb-ind_5a101df027ba,val
OI_pcb-ind_5a4f69131da7,val
OI_pcb-ind_5a5c8fe8eaa2,train
OI_pcb-ind_5a5ef249ca55,train
OI_pcb-ind_5a7991336e9d,train
OI_pcb-ind_5a94a80afdd5,train
OI_pcb-ind_5ac8b7b16e63,val
OI_pcb-ind_5ad775e69c9c,train
OI_pcb-ind_5add620a7f33,train
OI_pcb-ind_5ae46fd400dd,train
OI_pcb-ind_5b0d5505f3fb,train
OI_pcb-ind_5b2c52712d8a,val
OI_pcb-ind_5b2fc467e5d7,train
OI_pcb-ind_5b417ba53c40,train
OI_pcb-ind_5b5180ddc52b,train
OI_pcb-ind_5b71caebe639,train
OI_pcb-ind_5b9259203dc2,test
OI_pcb-ind_5bae7f0a808b,train
OI_pcb-ind_5bcc7618d15f,test
OI_pcb-ind_5bcfc86bd9a2,train
OI_pcb-ind_5bdfe9ff12c5,train
OI_pcb-ind_5c070b4c9b1e,train
OI_pcb-ind_5c11f2b8063b,train
OI_pcb-ind_5c29b11bb8ff,val
OI_pcb-ind_5c2f52c49892,train
OI_pcb-ind_5cd30dbb5a71,val
OI_pcb-ind_5cf3ac2dd86b,train
OI_pcb-ind_5db77f9beebe,train
OI_pcb-ind_5dd074bf54f5,train
OI_pcb-ind_5dd587d25def,train
OI_pcb-ind_5e0ba25b71cc,train
OI_pcb-ind_5e1063cdce54,train
OI_pcb-ind_5e709ce457ca,train
OI_pcb-ind_5eb83ecec57a,train
OI_pcb-ind_5f0f22239f46,train
OI_pcb-ind_5f40e6261c99,test
OI_pcb-ind_5f6947a2c009,train
OI_pcb-ind_5f770a8c62dc,train
OI_pcb-ind_5f88a4bb62c9,train
OI_pcb-ind_5f9727430013,test
OI_pcb-ind_5f9aed361346,train
OI_pcb-ind_5ff757c370a5,val
OI_pcb-ind_601e118ddeb3,train
OI_pcb-ind_607d9400fe6b,train
OI_pcb-ind_609b1b64cc9e,train
OI_pcb-ind_60e85def990b,train
OI_pcb-ind_60e997fc4e07,train
OI_pcb-ind_61164e6ebb9a,val
OI_pcb-ind_616f933c95a2,train
OI_pcb-ind_61a21e7e444b,train
OI_pcb-ind_61bb1efbb9e6,train
OI_pcb-ind_61c51e8ade61,train
OI_pcb-ind_61d16d240eb9,excluded
OI_pcb-ind_61d1c1e2de06,val
OI_pcb-ind_61e6317dc7ec,test
OI_pcb-ind_620db6f78d7d,train
OI_pcb-ind_628205ea2ee2,excluded
OI_pcb-ind_62d220ef97bd,test
OI_pcb-ind_634ece23c05d,test
OI_pcb-ind_63ef67aafb3b,train
OI_pcb-ind_6427caa201ed,val
OI_pcb-ind_6438563111cb,val
OI_pcb-ind_646c898976ca,val
OI_pcb-ind_647052724420,train
OI_pcb-ind_649d23c0409e,train
OI_pcb-ind_64a9e6aaa87f,test
OI_pcb-ind_64f09230f15b,train
OI_pcb-ind_650f2401eac8,test
OI_pcb-ind_651d28179213,excluded
OI_pcb-ind_652e009ca0c2,train
OI_pcb-ind_652ea8fcf0a6,val
OI_pcb-ind_65401cd59555,train
OI_pcb-ind_65c5569fe959,test
OI_pcb-ind_66886b26175c,train
OI_pcb-ind_668899762cbd,train
OI_pcb-ind_669c77ab449a,val
OI_pcb-ind_66a90f3c5ef4,train
OI_pcb-ind_66cbde6d0ac3,train
OI_pcb-ind_66f90185322c,train
OI_pcb-ind_6785716ec68c,train
OI_pcb-ind_67c9caede9fc,excluded
OI_pcb-ind_67ce9cb65878,excluded
OI_pcb-ind_67da78634de0,train
OI_pcb-ind_67e62bce43bd,train
OI_pcb-ind_67eea419540e,train
OI_pcb-ind_683266bfcb2a,val
OI_pcb-ind_6835e55dbfb9,train
OI_pcb-ind_68480fe41015,test
OI_pcb-ind_6859e229ef8b,train
OI_pcb-ind_685e9aa5288f,train
OI_pcb-ind_6879ed992024,test
OI_pcb-ind_68813ea88811,train
OI_pcb-ind_68b8ed2a3dd6,train
OI_pcb-ind_68c295ee13e1,train
OI_pcb-ind_69068870b6bb,train
OI_pcb-ind_693d71036544,train
OI_pcb-ind_697b8d7880a3,train
OI_pcb-ind_699e3fc35725,train
OI_pcb-ind_69c41b6a4bc4,val
OI_pcb-ind_69c5f08b3766,train
OI_pcb-ind_69f86f9f7299,train
OI_pcb-ind_6a0d43309e58,train
OI_pcb-ind_6a45c6673727,train
OI_pcb-ind_6a7b6d2b7da5,train
OI_pcb-ind_6aab8f42f064,val
OI_pcb-ind_6aad633cf599,train
OI_pcb-ind_6ab2a40e129c,train
OI_pcb-ind_6ab6ee900056,train
OI_pcb-ind_6abbcab6b59b,train
OI_pcb-ind_6acca419dbc0,val
OI_pcb-ind_6ada68a07442,train
OI_pcb-ind_6b07cc4b6057,train
OI_pcb-ind_6b671757e975,excluded
OI_pcb-ind_6b71c26c22b6,train
OI_pcb-ind_6b999e9ea43c,val
OI_pcb-ind_6b9a205d3cdd,train
OI_pcb-ind_6c54a9973895,val
OI_pcb-ind_6c8b72f85fa6,train
OI_pcb-ind_6ca0a6322129,train
OI_pcb-ind_6d1da5c9adee,train
OI_pcb-ind_6d4ddefbfbdd,train
OI_pcb-ind_6d5950a23446,test
OI_pcb-ind_6d60a52cafd3,val
OI_pcb-ind_6d8980dee6e2,val
OI_pcb-ind_6dc9231465a6,test
OI_pcb-ind_6dcb3d84c044,train
OI_pcb-ind_6de39bb6735f,train
OI_pcb-ind_6e292a252163,train
OI_pcb-ind_6e5965d7eadc,excluded
OI_pcb-ind_6e7f1233b706,train
OI_pcb-ind_6ed22e12dd81,train
OI_pcb-ind_6eda45eb769c,val
OI_pcb-ind_6ee198a897dd,train
OI_pcb-ind_6efd64b005c5,train
OI_pcb-ind_6f63808eafc9,train
OI_pcb-ind_6f6569ebae26,val
OI_pcb-ind_6f77c50fad2c,train
OI_pcb-ind_6f995ebd104b,excluded
OI_pcb-ind_6fadc1155a1f,val
OI_pcb-ind_6fc8fa6842e8,test
OI_pcb-ind_6fd0c4f92a0a,train
OI_pcb-ind_6fe32a4fe577,train
OI_pcb-ind_700ea7dfd47a,val
OI_pcb-ind_702ab8a47cd6,train
OI_pcb-ind_705426a02e25,train
OI_pcb-ind_707f40e31de5,train
OI_pcb-ind_70b5654205d8,val
OI_pcb-ind_70e861955538,train
OI_pcb-ind_710a742bb5dd,excluded
OI_pcb-ind_711607369e63,train
OI_pcb-ind_71235fcee911,train
OI_pcb-ind_7151b73acc21,train
OI_pcb-ind_715283d188f6,excluded
OI_pcb-ind_715464e518a7,train
OI_pcb-ind_716a99e21ab0,train
OI_pcb-ind_716ab6799ddb,train
OI_pcb-ind_71741cd33553,val
OI_pcb-ind_7180e4605d4c,train
OI_pcb-ind_7198b8411844,val
OI_pcb-ind_71eebdf540d6,test
OI_pcb-ind_7211179759f8,train
OI_pcb-ind_723bef200736,train
OI_pcb-ind_725cb5ceb119,train
OI_pcb-ind_72645cec7baa,train
OI_pcb-ind_72648b281d02,train
OI_pcb-ind_7280f4861605,val
OI_pcb-ind_7281e4d62823,val
OI_pcb-ind_72dc02a94096,val
OI_pcb-ind_732d568a32eb,val
OI_pcb-ind_733698b80d02,train
OI_pcb-ind_735f8897e6be,train
OI_pcb-ind_736974a21f3d,val
OI_pcb-ind_74001c89096e,train
OI_pcb-ind_740d3c9b17e5,train
OI_pcb-ind_74324c6019e8,train
OI_pcb-ind_7493772ea2ea,train
OI_pcb-ind_749dffbd3b46,train
OI_pcb-ind_74c59dd03ec6,train
OI_pcb-ind_74e3e44cdcdc,train
OI_pcb-ind_74e41cb07d11,test
OI_pcb-ind_74fd781975ae,train
OI_pcb-ind_75337d52d865,train
OI_pcb-ind_753fadd54f2e,val
OI_pcb-ind_75448d80ce50,excluded
OI_pcb-ind_7556bb296a9b,excluded
OI_pcb-ind_758950428374,train
OI_pcb-ind_75c306d1bc05,train
OI_pcb-ind_75ee39abbcd7,train
OI_pcb-ind_75f5b1e655de,train
OI_pcb-ind_762e554d6e6c,train
OI_pcb-ind_764a0654181a,train
OI_pcb-ind_764c9ec14276,test
OI_pcb-ind_766c0fff5189,val
OI_pcb-ind_7682d63a7903,train
OI_pcb-ind_76aac5c433ea,train
OI_pcb-ind_76c1a7814893,train
OI_pcb-ind_76eeb07fa8fc,train
OI_pcb-ind_773c4482f178,train
OI_pcb-ind_77c03a28e099,val
OI_pcb-ind_77cb5dd78c4c,train
OI_pcb-ind_780e0b5bfbfe,val
OI_pcb-ind_781b45699d67,train
OI_pcb-ind_78316b4fd0a0,train
OI_pcb-ind_787c7b75bde6,val
OI_pcb-ind_794aa121b68d,val
OI_pcb-ind_794d622a7ac2,train
OI_pcb-ind_7951cfed4e44,train
OI_pcb-ind_796e22d9a4aa,train
OI_pcb-ind_79c963e4825c,train
OI_pcb-ind_79dadfab12ca,train
OI_pcb-ind_7a16ea5d6c76,train
OI_pcb-ind_7a8a76393869,train
OI_pcb-ind_7a999e29ac73,train
OI_pcb-ind_7ad2664700ea,train
OI_pcb-ind_7ad9a122b38c,train
OI_pcb-ind_7b3900dd9489,train
OI_pcb-ind_7b7090eac787,val
OI_pcb-ind_7c0e52a9ccd1,train
OI_pcb-ind_7c0fd5e4bdfd,train
OI_pcb-ind_7c42cbef07c2,train
OI_pcb-ind_7c8ccdb36478,train
OI_pcb-ind_7ca1056c581b,train
OI_pcb-ind_7cb05a343791,test
OI_pcb-ind_7cbd8048ab76,train
OI_pcb-ind_7ccff9d2d181,train
OI_pcb-ind_7ceb6d0cd76c,test
OI_pcb-ind_7d049ecb36bd,train
OI_pcb-ind_7d0f0b6914c3,test
OI_pcb-ind_7d631f0410ee,train
OI_pcb-ind_7d6df7b4bdb4,val
OI_pcb-ind_7d7ffa1b8159,train
OI_pcb-ind_7d920e3972aa,val
OI_pcb-ind_7d96de04089f,excluded
OI_pcb-ind_7d9ac5c49a39,train
OI_pcb-ind_7dbfaa0ba644,train
OI_pcb-ind_7dd6f1342758,train
OI_pcb-ind_7dd82d99c888,train
OI_pcb-ind_7ddca5617426,train
OI_pcb-ind_7ddf58923888,train
OI_pcb-ind_7e32182e887d,train
OI_pcb-ind_7e43c05ab130,val
OI_pcb-ind_7ec1d8902534,train
OI_pcb-ind_7ef618aba83d,train
OI_pcb-ind_7ef9a2cc1405,train
OI_pcb-ind_7f5f5f68d4f3,train
OI_pcb-ind_7f83926ed1f7,train
OI_pcb-ind_8034fb3284ae,train
OI_pcb-ind_803657ece868,excluded
OI_pcb-ind_804e7b151f7f,train
OI_pcb-ind_806d0d4904c3,train
OI_pcb-ind_80ac97508bc3,val
OI_pcb-ind_80b7c38e9298,train
OI_pcb-ind_81042df49c75,val
OI_pcb-ind_811ab8959dd8,train
OI_pcb-ind_81830eda985d,excluded
OI_pcb-ind_8183fa0052f1,train
OI_pcb-ind_81b85e9d5636,train
OI_pcb-ind_81c29241b200,train
OI_pcb-ind_81e29732a138,train
OI_pcb-ind_8240f13cfc08,test
OI_pcb-ind_82c2d347dd58,val
OI_pcb-ind_82c64b0d2429,train
OI_pcb-ind_82c7ac6128af,train
OI_pcb-ind_8343a6bae023,train
OI_pcb-ind_83b99b59415a,train
OI_pcb-ind_8411fdf8a5cf,train
OI_pcb-ind_84130aea9b7b,val
OI_pcb-ind_8421a3ab2bb4,train
OI_pcb-ind_8432b1a1f817,train
OI_pcb-ind_843d6c4b8c9c,val
OI_pcb-ind_8483ea5299bd,val
OI_pcb-ind_8494cb5bb91f,train
OI_pcb-ind_84a042222e6f,train
OI_pcb-ind_84b4726a1b2b,train
OI_pcb-ind_84bdb014a069,train
OI_pcb-ind_855c0c9097c0,train
OI_pcb-ind_856285df3b15,train
OI_pcb-ind_860a71bd9f1e,train
OI_pcb-ind_867daa85a43b,val
OI_pcb-ind_86961a7afcdd,train
OI_pcb-ind_86a99380d326,train
OI_pcb-ind_86ae5af772a3,val
OI_pcb-ind_86c6ee2bd9b4,train
OI_pcb-ind_86db743316b8,val
OI_pcb-ind_870d70c239d2,test
OI_pcb-ind_8725cb7f1a81,train
OI_pcb-ind_8743195da008,train
OI_pcb-ind_874b2f410871,excluded
OI_pcb-ind_87da4e991ed0,train
OI_pcb-ind_87f9b963eaaf,train
OI_pcb-ind_880f0ee54f2a,train
OI_pcb-ind_882f4e2cffaf,train
OI_pcb-ind_883c77223794,train
OI_pcb-ind_887978662a99,train
OI_pcb-ind_889edfd75374,train
OI_pcb-ind_88be441f069e,train
OI_pcb-ind_88f31feac56e,excluded
OI_pcb-ind_88f4bd61a62f,train
OI_pcb-ind_892d4aa20b2f,train
OI_pcb-ind_896dc61532d7,train
OI_pcb-ind_89a92041ecbc,val
OI_pcb-ind_89d1d0e86359,train
OI_pcb-ind_89d24fb65c5b,train
OI_pcb-ind_8a867d9b024e,train
OI_pcb-ind_8a8b65f4bf6e,train
OI_pcb-ind_8ad2fd688e4e,train
OI_pcb-ind_8ad96dc0adb0,train
OI_pcb-ind_8b0336da91a9,val
OI_pcb-ind_8b05337233f9,val
OI_pcb-ind_8b248752bc4a,test
OI_pcb-ind_8b66099fc90c,train
OI_pcb-ind_8b78cb4b0f8b,val
OI_pcb-ind_8bc1b898679e,train
OI_pcb-ind_8bf7b616de31,train
OI_pcb-ind_8c038dab505a,train
OI_pcb-ind_8c2934916b7b,train
OI_pcb-ind_8c6407a0416f,train
OI_pcb-ind_8c89093c8fb8,train
OI_pcb-ind_8c9c5f111e1b,train
OI_pcb-ind_8cc93f5f0217,test
OI_pcb-ind_8d0b57e54d65,train
OI_pcb-ind_8d1810e30619,test
OI_pcb-ind_8d1abb939ca5,train
OI_pcb-ind_8d4ceaa53c6e,val
OI_pcb-ind_8d6169b32ef1,train
OI_pcb-ind_8d6e703f5f5b,train
OI_pcb-ind_8da9dfe62854,excluded
OI_pcb-ind_8db91de077a5,train
OI_pcb-ind_8e17c372c56f,train
OI_pcb-ind_8e971d9eb2eb,train
OI_pcb-ind_8ec83f63fc60,train
OI_pcb-ind_8ecf2057ea50,val
OI_pcb-ind_8ee4d3a97cfd,test
OI_pcb-ind_8efc070a8a9b,train
OI_pcb-ind_8f134deb3753,val
OI_pcb-ind_8f7e1dae5fb1,test
OI_pcb-ind_8faac18223a6,train
OI_pcb-ind_8fb0409232f4,train
OI_pcb-ind_8fde59bcbaed,val
OI_pcb-ind_9008577bdefb,train
OI_pcb-ind_901852cbc1e7,val
OI_pcb-ind_9091c732daa7,train
OI_pcb-ind_90d1301a143e,val
OI_pcb-ind_916da9fb34ff,train
OI_pcb-ind_91725329599b,val
OI_pcb-ind_917ad85e03bf,train
OI_pcb-ind_9192cf9da3e1,train
OI_pcb-ind_91b676ec4517,train
OI_pcb-ind_91c8a68ef033,test
OI_pcb-ind_91d1cfca5c2a,train
OI_pcb-ind_91fb937df0da,train
OI_pcb-ind_91fc52a712d6,train
OI_pcb-ind_9200647f5695,val
OI_pcb-ind_9212b079ea65,train
OI_pcb-ind_92149fddf353,train
OI_pcb-ind_9267c99ebeab,train
OI_pcb-ind_9275258afce1,train
OI_pcb-ind_927643ed9b39,train
OI_pcb-ind_928a25b25270,train
OI_pcb-ind_928eff47bdd7,val
OI_pcb-ind_92b37c42246b,train
OI_pcb-ind_92c169e073cc,train
OI_pcb-ind_92cf6ca0d6e7,val
OI_pcb-ind_92d44b1567fc,train
OI_pcb-ind_9316a4bfdff9,train
OI_pcb-ind_9346cfb7fbd4,train
OI_pcb-ind_934c4a880fdf,val
OI_pcb-ind_935ceaaa3c32,train
OI_pcb-ind_937884232921,train
OI_pcb-ind_9394b27ce42e,train
OI_pcb-ind_93b32b38ff67,train
OI_pcb-ind_93c5824de1ce,excluded
OI_pcb-ind_93d021333c69,train
OI_pcb-ind_93effee0fb2b,train
OI_pcb-ind_93f438874601,test
OI_pcb-ind_9406d0b88d3e,train
OI_pcb-ind_940fa735c0eb,train
OI_pcb-ind_9449372e51aa,train
OI_pcb-ind_9476789759a9,test
OI_pcb-ind_94b9213c1525,train
OI_pcb-ind_94fb078e90ec,val
OI_pcb-ind_94fee84f2b59,train
OI_pcb-ind_95119a758a55,val
OI_pcb-ind_952f1d19fd13,train
OI_pcb-ind_956255c493f4,test
OI_pcb-ind_956cd6d99a18,train
OI_pcb-ind_957dcfa9faa2,train
OI_pcb-ind_95913b2d2219,train
OI_pcb-ind_95950c3af1d7,train
OI_pcb-ind_95daa61352f1,test
OI_pcb-ind_9611eb39d06f,val
OI_pcb-ind_962d66181b2d,train
OI_pcb-ind_96582d540982,train
OI_pcb-ind_9664f591db46,train
OI_pcb-ind_9667bda9004d,train
OI_pcb-ind_96807debdcd4,train
OI_pcb-ind_969a8e5d62b7,train
OI_pcb-ind_96d43dcf20e2,train
OI_pcb-ind_97095db6e72b,test
OI_pcb-ind_971f5f86755c,train
OI_pcb-ind_9747bae6ee38,val
OI_pcb-ind_9753d3cbc5e0,test
OI_pcb-ind_978fc2759566,train
OI_pcb-ind_97a6c084aeaf,train
OI_pcb-ind_9800718655d2,train
OI_pcb-ind_989e9110bf39,test
OI_pcb-ind_98c6a9152784,val
OI_pcb-ind_98e07a1235a0,test
OI_pcb-ind_990f5d21ef79,train
OI_pcb-ind_9913129447cc,val
OI_pcb-ind_9928e1c64798,train
OI_pcb-ind_9933fc290a68,train
OI_pcb-ind_99ae1eaf5300,train
OI_pcb-ind_99b77187eadf,train
OI_pcb-ind_99cceff057a3,train
OI_pcb-ind_99e4310589a9,test
OI_pcb-ind_99ec01a19783,train
OI_pcb-ind_99f18586eaca,excluded
OI_pcb-ind_9a749bb738c5,train
OI_pcb-ind_9ab0d9f4cf22,train
OI_pcb-ind_9aeea13b58ac,train
OI_pcb-ind_9b2c4774f2f9,test
OI_pcb-ind_9b68ebda0fc7,val
OI_pcb-ind_9b709aad9221,test
OI_pcb-ind_9bac6ab7ad7e,train
OI_pcb-ind_9bb79d064454,test
OI_pcb-ind_9bb86d058c18,train
OI_pcb-ind_9bc969b14fed,val
OI_pcb-ind_9bcdef9f9054,train
OI_pcb-ind_9be54a8ea56f,val
OI_pcb-ind_9c4648334bd5,train
OI_pcb-ind_9caaa2f2e2a4,train
OI_pcb-ind_9cb783da12b5,train
OI_pcb-ind_9cca0808fdc4,val
OI_pcb-ind_9cd224afdd49,excluded
OI_pcb-ind_9ce270ead0fd,val
OI_pcb-ind_9d031265be4e,train
OI_pcb-ind_9d3bcd5c9e7e,val
OI_pcb-ind_9d7e69a622e9,train
OI_pcb-ind_9db1a4731cb8,val
OI_pcb-ind_9db537cc59c1,test
OI_pcb-ind_9dc19ec3c9dd,val
OI_pcb-ind_9dd9a43a9501,val
OI_pcb-ind_9e2ad8af9a70,excluded
OI_pcb-ind_9e51dc4ed27f,train
OI_pcb-ind_9e74523daabb,train
OI_pcb-ind_9e7a17d789b1,val
OI_pcb-ind_9f33ba9afa9a,test
OI_pcb-ind_9f4d1dac64e3,train
OI_pcb-ind_9f77c6a4065e,train
OI_pcb-ind_9fb992016dae,excluded
OI_pcb-ind_9fbbafd562d6,train
OI_pcb-ind_9fd8f9c3613d,train
OI_pcb-ind_9ffa2dd897d5,train
OI_pcb-ind_a035bbe03d84,test
OI_pcb-ind_a08e84b28c3e,val
OI_pcb-ind_a09a8ceed66c,train
OI_pcb-ind_a0ca7970c972,train
OI_pcb-ind_a176913092f1,test
OI_pcb-ind_a17e1467f420,val
OI_pcb-ind_a18b998e2ded,excluded
OI_pcb-ind_a1a453a98f80,train
OI_pcb-ind_a1a48be86200,train
OI_pcb-ind_a1a7ea6d6244,train
OI_pcb-ind_a1aa722504ef,val
OI_pcb-ind_a1b481ca07d5,train
OI_pcb-ind_a1b65b13e7c3,train
OI_pcb-ind_a1db0d0cee96,val
OI_pcb-ind_a1e6ca76b40d,train
OI_pcb-ind_a1e8905d33db,train
OI_pcb-ind_a22dfe686478,train
OI_pcb-ind_a2421cc2bd85,excluded
OI_pcb-ind_a27fb208ed43,val
OI_pcb-ind_a2a56e0a10c7,val
OI_pcb-ind_a2d8184ba05b,val
OI_pcb-ind_a2df770a3fae,test
OI_pcb-ind_a2f43223dccf,train
OI_pcb-ind_a3141637567d,train
OI_pcb-ind_a34b24c0eebc,val
OI_pcb-ind_a36ae2a2adbc,val
OI_pcb-ind_a376e6ad8dc8,test
OI_pcb-ind_a3b2faa65edb,train
OI_pcb-ind_a3be925939c8,train
OI_pcb-ind_a3d19b1dc38b,train
OI_pcb-ind_a3d5e2972530,test
OI_pcb-ind_a44671dd246f,train
OI_pcb-ind_a45765e5bd8b,val
OI_pcb-ind_a4665dab0fa0,train
OI_pcb-ind_a4c170a79973,test
OI_pcb-ind_a5065c0ed0d1,train
OI_pcb-ind_a5294368ec00,train
OI_pcb-ind_a567ba069359,train
OI_pcb-ind_a5a2ee673cc1,train
OI_pcb-ind_a5cedf822a8a,train
OI_pcb-ind_a624a0d92fb3,train
OI_pcb-ind_a62ae2cbcf88,train
OI_pcb-ind_a649a3a9bd03,train
OI_pcb-ind_a696d1440e1b,val
OI_pcb-ind_a6ba0b7c4ab8,train
OI_pcb-ind_a6c448e4ce31,train
OI_pcb-ind_a6cdf5e25ee1,train
OI_pcb-ind_a6fcbd5ff7ce,val
OI_pcb-ind_a759ca9e6bcf,train
OI_pcb-ind_a79b9085c1ac,train
OI_pcb-ind_a80138456a2f,val
OI_pcb-ind_a80de76c1450,train
OI_pcb-ind_a8bac9d87e6f,train
OI_pcb-ind_a8c5bbef4550,val
OI_pcb-ind_a8d80ea0ee0b,val
OI_pcb-ind_a916dae32c88,train
OI_pcb-ind_a94be2835b00,train
OI_pcb-ind_a952905d8973,train
OI_pcb-ind_a9db6d24a436,train
OI_pcb-ind_a9e785bddae9,val
OI_pcb-ind_a9e83ea4cfd9,val
OI_pcb-ind_a9eac08781e2,train
OI_pcb-ind_aa22c231815e,test
OI_pcb-ind_aa32e2ca35ca,train
OI_pcb-ind_aa3800b239df,train
OI_pcb-ind_aa750915f4e2,val
OI_pcb-ind_aa75ac5ad383,train
OI_pcb-ind_aae86100e4dd,test
OI_pcb-ind_aaeb3b3a6da9,train
OI_pcb-ind_ab5ed075a316,val
OI_pcb-ind_ab66152edc23,test
OI_pcb-ind_ab6ba3749111,train
OI_pcb-ind_ab797f223f53,test
OI_pcb-ind_ab9e9979958c,val
OI_pcb-ind_aba103edd57d,test
OI_pcb-ind_abd68586d4b8,train
OI_pcb-ind_ac2eb9f87688,train
OI_pcb-ind_ac354f2b9d91,test
OI_pcb-ind_ac67f21eef6e,train
OI_pcb-ind_acb843b8fa30,train
OI_pcb-ind_acce66d419d6,train
OI_pcb-ind_ace4a975d5b2,val
OI_pcb-ind_ad19971a4f3b,train
OI_pcb-ind_ad321461fb90,train
OI_pcb-ind_ad98dbf5645d,train
OI_pcb-ind_ae09e56b5228,train
OI_pcb-ind_ae44b83f471c,train
OI_pcb-ind_ae4d9539723c,train
OI_pcb-ind_ae565898af46,train
OI_pcb-ind_aecf7267803a,train
OI_pcb-ind_aee1b1bc3f47,train
OI_pcb-ind_aeeb6a6b8c15,train
OI_pcb-ind_af042835fcce,train
OI_pcb-ind_af075b454214,test
OI_pcb-ind_af1b3cfd43a5,train
OI_pcb-ind_af40fd881070,test
OI_pcb-ind_af794435ca38,val
OI_pcb-ind_af90edf00441,train
OI_pcb-ind_afa7659dd1f9,excluded
OI_pcb-ind_b04bdfce4ca1,train
OI_pcb-ind_b0a625a77a50,train
OI_pcb-ind_b0d2885e8dda,val
OI_pcb-ind_b0d845c3dd23,val
OI_pcb-ind_b10d081c3c8d,train
OI_pcb-ind_b117c71f0ee0,train
OI_pcb-ind_b122457bef51,val
OI_pcb-ind_b140fd1cab9b,val
OI_pcb-ind_b169eb44a0ec,train
OI_pcb-ind_b1c1c2c6a814,val
OI_pcb-ind_b232f9551747,train
OI_pcb-ind_b2420fa1ed37,val
OI_pcb-ind_b25edfb4b0dd,train
OI_pcb-ind_b29a09abc632,train
OI_pcb-ind_b2aa1cded966,train
OI_pcb-ind_b2e3bc5de626,train
OI_pcb-ind_b2e4259e5450,train
OI_pcb-ind_b2e625dc6e05,test
OI_pcb-ind_b30aeb9a961b,train
OI_pcb-ind_b342a8d57dcc,test
OI_pcb-ind_b35540790db9,test
OI_pcb-ind_b3889fa2e392,train
OI_pcb-ind_b39df2ff7588,train
OI_pcb-ind_b3a57857bcfd,train
OI_pcb-ind_b3b9ef6935ae,train
OI_pcb-ind_b3c841174f6d,val
OI_pcb-ind_b40df8ef46fe,train
OI_pcb-ind_b44f87976ae2,test
OI_pcb-ind_b47d3aa9d946,train
OI_pcb-ind_b48ace894ae9,train
OI_pcb-ind_b4f3e488eacb,train
OI_pcb-ind_b4f6c51a0876,train
OI_pcb-ind_b51afceccf45,excluded
OI_pcb-ind_b51d2ed34a7f,excluded
OI_pcb-ind_b56056a11ed7,excluded
OI_pcb-ind_b569a229ae44,test
OI_pcb-ind_b56f3b30e853,val
OI_pcb-ind_b5bb34e01ca1,val
OI_pcb-ind_b5cec1e181e7,test
OI_pcb-ind_b60ae1ab2654,train
OI_pcb-ind_b6144673f1ce,test
OI_pcb-ind_b61bfe34d483,val
OI_pcb-ind_b622ff2e8b67,train
OI_pcb-ind_b639a4bdf44f,val
OI_pcb-ind_b63a39cdf17b,excluded
OI_pcb-ind_b6939ad261d2,train
OI_pcb-ind_b69507102b4a,excluded
OI_pcb-ind_b6e9d493bcba,test
OI_pcb-ind_b740c6f912f1,val
OI_pcb-ind_b74e18e3d992,train
OI_pcb-ind_b74e407b3fbd,train
OI_pcb-ind_b798fbae4952,test
OI_pcb-ind_b7c079d56451,train
OI_pcb-ind_b7f185b4d4d5,train
OI_pcb-ind_b827b3966dbd,train
OI_pcb-ind_b83f76d12f68,val
OI_pcb-ind_b8408b78841f,train
OI_pcb-ind_b86d170eb767,train
OI_pcb-ind_b8c2459e4a85,train
OI_pcb-ind_b8e6eedd2c9f,train
OI_pcb-ind_b8ebaf954dd1,train
OI_pcb-ind_b91f6c02e372,test
OI_pcb-ind_b94100b81096,train
OI_pcb-ind_b96bdce0f822,train
OI_pcb-ind_b96e5a5bc8ef,train
OI_pcb-ind_b9c15b2215b5,train
OI_pcb-ind_b9df97ba6713,train
OI_pcb-ind_ba02441e48b8,train
OI_pcb-ind_ba1321951915,val
OI_pcb-ind_ba4b33ecbe4b,test
OI_pcb-ind_ba6e12438f14,train
OI_pcb-ind_ba73e8de24ae,val
OI_pcb-ind_ba878305cde3,train
OI_pcb-ind_ba8835bac36a,val
OI_pcb-ind_bac891bfaf47,val
OI_pcb-ind_bb30a9217531,train
OI_pcb-ind_bb6d5320537d,test
OI_pcb-ind_bba579ad8d78,val
OI_pcb-ind_bbb09d53f8b4,val
OI_pcb-ind_bbf2fa52e42f,train
OI_pcb-ind_bbf91dc6d033,val
OI_pcb-ind_bd06a18c5db2,train
OI_pcb-ind_bd341053ec33,train
OI_pcb-ind_bd591deda07a,train
OI_pcb-ind_bd633a5c5dc2,train
OI_pcb-ind_bd6666b59728,train
OI_pcb-ind_bd7f94c2a4f6,train
OI_pcb-ind_be0aa7fb63d8,train
OI_pcb-ind_be574c291212,excluded
OI_pcb-ind_be89223f12e2,train
OI_pcb-ind_becb13de7fec,train
OI_pcb-ind_bf26179098ea,test
OI_pcb-ind_bf3b2453aa33,train
OI_pcb-ind_bf934cf442bd,train
OI_pcb-ind_bf945ac059a7,train
OI_pcb-ind_bfb57f9995d2,train
OI_pcb-ind_bff574037ea9,train
OI_pcb-ind_c005fef126cf,train
OI_pcb-ind_c029ea2d3c69,test
OI_pcb-ind_c030e1341846,val
OI_pcb-ind_c0917a9e9230,val
OI_pcb-ind_c09fda78a645,train
OI_pcb-ind_c0ed8f289015,train
OI_pcb-ind_c0f24e65a864,train
OI_pcb-ind_c1001936c4d3,train
OI_pcb-ind_c1569843f29f,val
OI_pcb-ind_c16b89c5ea6e,train
OI_pcb-ind_c16e6b1a562e,train
OI_pcb-ind_c17be7a6bebe,train
OI_pcb-ind_c1a7f3d84385,train
OI_pcb-ind_c1b7eca4754b,train
OI_pcb-ind_c1c4a18b6e5d,train
OI_pcb-ind_c1d5a0911216,val
OI_pcb-ind_c1e43738a19a,train
OI_pcb-ind_c1f95075a671,val
OI_pcb-ind_c1ff182d564b,test
OI_pcb-ind_c2167fd837ad,test
OI_pcb-ind_c24a04933f85,excluded
OI_pcb-ind_c2721e1bfd54,test
OI_pcb-ind_c2a29ea28423,train
OI_pcb-ind_c2a342c551ff,excluded
OI_pcb-ind_c2c3b955b200,train
OI_pcb-ind_c313c688071e,test
OI_pcb-ind_c3265d806f9d,train
OI_pcb-ind_c33bd5ae19ab,val
OI_pcb-ind_c3780365f1b4,test
OI_pcb-ind_c3d0491f5f75,val
OI_pcb-ind_c40f51b754ca,val
OI_pcb-ind_c41336bb6e18,val
OI_pcb-ind_c4796e0791b1,train
OI_pcb-ind_c4e40d774667,val
OI_pcb-ind_c4eb1dadecd2,train
OI_pcb-ind_c4ec377ec89f,val
OI_pcb-ind_c52228ba8733,train
OI_pcb-ind_c53206adafc6,train
OI_pcb-ind_c534b35609d9,val
OI_pcb-ind_c5404f163f01,train
OI_pcb-ind_c556b2574fe1,train
OI_pcb-ind_c562c84fdae2,train
OI_pcb-ind_c5774516f2b5,train
OI_pcb-ind_c59a8724d253,train
OI_pcb-ind_c5b9978f692f,train
OI_pcb-ind_c5e45a7e1d8f,test
OI_pcb-ind_c604744096e4,train
OI_pcb-ind_c6293ddc0d81,train
OI_pcb-ind_c6364e564e16,train
OI_pcb-ind_c63d70a5aa35,train
OI_pcb-ind_c65a84606afd,train
OI_pcb-ind_c69e1e68f384,train
OI_pcb-ind_c6c99052d467,excluded
OI_pcb-ind_c6e5529f9367,train
OI_pcb-ind_c6f6e3a1a3d9,train
OI_pcb-ind_c7399c5c76a2,val
OI_pcb-ind_c7938a9d14d3,val
OI_pcb-ind_c7f192d3f710,train
OI_pcb-ind_c8012a3fba88,train
OI_pcb-ind_c8463f64d135,train
OI_pcb-ind_c86a4c072a1a,val
OI_pcb-ind_c8c7d2b5dfa3,train
OI_pcb-ind_c8d245828afb,train
OI_pcb-ind_c904b10c136b,train
OI_pcb-ind_c90ab6627b2c,train
OI_pcb-ind_c91cedda1e5f,train
OI_pcb-ind_c958e7fc5936,train
OI_pcb-ind_c9668f9f6b4d,train
OI_pcb-ind_c9806a73595d,train
OI_pcb-ind_c992c089337b,val
OI_pcb-ind_ca02b8fbbb1a,test
OI_pcb-ind_ca153bfd6893,train
OI_pcb-ind_ca3ada887c8a,val
OI_pcb-ind_ca429ed0bfe5,test
OI_pcb-ind_cac16183ff99,train
OI_pcb-ind_cb4019c341e3,train
OI_pcb-ind_cb5fa5f991e1,val
OI_pcb-ind_cba359ad4446,train
OI_pcb-ind_cbae2d7b7fdd,train
OI_pcb-ind_cbbf5f680f3b,val
OI_pcb-ind_cbc0bd8ef5e2,val
OI_pcb-ind_cbd3c4d3445f,train
OI_pcb-ind_cbf4c8f2e12e,train
OI_pcb-ind_cc0c7b0f15b8,train
OI_pcb-ind_cc0e68bae26f,train
OI_pcb-ind_cc30ec51c5ed,train
OI_pcb-ind_cc42d4307b91,train
OI_pcb-ind_cc4f64f8eccb,train
OI_pcb-ind_cc81c9bb1448,train
OI_pcb-ind_cca2f8efab2d,train
OI_pcb-ind_cceeed5be9cd,train
OI_pcb-ind_cd28c082879f,train
OI_pcb-ind_ce18a40c839a,train
OI_pcb-ind_ce3653ca0318,train
OI_pcb-ind_ce3b4e6ff5e7,train
OI_pcb-ind_ce7b38a62c5a,train
OI_pcb-ind_ceaa5d8ea74f,train
OI_pcb-ind_cedddface43d,val
OI_pcb-ind_ceea63773f8a,train
OI_pcb-ind_cef19b805585,train
OI_pcb-ind_cf3e15512266,train
OI_pcb-ind_cf77843cb7da,val
OI_pcb-ind_cfa2bd2a413c,val
OI_pcb-ind_d007ff59ec93,train
OI_pcb-ind_d0211eca3dfc,train
OI_pcb-ind_d0226c85fc76,train
OI_pcb-ind_d03fcc8237fd,train
OI_pcb-ind_d081e65f36aa,excluded
OI_pcb-ind_d0d4fd6c8b6f,train
OI_pcb-ind_d1968a9cb644,train
OI_pcb-ind_d202ff7b7cdd,train
OI_pcb-ind_d2189481de9d,train
OI_pcb-ind_d221a459395b,train
OI_pcb-ind_d2414d56ee64,train
OI_pcb-ind_d27b16473804,val
OI_pcb-ind_d280e970584b,val
OI_pcb-ind_d2c0d272a10c,val
OI_pcb-ind_d2c3572c9c9e,train
OI_pcb-ind_d2d026d9923f,val
OI_pcb-ind_d2d9e81d8fe5,val
OI_pcb-ind_d2f84dc855d7,train
OI_pcb-ind_d317cb67cdf5,val
OI_pcb-ind_d326af5be321,train
OI_pcb-ind_d354fbfe7634,train
OI_pcb-ind_d35d10e1e94a,test
OI_pcb-ind_d35d3611b589,val
OI_pcb-ind_d373b07861ce,train
OI_pcb-ind_d382d221b1d2,val
OI_pcb-ind_d3869b9e07ee,val
OI_pcb-ind_d3a978053495,val
OI_pcb-ind_d3f24aad5811,train
OI_pcb-ind_d435abd786f9,test
OI_pcb-ind_d43f68d73a87,train
OI_pcb-ind_d4708a173455,val
OI_pcb-ind_d477913a50e6,excluded
OI_pcb-ind_d48be50279f3,train
OI_pcb-ind_d49c27b3970d,val
OI_pcb-ind_d51e0d033fc9,train
OI_pcb-ind_d54e0589034b,train
OI_pcb-ind_d5737e7f8173,val
OI_pcb-ind_d582644e2e57,test
OI_pcb-ind_d62b6a55826f,test
OI_pcb-ind_d62b792cb663,train
OI_pcb-ind_d62c2885320e,train
OI_pcb-ind_d63c47bae676,train
OI_pcb-ind_d64d525f8871,val
OI_pcb-ind_d650c7a0e4bb,train
OI_pcb-ind_d6b7696fac10,val
OI_pcb-ind_d6ca1f62ffaf,train
OI_pcb-ind_d6e2329fcede,excluded
OI_pcb-ind_d7079f477a1a,train
OI_pcb-ind_d713572b8d21,train
OI_pcb-ind_d7371c34b1aa,test
OI_pcb-ind_d78da257efef,val
OI_pcb-ind_d798827b65e3,train
OI_pcb-ind_d7f1815dfb8d,val
OI_pcb-ind_d7f1cf2b2902,train
OI_pcb-ind_d83edccdc457,val
OI_pcb-ind_d87096ff844d,test
OI_pcb-ind_d87e9dd821a7,train
OI_pcb-ind_d897e78ee311,test
OI_pcb-ind_d8bd283e19d8,train
OI_pcb-ind_d8d6fd5940e4,train
OI_pcb-ind_d916ab365c80,val
OI_pcb-ind_d91db468bf3e,train
OI_pcb-ind_d9305e8097ab,train
OI_pcb-ind_d950ea498214,test
OI_pcb-ind_d9664b5e248b,train
OI_pcb-ind_d9aa048de1a4,train
OI_pcb-ind_d9dc152a523d,val
OI_pcb-ind_d9e248ba9f1d,val
OI_pcb-ind_d9ecc9c04289,train
OI_pcb-ind_d9ef3173138e,train
OI_pcb-ind_d9f28766fa46,train
OI_pcb-ind_da1fe53a3976,train
OI_pcb-ind_da7764dc7aad,train
OI_pcb-ind_da80d2bbb2bf,train
OI_pcb-ind_da9531cc3c33,test
OI_pcb-ind_da9bceaa9eba,train
OI_pcb-ind_dad704dd694e,train
OI_pcb-ind_daf49cb97795,val
OI_pcb-ind_db06934d827e,train
OI_pcb-ind_db3b949a57fc,excluded
OI_pcb-ind_db78ea0f2c34,train
OI_pcb-ind_db8d2eda81fd,val
OI_pcb-ind_dc27800bcce4,train
OI_pcb-ind_dc5dee5f354a,train
OI_pcb-ind_dc6e01827aee,train
OI_pcb-ind_dc93d690c6d9,test
OI_pcb-ind_dca777d6655b,train
OI_pcb-ind_dccbd6ac376b,train
OI_pcb-ind_dcd04ed201bd,train
OI_pcb-ind_dd03aeb4ae8f,train
OI_pcb-ind_dd358488ad23,val
OI_pcb-ind_dda3a1b5cf86,train
OI_pcb-ind_dda920b9d3ef,val
OI_pcb-ind_ddb735668038,train
OI_pcb-ind_ddde6abe4ed3,val
OI_pcb-ind_de55fdc55c6f,val
OI_pcb-ind_de5bede31b04,train
OI_pcb-ind_de68a29dea98,train
OI_pcb-ind_deb321b97920,val
OI_pcb-ind_deedd6a80672,train
OI_pcb-ind_df077f9b19af,train
OI_pcb-ind_df2700718181,val
OI_pcb-ind_df2b2b2b4fc7,excluded
OI_pcb-ind_df45a3e4598f,train
OI_pcb-ind_df7de8d79975,train
OI_pcb-ind_df9edbd7baf5,train
OI_pcb-ind_dfd677628054,train
OI_pcb-ind_dfdf1a721671,val
OI_pcb-ind_e03ed9080d9a,test
OI_pcb-ind_e0432c4a1dcb,train
OI_pcb-ind_e048bf4ee61d,train
OI_pcb-ind_e08259e976b8,val
OI_pcb-ind_e0884a11bb4e,val
OI_pcb-ind_e0ab6576e60a,excluded
OI_pcb-ind_e0f04649498f,test
OI_pcb-ind_e11531b0e685,test
OI_pcb-ind_e115343a0404,train
OI_pcb-ind_e1500498f55c,train
OI_pcb-ind_e193135be507,train
OI_pcb-ind_e1efce4283ed,train
OI_pcb-ind_e211e27873e4,val
OI_pcb-ind_e25b03874875,val
OI_pcb-ind_e27e5a61d48b,val
OI_pcb-ind_e2a6d12a3a02,train
OI_pcb-ind_e2ddd7bb3ce2,test
OI_pcb-ind_e2e38d265af1,train
OI_pcb-ind_e2eb8d48fb95,train
OI_pcb-ind_e311abcdca04,val
OI_pcb-ind_e31a0bc6134b,test
OI_pcb-ind_e336548af4f3,excluded
OI_pcb-ind_e38575f0a3f6,val
OI_pcb-ind_e3ca7139ecc3,train
OI_pcb-ind_e3d1ac863b4f,train
OI_pcb-ind_e3daa6d9b5b6,train
OI_pcb-ind_e3db93e3ea17,train
OI_pcb-ind_e3f72c3cb446,train
OI_pcb-ind_e408c40cde96,train
OI_pcb-ind_e42920c1e78c,train
OI_pcb-ind_e43291bbc184,test
OI_pcb-ind_e4330a11ed4c,train
OI_pcb-ind_e47523b54a8d,train
OI_pcb-ind_e48d3d1c2525,train
OI_pcb-ind_e4a4b215d494,test
OI_pcb-ind_e4abdaf4eb46,train
OI_pcb-ind_e4cf23fdb421,train
OI_pcb-ind_e538b87ff354,train
OI_pcb-ind_e556e80950b6,test
OI_pcb-ind_e575874264e7,train
OI_pcb-ind_e599561acfbf,train
OI_pcb-ind_e5b36e8cbf48,train
OI_pcb-ind_e5baea4596fb,val
OI_pcb-ind_e5bd144dbdb9,excluded
OI_pcb-ind_e5dc2e109823,train
OI_pcb-ind_e5feb545847f,val
OI_pcb-ind_e6242053a540,val
OI_pcb-ind_e6344f8c78a5,test
OI_pcb-ind_e6673981ff5b,train
OI_pcb-ind_e67d759144e6,train
OI_pcb-ind_e683a889c212,train
OI_pcb-ind_e68b1f770bca,train
OI_pcb-ind_e6ba7f09c2ca,train
OI_pcb-ind_e728344310f8,test
OI_pcb-ind_e73832ec5a58,train
OI_pcb-ind_e7393e4b2b1f,train
OI_pcb-ind_e76a51097b1b,train
OI_pcb-ind_e7afe7089634,train
OI_pcb-ind_e7f6e939a9c0,train
OI_pcb-ind_e85a7f31e97b,val
OI_pcb-ind_e876dc09bc22,train
OI_pcb-ind_e87b575d8757,test
OI_pcb-ind_e88279d7654c,train
OI_pcb-ind_e8921e6a4a60,train
OI_pcb-ind_e8a4c71a0983,val
OI_pcb-ind_e8a6a1ebb444,train
OI_pcb-ind_e8f50eef7e5d,val
OI_pcb-ind_e9008d55ff07,test
OI_pcb-ind_e9034543777c,train
OI_pcb-ind_e94ee6eac05a,val
OI_pcb-ind_e951cb5ea104,train
OI_pcb-ind_e96f1f07938a,val
OI_pcb-ind_e976d4e14b23,train
OI_pcb-ind_e98235123213,val
OI_pcb-ind_ea4ebb3a6744,test
OI_pcb-ind_ea68a9101fbf,val
OI_pcb-ind_eaecfef3c93b,train
OI_pcb-ind_eb18db7e8eb7,train
OI_pcb-ind_eb54014a1777,train
OI_pcb-ind_eb6ce3d67189,test
OI_pcb-ind_eb9e7b3de991,val
OI_pcb-ind_ebaed4f8b877,train
OI_pcb-ind_ebbfd2a8caec,train
OI_pcb-ind_ec1d744ce4c5,train
OI_pcb-ind_ec2da72a0010,train
OI_pcb-ind_ec38eb74e43b,test
OI_pcb-ind_ec405b54304e,train
OI_pcb-ind_ec505e63e835,train
OI_pcb-ind_ec638619b52f,train
OI_pcb-ind_ed1aadec2e29,train
OI_pcb-ind_ed22dc72afe9,train
OI_pcb-ind_ed2e38c86385,train
OI_pcb-ind_ed2f495f7937,train
OI_pcb-ind_ed74e9fb6314,train
OI_pcb-ind_eda417066389,val
OI_pcb-ind_edcaf428a5bd,val
OI_pcb-ind_edd26b8fbf88,train
OI_pcb-ind_eddd7fff21a1,excluded
OI_pcb-ind_ede12aba1599,train
OI_pcb-ind_edec98841bf7,test
OI_pcb-ind_ee0f2727672d,train
OI_pcb-ind_ee2a06731c35,train
OI_pcb-ind_ee36b8e78cff,train
OI_pcb-ind_ee43f6fee37e,train
OI_pcb-ind_ee5602ae7b78,test
OI_pcb-ind_ee56c35250ba,excluded
OI_pcb-ind_ee6f7f176f6a,test
OI_pcb-ind_ee7f41f372a8,train
OI_pcb-ind_eed90f232f56,train
OI_pcb-ind_eeec61bdce65,train
OI_pcb-ind_eeef1ce478b2,val
OI_pcb-ind_ef44b3837eeb,train
OI_pcb-ind_ef52c7ab8efb,train
OI_pcb-ind_ef5774f0b20a,train
OI_pcb-ind_ef59b74c1c20,train
OI_pcb-ind_ef65623a36a4,test
OI_pcb-ind_effff63f0c5e,val
OI_pcb-ind_f0016d64f8ed,excluded
OI_pcb-ind_f04cdb7f7277,train
OI_pcb-ind_f08f89e1e9cd,val
OI_pcb-ind_f0aaf484ce68,train
OI_pcb-ind_f0d4325459ef,train
OI_pcb-ind_f0dcfbb73a2e,train
OI_pcb-ind_f129e3a4e939,train
OI_pcb-ind_f13509bc2293,val
OI_pcb-ind_f136ffedfc0b,train
OI_pcb-ind_f161f4a3cd7e,train
OI_pcb-ind_f18b53077d1e,train
OI_pcb-ind_f193dc797685,train
OI_pcb-ind_f1b779afcbc5,train
OI_pcb-ind_f1edfe22bada,val
OI_pcb-ind_f2164a308705,val
OI_pcb-ind_f2185a134ab1,test
OI_pcb-ind_f2328df38866,train
OI_pcb-ind_f23b529fedc5,train
OI_pcb-ind_f250c6c1b605,train
OI_pcb-ind_f29309be923f,train
OI_pcb-ind_f2cc1b9a86be,train
OI_pcb-ind_f2d9a1df54f8,val
OI_pcb-ind_f2fb0ecf82f2,train
OI_pcb-ind_f310c069f0de,train
OI_pcb-ind_f33a746a77f4,train
OI_pcb-ind_f3631b92dac8,train
OI_pcb-ind_f3650f53ac6c,train
OI_pcb-ind_f3912ee48991,train
OI_pcb-ind_f3a48d3db93c,test
OI_pcb-ind_f3c68691ec29,train
OI_pcb-ind_f3dd3ab640e3,train
OI_pcb-ind_f3eb53a30c3e,train
OI_pcb-ind_f41bc085040f,train
OI_pcb-ind_f42b1d4a1e64,val
OI_pcb-ind_f4a02243162c,train
OI_pcb-ind_f4b7b67ffb62,train
OI_pcb-ind_f4e8c9bf0433,train
OI_pcb-ind_f50af238013d,val
OI_pcb-ind_f51089ba070f,train
OI_pcb-ind_f5a7fdf1bcff,train
OI_pcb-ind_f5b4adc43c8f,val
OI_pcb-ind_f5d5079d755a,train
OI_pcb-ind_f60dab837adf,train
OI_pcb-ind_f61e8da07c02,train
OI_pcb-ind_f637cbb55529,val
OI_pcb-ind_f66c336074da,train
OI_pcb-ind_f691f8f1ea81,train
OI_pcb-ind_f6eb9255bef7,val
OI_pcb-ind_f77669524ab7,train
OI_pcb-ind_f8078d66a91e,train
OI_pcb-ind_f834ec1dd0b3,train
OI_pcb-ind_f86ebdaa6bd9,test
OI_pcb-ind_f871d173bcee,train
OI_pcb-ind_f876a8cdd0f4,train
OI_pcb-ind_f897ab0c032a,train
OI_pcb-ind_f89f809c1c37,val
OI_pcb-ind_f8e533281250,train
OI_pcb-ind_f907eaf2a3d2,train
OI_pcb-ind_f91086648365,train
OI_pcb-ind_f96984b2623f,train
OI_pcb-ind_f971db412399,val
OI_pcb-ind_f979dfcad56b,val
OI_pcb-ind_f97b3dd44f6a,test
OI_pcb-ind_f98647df95d7,train
OI_pcb-ind_f9a8a49b293c,val
OI_pcb-ind_f9c212ab61ab,test
OI_pcb-ind_f9ca84637d37,val
OI_pcb-ind_f9f11c0a5104,val
OI_pcb-ind_fa0136cb10f7,train
OI_pcb-ind_fa05ae7748ec,val
OI_pcb-ind_fa5adbed9064,train
OI_pcb-ind_fa5c9cad67bd,train
OI_pcb-ind_fa68940f472a,train
OI_pcb-ind_fa698ea1eea7,val
OI_pcb-ind_fa8eb47e0c94,val
OI_pcb-ind_fad0746abf5a,train
OI_pcb-ind_fb274d876235,train
OI_pcb-ind_fb37baaa751b,train
OI_pcb-ind_fb3cfcd0eff2,train
OI_pcb-ind_fb571437a72b,val
OI_pcb-ind_fb90d6f73aa3,train
OI_pcb-ind_fb9a1b408d7c,train
OI_pcb-ind_fbe0c8da58ef,val
OI_pcb-ind_fbee6f37dfb8,train
OI_pcb-ind_fc0d7844012b,train
OI_pcb-ind_fc1b71d3190d,train
OI_pcb-ind_fc3551379da4,train
OI_pcb-ind_fc8e9c4b0bfa,train
OI_pcb-ind_fcb0e2e2a011,val
OI_pcb-ind_fcbc87dd7505,val
OI_pcb-ind_fcd61cbac4fc,train
OI_pcb-ind_fcdbfeff28fd,train
OI_pcb-ind_fce8411a02fc,train
OI_pcb-ind_fd2ec8e4025a,train
OI_pcb-ind_fd416f41ca3e,train
OI_pcb-ind_fd9d6109b711,train
OI_pcb-ind_fdd7e410500d,val
OI_pcb-ind_fde9a5dd5561,val
OI_pcb-ind_fdf0905f3ba3,train
OI_pcb-ind_fe303e4e5a2b,test
OI_pcb-ind_fe37fb940941,test
OI_pcb-ind_fe44a7433552,train
OI_pcb-ind_fed02ccc81e1,val
OI_pcb-ind_ff3e601cc557,train
OI_pcb-ind_ff53724c4acd,train
OI_pcb-ind_ff7b84d893ac,test
OI_pcb-ind_ff8368fd5fa4,test
OI_pcb-ind_ffdc100fbc99,excluded
