source_a,image_a,source_b,image_b,phash_distance,cosine_small,cosine_base,A0,A1,C0-d0,C1-d0,B-strict-dspcbsd-plus,B-natural-dspcbsd-plus,B-strict-pcb-defect,B-natural-pcb-defect,B-strict-pcb-ind,B-natural-pcb-ind
dspcbsd-plus,Data_COCO/train2017/0032227.jpg,dspcbsd-plus,Data_COCO/train2017/0048879.jpg,2,0.79003,0.724042,same_split,same_split,same_split,not_both_assigned,same_split,same_split,same_split,same_split,same_split,same_split
dspcbsd-plus,Data_COCO/train2017/0032227.jpg,dspcbsd-plus,Data_COCO/train2017/0058566.jpg,4,0.686817,0.669411,same_split,same_split,same_split,same_split,same_split,same_split,same_split,same_split,same_split,same_split
dspcbsd-plus,Data_COCO/train2017/0032227.jpg,dspcbsd-plus,Data_COCO/train2017/0080329.jpg,4,0.826387,0.718416,same_split,same_split,same_split,not_both_assigned,same_split,same_split,same_split,same_split,same_split,same_split
dspcbsd-plus,Data_COCO/train2017/0032227.jpg,dspcbsd-plus,Data_COCO/train2017/0107802.jpg,4,0.619138,0.626403,same_split,train_test,same_split,same_split,same_split,same_split,train_val,train_val,same_split,train_val
dspcbsd-plus,Data_COCO/train2017/0032227.jpg,dspcbsd-plus,Data_COCO/train2017/0401911.jpg,4,0.508514,0.614874,train_val,same_split,train_test,train_test,same_split,same_split,same_split,same_split,same_split,same_split
dspcbsd-plus,Data_COCO/train2017/0032227.jpg,dspcbsd-plus,Data_COCO/train2017/S_10433105.jpg,4,0.691796,0.575017,train_val,same_split,train_val,train_val,same_split,same_split,same_split,same_split,same_split,same_split
dspcbsd-plus,Data_COCO/train2017/0032227.jpg,dspcbsd-plus,Data_COCO/train2017/S_11031694.jpg,4,0.915347,0.827893,same_split,train_val,train_val,train_val,same_split,same_split,same_split,same_split,same_split,same_split
dspcbsd-plus,Data_COCO/train2017/0032227.jpg,dspcbsd-plus,Data_COCO/train2017/S_11232689.jpg,4,0.721545,0.675727,same_split,same_split,same_split,same_split,same_split,same_split,same_split,same_split,same_split,same_split
dspcbsd-plus,Data_COCO/train2017/0032227.jpg,dspcbsd-plus,Data_COCO/train2017/S_11233902.jpg,4,0.818178,0.800162,same_split,same_split,train_test,train_test,same_split,same_split,same_split,same_split,same_split,same_split
dspcbsd-plus,Data_COCO/train2017/0032227.jpg,dspcbsd-plus,Data_COCO/train2017/S_11761060.jpg,4,0.805159,0.74883,train_test,same_split,same_split,same_split,same_split,same_split,train_val,train_val,same_split,train_val
dspcbsd-plus,Data_COCO/train2017/0032227.jpg,dspcbsd-plus,Data_COCO/train2017/S_11761067.jpg,4,0.861217,0.820544,same_split,same_split,same_split,same_split,same_split,same_split,train_val,train_val,same_split,same_split
dspcbsd-plus,Data_COCO/train2017/0032227.jpg,dspcbsd-plus,Data_COCO/train2017/S_12096545.jpg,4,0.673688,0.703528,train_test,train_val,same_split,same_split,same_split,same_split,same_split,same_split,same_split,same_split
dspcbsd-plus,Data_COCO/train2017/0032227.jpg,dspcbsd-plus,Data_COCO/train2017/Y_000422.jpg,4,0.666575,0.652304,train_val,same_split,same_split,same_split,same_split,same_split,same_split,same_split,same_split,same_split
dspcbsd-plus,Data_COCO/train2017/0032227.jpg,dspcbsd-plus,Data_COCO/train2017/Y_000578.jpg,4,0.795047,0.676795,same_split,same_split,same_split,same_split,same_split,same_split,same_split,same_split,same_split,same_split
dspcbsd-plus,Data_COCO/train2017/0032227.jpg,dspcbsd-plus,Data_COCO/val2017/0375520.jpg,4,0.769728,0.695518,same_split,same_split,same_split,same_split,same_split,same_split,same_split,same_split,same_split,same_split
dspcbsd-plus,Data_COCO/train2017/0032227.jpg,dspcbsd-plus,Data_COCO/val2017/S_11232688.jpg,4,0.782097,0.746687,same_split,same_split,train_val,train_val,same_split,same_split,same_split,same_split,same_split,same_split
dspcbsd-plus,Data_COCO/train2017/0032227.jpg,pcb-ind,YOLO/images/train/6225_t_022.jpg,4,0.524122,0.477079,same_split,same_split,same_split,same_split,train_test,train_test,same_split,same_split,train_test,train_test
dspcbsd-plus,Data_COCO/train2017/0048879.jpg,dspcbsd-plus,Data_COCO/train2017/0058566.jpg,2,0.856873,0.835331,same_split,same_split,same_split,not_both_assigned,same_split,same_split,same_split,same_split,same_split,same_split
dspcbsd-plus,Data_COCO/train2017/0048879.jpg,dspcbsd-plus,Data_COCO/train2017/0080329.jpg,4,0.877887,0.76911,same_split,same_split,same_split,not_both_assigned,same_split,same_split,same_split,same_split,same_split,same_split
dspcbsd-plus,Data_COCO/train2017/0048879.jpg,dspcbsd-plus,Data_COCO/train2017/0080748.jpg,4,0.637916,0.586484,same_split,same_split,same_split,not_both_assigned,same_split,same_split,same_split,same_split,same_split,same_split
dspcbsd-plus,Data_COCO/train2017/0048879.jpg,dspcbsd-plus,Data_COCO/train2017/0107802.jpg,2,0.688921,0.59468,same_split,train_test,same_split,not_both_assigned,same_split,same_split,train_val,train_val,same_split,train_val
dspcbsd-plus,Data_COCO/train2017/0048879.jpg,dspcbsd-plus,Data_COCO/train2017/0401911.jpg,2,0.718147,0.651407,train_val,same_split,train_test,not_both_assigned,same_split,same_split,same_split,same_split,same_split,same_split
dspcbsd-plus,Data_COCO/train2017/0048879.jpg,dspcbsd-plus,Data_COCO/train2017/S_10331059.jpg,4,0.804995,0.664345,same_split,train_test,same_split,not_both_assigned,same_split,same_split,train_val,train_val,same_split,same_split
dspcbsd-plus,Data_COCO/train2017/0048879.jpg,dspcbsd-plus,Data_COCO/train2017/S_10347137.jpg,4,0.746449,0.681463,same_split,train_val,not_both_assigned,not_both_assigned,same_split,same_split,same_split,same_split,same_split,same_split
dspcbsd-plus,Data_COCO/train2017/0048879.jpg,dspcbsd-plus,Data_COCO/train2017/S_10433105.jpg,2,0.746278,0.586268,train_val,same_split,train_val,not_both_assigned,same_split,same_split,same_split,same_split,same_split,same_split
dspcbsd-plus,Data_COCO/train2017/0048879.jpg,dspcbsd-plus,Data_COCO/train2017/S_10433107.jpg,4,0.788844,0.60396,train_val,same_split,same_split,not_both_assigned,same_split,same_split,same_split,same_split,same_split,same_split
dspcbsd-plus,Data_COCO/train2017/0048879.jpg,dspcbsd-plus,Data_COCO/train2017/S_11031694.jpg,2,0.722993,0.727885,same_split,train_val,train_val,not_both_assigned,same_split,same_split,same_split,same_split,same_split,same_split
dspcbsd-plus,Data_COCO/train2017/0048879.jpg,dspcbsd-plus,Data_COCO/train2017/S_11232689.jpg,2,0.76163,0.755046,same_split,same_split,same_split,not_both_assigned,same_split,same_split,same_split,same_split,same_split,same_split
dspcbsd-plus,Data_COCO/train2017/0048879.jpg,dspcbsd-plus,Data_COCO/train2017/S_11233902.jpg,2,0.903006,0.816916,same_split,same_split,train_test,not_both_assigned,same_split,same_split,same_split,same_split,same_split,same_split
dspcbsd-plus,Data_COCO/train2017/0048879.jpg,dspcbsd-plus,Data_COCO/train2017/S_11733699.jpg,4,0.792106,0.576512,same_split,same_split,same_split,not_both_assigned,same_split,same_split,same_split,same_split,same_split,same_split
dspcbsd-plus,Data_COCO/train2017/0048879.jpg,dspcbsd-plus,Data_COCO/train2017/S_11760571.jpg,4,0.734678,0.616971,same_split,same_split,same_split,not_both_assigned,same_split,same_split,same_split,same_split,same_split,same_split
dspcbsd-plus,Data_COCO/train2017/0048879.jpg,dspcbsd-plus,Data_COCO/train2017/S_11761060.jpg,2,0.794024,0.771371,train_test,same_split,same_split,not_both_assigned,same_split,same_split,train_val,train_val,same_split,train_val
dspcbsd-plus,Data_COCO/train2017/0048879.jpg,dspcbsd-plus,Data_COCO/train2017/S_11761067.jpg,2,0.685475,0.78054,same_split,same_split,same_split,not_both_assigned,same_split,same_split,train_val,train_val,same_split,same_split
dspcbsd-plus,Data_COCO/train2017/0048879.jpg,dspcbsd-plus,Data_COCO/train2017/S_12096545.jpg,2,0.689628,0.651407,train_test,train_val,same_split,not_both_assigned,same_split,same_split,same_split,same_split,same_split,same_split
dspcbsd-plus,Data_COCO/train2017/0048879.jpg,dspcbsd-plus,Data_COCO/train2017/S_12222008.jpg,4,0.804847,0.76177,same_split,train_test,same_split,not_both_assigned,same_split,same_split,same_split,same_split,train_val,same_split
dspcbsd-plus,Data_COCO/train2017/0048879.jpg,dspcbsd-plus,Data_COCO/train2017/Y_000422.jpg,2,0.720781,0.636317,train_val,same_split,same_split,not_both_assigned,same_split,same_split,same_split,same_split,same_split,same_split
dspcbsd-plus,Data_COCO/train2017/0048879.jpg,dspcbsd-plus,Data_COCO/train2017/Y_000578.jpg,2,0.749439,0.660287,same_split,same_split,same_split,not_both_assigned,same_split,same_split,same_split,same_split,same_split,same_split
dspcbsd-plus,Data_COCO/train2017/0048879.jpg,dspcbsd-plus,Data_COCO/val2017/0223131.jpg,4,0.783751,0.660564,same_split,same_split,same_split,not_both_assigned,same_split,same_split,same_split,same_split,same_split,same_split
dspcbsd-plus,Data_COCO/train2017/0048879.jpg,dspcbsd-plus,Data_COCO/val2017/0375520.jpg,2,0.884127,0.879738,same_split,same_split,same_split,not_both_assigned,same_split,same_split,same_split,same_split,same_split,same_split
dspcbsd-plus,Data_COCO/train2017/0048879.jpg,dspcbsd-plus,Data_COCO/val2017/0378107.jpg,4,0.875229,0.814194,same_split,same_split,train_test,not_both_assigned,same_split,same_split,same_split,same_split,same_split,same_split
dspcbsd-plus,Data_COCO/train2017/0048879.jpg,dspcbsd-plus,Data_COCO/val2017/S_11232688.jpg,4,0.769778,0.73386,same_split,same_split,train_val,not_both_assigned,same_split,same_split,same_split,same_split,same_split,same_split
dspcbsd-plus,Data_COCO/train2017/0048879.jpg,pcb-ind,YOLO/images/train/6225_t_022.jpg,2,0.514071,0.439701,same_split,same_split,same_split,not_both_assigned,train_test,train_test,same_split,same_split,train_test,train_test
dspcbsd-plus,Data_COCO/train2017/0058566.jpg,dspcbsd-plus,Data_COCO/train2017/0080329.jpg,2,0.846269,0.76212,same_split,same_split,same_split,not_both_assigned,same_split,same_split,same_split,same_split,same_split,same_split
dspcbsd-plus,Data_COCO/train2017/0058566.jpg,dspcbsd-plus,Data_COCO/train2017/0080748.jpg,4,0.613683,0.563866,same_split,same_split,same_split,same_split,same_split,same_split,same_split,same_split,same_split,same_split
dspcbsd-plus,Data_COCO/train2017/0058566.jpg,dspcbsd-plus,Data_COCO/train2017/0107802.jpg,2,0.743608,0.683668,same_split,train_test,same_split,same_split,same_split,same_split,train_val,train_val,same_split,train_val
dspcbsd-plus,Data_COCO/train2017/0058566.jpg,dspcbsd-plus,Data_COCO/train2017/0401911.jpg,0,0.748439,0.737955,train_val,same_split,train_test,train_test,same_split,same_split,same_split,same_split,same_split,same_split
dspcbsd-plus,Data_COCO/train2017/0058566.jpg,dspcbsd-plus,Data_COCO/train2017/S_10010505.jpg,4,0.708893,0.523851,same_split,same_split,train_val,train_val,same_split,same_split,same_split,same_split,same_split,same_split
dspcbsd-plus,Data_COCO/train2017/0058566.jpg,dspcbsd-plus,Data_COCO/train2017/S_10331059.jpg,4,0.803386,0.739936,same_split,train_test,same_split,same_split,same_split,same_split,train_val,train_val,same_split,same_split
dspcbsd-plus,Data_COCO/train2017/0058566.jpg,dspcbsd-plus,Data_COCO/train2017/S_10347137.jpg,2,0.662049,0.639045,same_split,train_val,not_both_assigned,same_split,same_split,same_split,same_split,same_split,same_split,same_split
dspcbsd-plus,Data_COCO/train2017/0058566.jpg,dspcbsd-plus,Data_COCO/train2017/S_10433105.jpg,0,0.689471,0.664769,train_val,same_split,train_val,train_val,same_split,same_split,same_split,same_split,same_split,same_split
dspcbsd-plus,Data_COCO/train2017/0058566.jpg,dspcbsd-plus,Data_COCO/train2017/S_10433107.jpg,4,0.739,0.65427,train_val,same_split,same_split,same_split,same_split,same_split,same_split,same_split,same_split,same_split
dspcbsd-plus,Data_COCO/train2017/0058566.jpg,dspcbsd-plus,Data_COCO/train2017/S_11031694.jpg,2,0.623566,0.704522,same_split,train_val,train_val,train_val,same_split,same_split,same_split,same_split,same_split,same_split
dspcbsd-plus,Data_COCO/train2017/0058566.jpg,dspcbsd-plus,Data_COCO/train2017/S_11232689.jpg,0,0.848198,0.854731,same_split,same_split,same_split,same_split,same_split,same_split,same_split,same_split,same_split,same_split
dspcbsd-plus,Data_COCO/train2017/0058566.jpg,dspcbsd-plus,Data_COCO/train2017/S_11233902.jpg,0,0.866408,0.80452,same_split,same_split,train_test,train_test,same_split,same_split,same_split,same_split,same_split,same_split
dspcbsd-plus,Data_COCO/train2017/0058566.jpg,dspcbsd-plus,Data_COCO/train2017/S_11234489.jpg,4,0.809246,0.683236,train_test,same_split,same_split,same_split,same_split,same_split,same_split,same_split,same_split,same_split
dspcbsd-plus,Data_COCO/train2017/0058566.jpg,dspcbsd-plus,Data_COCO/train2017/S_11379267.jpg,4,0.615321,0.637614,same_split,same_split,train_val,train_val,same_split,same_split,same_split,same_split,same_split,same_split
dspcbsd-plus,Data_COCO/train2017/0058566.jpg,dspcbsd-plus,Data_COCO/train2017/S_11733699.jpg,2,0.8003,0.650914,same_split,same_split,same_split,same_split,same_split,same_split,same_split,same_split,same_split,same_split
dspcbsd-plus,Data_COCO/train2017/0058566.jpg,dspcbsd-plus,Data_COCO/train2017/S_11760571.jpg,4,0.692296,0.571568,same_split,same_split,same_split,same_split,same_split,same_split,same_split,same_split,same_split,same_split
dspcbsd-plus,Data_COCO/train2017/0058566.jpg,dspcbsd-plus,Data_COCO/train2017/S_11761060.jpg,0,0.826651,0.820557,train_test,same_split,same_split,same_split,same_split,same_split,train_val,train_val,same_split,train_val
dspcbsd-plus,Data_COCO/train2017/0058566.jpg,dspcbsd-plus,Data_COCO/train2017/S_11761067.jpg,0,0.624271,0.672658,same_split,same_split,same_split,same_split,same_split,same_split,train_val,train_val,same_split,same_split
dspcbsd-plus,Data_COCO/train2017/0058566.jpg,dspcbsd-plus,Data_COCO/train2017/S_12096545.jpg,4,0.790201,0.689861,train_test,train_val,same_split,same_split,same_split,same_split,same_split,same_split,same_split,same_split
dspcbsd-plus,Data_COCO/train2017/0058566.jpg,dspcbsd-plus,Data_COCO/train2017/S_12096546.jpg,4,0.806973,0.759069,train_val,same_split,same_split,same_split,same_split,same_split,same_split,same_split,same_split,same_split
dspcbsd-plus,Data_COCO/train2017/0058566.jpg,dspcbsd-plus,Data_COCO/train2017/S_12222008.jpg,4,0.693173,0.661468,same_split,train_test,same_split,same_split,same_split,same_split,same_split,same_split,train_val,same_split
dspcbsd-plus,Data_COCO/train2017/0058566.jpg,dspcbsd-plus,Data_COCO/train2017/Y_000422.jpg,0,0.749903,0.718128,train_val,same_split,same_split,same_split,same_split,same_split,same_split,same_split,same_split,same_split
dspcbsd-plus,Data_COCO/train2017/0058566.jpg,dspcbsd-plus,Data_COCO/train2017/Y_000463.jpg,4,0.531952,0.501032,train_val,same_split,train_val,train_val,same_split,same_split,same_split,same_split,same_split,same_split
dspcbsd-plus,Data_COCO/train2017/0058566.jpg,dspcbsd-plus,Data_COCO/train2017/Y_000578.jpg,2,0.709214,0.689804,same_split,same_split,same_split,same_split,same_split,same_split,same_split,same_split,same_split,same_split
dspcbsd-plus,Data_COCO/train2017/0058566.jpg,dspcbsd-plus,Data_COCO/val2017/0223131.jpg,4,0.771893,0.634901,same_split,same_split,same_split,same_split,same_split,same_split,same_split,same_split,same_split,same_split
dspcbsd-plus,Data_COCO/train2017/0058566.jpg,dspcbsd-plus,Data_COCO/val2017/0375520.jpg,0,0.815025,0.817659,same_split,same_split,same_split,same_split,same_split,same_split,same_split,same_split,same_split,same_split
dspcbsd-plus,Data_COCO/train2017/0058566.jpg,dspcbsd-plus,Data_COCO/val2017/0377741.jpg,2,0.829888,0.771908,same_split,same_split,same_split,not_both_assigned,same_split,same_split,same_split,same_split,same_split,same_split
dspcbsd-plus,Data_COCO/train2017/0058566.jpg,dspcbsd-plus,Data_COCO/val2017/0378107.jpg,4,0.779275,0.748473,same_split,same_split,train_test,train_test,same_split,same_split,same_split,same_split,same_split,same_split
dspcbsd-plus,Data_COCO/train2017/0058566.jpg,dspcbsd-plus,Data_COCO/val2017/S_11232688.jpg,4,0.842135,0.727795,same_split,same_split,train_val,train_val,same_split,same_split,same_split,same_split,same_split,same_split
dspcbsd-plus,Data_COCO/train2017/0058566.jpg,pcb-ind,YOLO/images/train/6225_t_022.jpg,0,0.587791,0.481248,same_split,same_split,same_split,same_split,train_test,train_test,same_split,same_split,train_test,train_test
dspcbsd-plus,Data_COCO/train2017/0080329.jpg,dspcbsd-plus,Data_COCO/train2017/0107802.jpg,4,0.731425,0.754564,same_split,train_test,same_split,not_both_assigned,same_split,same_split,train_val,train_val,same_split,train_val
dspcbsd-plus,Data_COCO/train2017/0080329.jpg,dspcbsd-plus,Data_COCO/train2017/0401911.jpg,2,0.630905,0.709251,train_val,same_split,train_test,not_both_assigned,same_split,same_split,same_split,same_split,same_split,same_split
dspcbsd-plus,Data_COCO/train2017/0080329.jpg,dspcbsd-plus,Data_COCO/train2017/S_10331059.jpg,4,0.791208,0.783276,same_split,train_test,same_split,not_both_assigned,same_split,same_split,train_val,train_val,same_split,same_split
dspcbsd-plus,Data_COCO/train2017/0080329.jpg,dspcbsd-plus,Data_COCO/train2017/S_10347137.jpg,4,0.829584,0.803175,same_split,train_val,not_both_assigned,not_both_assigned,same_split,same_split,same_split,same_split,same_split,same_split
dspcbsd-plus,Data_COCO/train2017/0080329.jpg,dspcbsd-plus,Data_COCO/train2017/S_10433105.jpg,2,0.769218,0.78735,train_val,same_split,train_val,not_both_assigned,same_split,same_split,same_split,same_split,same_split,same_split
dspcbsd-plus,Data_COCO/train2017/0080329.jpg,dspcbsd-plus,Data_COCO/train2017/S_11031694.jpg,2,0.750381,0.761858,same_split,train_val,train_val,not_both_assigned,same_split,same_split,same_split,same_split,same_split,same_split
dspcbsd-plus,Data_COCO/train2017/0080329.jpg,dspcbsd-plus,Data_COCO/train2017/S_11232689.jpg,2,0.814507,0.817132,same_split,same_split,same_split,not_both_assigned,same_split,same_split,same_split,same_split,same_split,same_split
dspcbsd-plus,Data_COCO/train2017/0080329.jpg,dspcbsd-plus,Data_COCO/train2017/S_11233902.jpg,2,0.867029,0.801032,same_split,same_split,train_test,not_both_assigned,same_split,same_split,same_split,same_split,same_split,same_split
dspcbsd-plus,Data_COCO/train2017/0080329.jpg,dspcbsd-plus,Data_COCO/train2017/S_11234489.jpg,4,0.723228,0.65776,train_test,same_split,same_split,not_both_assigned,same_split,same_split,same_split,same_split,same_split,same_split
dspcbsd-plus,Data_COCO/train2017/0080329.jpg,dspcbsd-plus,Data_COCO/train2017/S_11379267.jpg,4,0.605304,0.589734,same_split,same_split,train_val,not_both_assigned,same_split,same_split,same_split,same_split,same_split,same_split
dspcbsd-plus,Data_COCO/train2017/0080329.jpg,dspcbsd-plus,Data_COCO/train2017/S_11733699.jpg,4,0.829139,0.684964,same_split,same_split,same_split,not_both_assigned,same_split,same_split,same_split,same_split,same_split,same_split
dspcbsd-plus,Data_COCO/train2017/0080329.jpg,dspcbsd-plus,Data_COCO/train2017/S_11761060.jpg,2,0.854616,0.803027,train_test,same_split,same_split,not_both_assigned,same_split,same_split,train_val,train_val,same_split,train_val
dspcbsd-plus,Data_COCO/train2017/0080329.jpg,dspcbsd-plus,Data_COCO/train2017/S_11761067.jpg,2,0.691413,0.705106,same_split,same_split,same_split,not_both_assigned,same_split,same_split,train_val,train_val,same_split,same_split
dspcbsd-plus,Data_COCO/train2017/0080329.jpg,dspcbsd-plus,Data_COCO/train2017/S_12222008.jpg,4,0.767052,0.753166,same_split,train_test,same_split,not_both_assigned,same_split,same_split,same_split,same_split,train_val,same_split
dspcbsd-plus,Data_COCO/train2017/0080329.jpg,dspcbsd-plus,Data_COCO/train2017/Y_000422.jpg,2,0.738815,0.722113,train_val,same_split,same_split,not_both_assigned,same_split,same_split,same_split,same_split,same_split,same_split
dspcbsd-plus,Data_COCO/train2017/0080329.jpg,dspcbsd-plus,Data_COCO/train2017/Y_000578.jpg,4,0.748725,0.598202,same_split,same_split,same_split,not_both_assigned,same_split,same_split,same_split,same_split,same_split,same_split
dspcbsd-plus,Data_COCO/train2017/0080329.jpg,dspcbsd-plus,Data_COCO/val2017/0375520.jpg,2,0.900356,0.824978,same_split,same_split,same_split,not_both_assigned,same_split,same_split,same_split,same_split,same_split,same_split
dspcbsd-plus,Data_COCO/train2017/0080329.jpg,pcb-ind,YOLO/images/train/6225_t_022.jpg,2,0.549072,0.435466,same_split,same_split,same_split,not_both_assigned,train_test,train_test,same_split,same_split,train_test,train_test
dspcbsd-plus,Data_COCO/train2017/0080748.jpg,dspcbsd-plus,Data_COCO/train2017/0401911.jpg,4,0.524751,0.624916,train_val,same_split,train_test,train_test,same_split,same_split,same_split,same_split,same_split,same_split
dspcbsd-plus,Data_COCO/train2017/0080748.jpg,dspcbsd-plus,Data_COCO/train2017/S_10347137.jpg,4,0.669745,0.659622,same_split,train_val,not_both_assigned,same_split,same_split,same_split,same_split,same_split,same_split,same_split
dspcbsd-plus,Data_COCO/train2017/0080748.jpg,dspcbsd-plus,Data_COCO/train2017/S_10433105.jpg,4,0.549748,0.609472,train_val,same_split,train_val,train_val,same_split,same_split,same_split,same_split,same_split,same_split
dspcbsd-plus,Data_COCO/train2017/0080748.jpg,dspcbsd-plus,Data_COCO/train2017/S_11031694.jpg,4,0.585169,0.636517,same_split,train_val,train_val,train_val,same_split,same_split,same_split,same_split,same_split,same_split
dspcbsd-plus,Data_COCO/train2017/0080748.jpg,dspcbsd-plus,Data_COCO/train2017/S_11232689.jpg,4,0.506124,0.591674,same_split,same_split,same_split,same_split,same_split,same_split,same_split,same_split,same_split,same_split
dspcbsd-plus,Data_COCO/train2017/0080748.jpg,dspcbsd-plus,Data_COCO/train2017/S_11233902.jpg,4,0.566766,0.603663,same_split,same_split,train_test,train_test,same_split,same_split,same_split,same_split,same_split,same_split
dspcbsd-plus,Data_COCO/train2017/0080748.jpg,dspcbsd-plus,Data_COCO/train2017/S_11761060.jpg,4,0.696686,0.675798,train_test,same_split,same_split,same_split,same_split,same_split,train_val,train_val,same_split,train_val
dspcbsd-plus,Data_COCO/train2017/0080748.jpg,dspcbsd-plus,Data_COCO/train2017/S_11761067.jpg,4,0.650254,0.632162,same_split,same_split,same_split,same_split,same_split,same_split,train_val,train_val,same_split,same_split
dspcbsd-plus,Data_COCO/train2017/0080748.jpg,dspcbsd-plus,Data_COCO/train2017/S_12096545.jpg,4,0.622483,0.601368,train_test,train_val,same_split,same_split,same_split,same_split,same_split,same_split,same_split,same_split
dspcbsd-plus,Data_COCO/train2017/0080748.jpg,dspcbsd-plus,Data_COCO/train2017/Y_000422.jpg,4,0.543876,0.613117,train_val,same_split,same_split,same_split,same_split,same_split,same_split,same_split,same_split,same_split
dspcbsd-plus,Data_COCO/train2017/0080748.jpg,dspcbsd-plus,Data_COCO/train2017/Y_000578.jpg,4,0.565207,0.480844,same_split,same_split,same_split,same_split,same_split,same_split,same_split,same_split,same_split,same_split
dspcbsd-plus,Data_COCO/train2017/0080748.jpg,dspcbsd-plus,Data_COCO/val2017/0223131.jpg,4,0.774249,0.658107,same_split,same_split,same_split,same_split,same_split,same_split,same_split,same_split,same_split,same_split
dspcbsd-plus,Data_COCO/train2017/0080748.jpg,dspcbsd-plus,Data_COCO/val2017/0375520.jpg,4,0.589199,0.615615,same_split,same_split,same_split,same_split,same_split,same_split,same_split,same_split,same_split,same_split
dspcbsd-plus,Data_COCO/train2017/0080748.jpg,dspcbsd-plus,Data_COCO/val2017/0377741.jpg,4,0.670579,0.655674,same_split,same_split,same_split,not_both_assigned,same_split,same_split,same_split,same_split,same_split,same_split
dspcbsd-plus,Data_COCO/train2017/0080748.jpg,dspcbsd-plus,Data_COCO/val2017/S_11232688.jpg,4,0.667206,0.658317,same_split,same_split,train_val,train_val,same_split,same_split,same_split,same_split,same_split,same_split
dspcbsd-plus,Data_COCO/train2017/0080748.jpg,dspcbsd-plus,Data_COCO/val2017/S_11232690.jpg,4,0.62164,0.537571,train_val,same_split,same_split,same_split,same_split,same_split,same_split,same_split,same_split,same_split
dspcbsd-plus,Data_COCO/train2017/0080748.jpg,pcb-ind,YOLO/images/train/6225_t_022.jpg,4,0.421371,0.348143,same_split,same_split,same_split,same_split,train_test,train_test,same_split,same_split,train_test,train_test
dspcbsd-plus,Data_COCO/train2017/0107802.jpg,dspcbsd-plus,Data_COCO/train2017/0401911.jpg,2,0.771843,0.74754,train_val,train_test,train_test,train_test,same_split,same_split,train_val,train_val,same_split,train_val
dspcbsd-plus,Data_COCO/train2017/0107802.jpg,dspcbsd-plus,Data_COCO/train2017/S_10010505.jpg,4,0.787751,0.670842,same_split,train_test,train_val,train_val,same_split,same_split,train_val,train_val,same_split,train_val
dspcbsd-plus,Data_COCO/train2017/0107802.jpg,dspcbsd-plus,Data_COCO/train2017/S_10347137.jpg,2,0.681089,0.644018,same_split,val_test,not_both_assigned,same_split,same_split,same_split,train_val,train_val,same_split,train_val
dspcbsd-plus,Data_COCO/train2017/0107802.jpg,dspcbsd-plus,Data_COCO/train2017/S_10433105.jpg,2,0.764009,0.706871,train_val,train_test,train_val,train_val,same_split,same_split,train_val,train_val,same_split,train_val
dspcbsd-plus,Data_COCO/train2017/0107802.jpg,dspcbsd-plus,Data_COCO/train2017/S_10433107.jpg,2,0.782517,0.689385,train_val,train_test,same_split,same_split,same_split,same_split,train_val,train_val,same_split,train_val
dspcbsd-plus,Data_COCO/train2017/0107802.jpg,dspcbsd-plus,Data_COCO/train2017/S_11031694.jpg,4,0.579027,0.671806,same_split,val_test,train_val,train_val,same_split,same_split,train_val,train_val,same_split,train_val
dspcbsd-plus,Data_COCO/train2017/0107802.jpg,dspcbsd-plus,Data_COCO/train2017/S_11232689.jpg,2,0.654889,0.65537,same_split,train_test,same_split,same_split,same_split,same_split,train_val,train_val,same_split,train_val
dspcbsd-plus,Data_COCO/train2017/0107802.jpg,dspcbsd-plus,Data_COCO/train2017/S_11233902.jpg,2,0.667216,0.632487,same_split,train_test,train_test,train_test,same_split,same_split,train_val,train_val,same_split,train_val
dspcbsd-plus,Data_COCO/train2017/0107802.jpg,dspcbsd-plus,Data_COCO/train2017/S_11733699.jpg,4,0.687472,0.593618,same_split,train_test,same_split,same_split,same_split,same_split,train_val,train_val,same_split,train_val
dspcbsd-plus,Data_COCO/train2017/0107802.jpg,dspcbsd-plus,Data_COCO/train2017/S_11760571.jpg,2,0.622568,0.557402,same_split,train_test,same_split,same_split,same_split,same_split,train_val,train_val,same_split,train_val
dspcbsd-plus,Data_COCO/train2017/0107802.jpg,dspcbsd-plus,Data_COCO/train2017/S_11761060.jpg,2,0.697536,0.675239,train_test,train_test,same_split,same_split,same_split,same_split,same_split,same_split,same_split,same_split
dspcbsd-plus,Data_COCO/train2017/0107802.jpg,dspcbsd-plus,Data_COCO/train2017/S_11761067.jpg,2,0.533126,0.545674,same_split,train_test,same_split,same_split,same_split,same_split,same_split,same_split,same_split,train_val
dspcbsd-plus,Data_COCO/train2017/0107802.jpg,dspcbsd-plus,Data_COCO/train2017/S_12096545.jpg,4,0.690149,0.624705,train_test,val_test,same_split,same_split,same_split,same_split,train_val,train_val,same_split,train_val
dspcbsd-plus,Data_COCO/train2017/0107802.jpg,dspcbsd-plus,Data_COCO/train2017/S_12222008.jpg,2,0.706556,0.648419,same_split,same_split,same_split,same_split,same_split,same_split,train_val,train_val,train_val,train_val
dspcbsd-plus,Data_COCO/train2017/0107802.jpg,dspcbsd-plus,Data_COCO/train2017/Y_000422.jpg,2,0.755126,0.79122,train_val,train_test,same_split,same_split,same_split,same_split,train_val,train_val,same_split,train_val
dspcbsd-plus,Data_COCO/train2017/0107802.jpg,dspcbsd-plus,Data_COCO/train2017/Y_000463.jpg,4,0.612783,0.564248,train_val,train_test,train_val,train_val,same_split,same_split,train_val,train_val,same_split,train_val
dspcbsd-plus,Data_COCO/train2017/0107802.jpg,dspcbsd-plus,Data_COCO/train2017/Y_000578.jpg,4,0.755977,0.632972,same_split,train_test,same_split,same_split,same_split,same_split,train_val,train_val,same_split,train_val
dspcbsd-plus,Data_COCO/train2017/0107802.jpg,dspcbsd-plus,Data_COCO/val2017/0223131.jpg,4,0.832294,0.663249,same_split,train_test,same_split,same_split,same_split,same_split,train_val,train_val,same_split,train_val
dspcbsd-plus,Data_COCO/train2017/0107802.jpg,dspcbsd-plus,Data_COCO/val2017/0375520.jpg,2,0.666798,0.658204,same_split,train_test,same_split,same_split,same_split,same_split,train_val,train_val,same_split,train_val
dspcbsd-plus,Data_COCO/train2017/0107802.jpg,dspcbsd-plus,Data_COCO/val2017/0377741.jpg,2,0.735614,0.645649,same_split,train_test,same_split,not_both_assigned,same_split,same_split,train_val,train_val,same_split,train_val
dspcbsd-plus,Data_COCO/train2017/0107802.jpg,dspcbsd-plus,Data_COCO/val2017/0378107.jpg,4,0.703054,0.698198,same_split,train_test,train_test,train_test,same_split,same_split,train_val,train_val,same_split,train_val
dspcbsd-plus,Data_COCO/train2017/0107802.jpg,pcb-ind,YOLO/images/train/6225_t_022.jpg,2,0.534722,0.432401,same_split,train_test,same_split,same_split,train_test,train_test,train_val,train_val,train_test,val_test
dspcbsd-plus,Data_COCO/train2017/0401911.jpg,dspcbsd-plus,Data_COCO/train2017/S_10010505.jpg,4,0.628519,0.532889,train_val,same_split,val_test,val_test,same_split,same_split,same_split,same_split,same_split,same_split
dspcbsd-plus,Data_COCO/train2017/0401911.jpg,dspcbsd-plus,Data_COCO/train2017/S_10331059.jpg,4,0.78089,0.751981,train_val,train_test,train_test,train_test,same_split,same_split,train_val,train_val,same_split,same_split
dspcbsd-plus,Data_COCO/train2017/0401911.jpg,dspcbsd-plus,Data_COCO/train2017/S_10347137.jpg,2,0.51108,0.586601,train_val,train_val,not_both_assigned,train_test,same_split,same_split,same_split,same_split,same_split,same_split
dspcbsd-plus,Data_COCO/train2017/0401911.jpg,dspcbsd-plus,Data_COCO/train2017/S_10433105.jpg,0,0.634432,0.667142,same_split,same_split,val_test,val_test,same_split,same_split,same_split,same_split,same_split,same_split
dspcbsd-plus,Data_COCO/train2017/0401911.jpg,dspcbsd-plus,Data_COCO/train2017/S_10433107.jpg,4,0.664024,0.635402,same_split,same_split,train_test,train_test,same_split,same_split,same_split,same_split,same_split,same_split
dspcbsd-plus,Data_COCO/train2017/0401911.jpg,dspcbsd-plus,Data_COCO/train2017/S_11031694.jpg,2,0.468516,0.672973,train_val,train_val,val_test,val_test,same_split,same_split,same_split,same_split,same_split,same_split
dspcbsd-plus,Data_COCO/train2017/0401911.jpg,dspcbsd-plus,Data_COCO/train2017/S_11232689.jpg,0,0.619684,0.756295,train_val,same_split,train_test,train_test,same_split,same_split,same_split,same_split,same_split,same_split
dspcbsd-plus,Data_COCO/train2017/0401911.jpg,dspcbsd-plus,Data_COCO/train2017/S_11233902.jpg,0,0.657627,0.6875,train_val,same_split,same_split,same_split,same_split,same_split,same_split,same_split,same_split,same_split
dspcbsd-plus,Data_COCO/train2017/0401911.jpg,dspcbsd-plus,Data_COCO/train2017/S_11234489.jpg,4,0.722393,0.741133,val_test,same_split,train_test,train_test,same_split,same_split,same_split,same_split,same_split,same_split
dspcbsd-plus,Data_COCO/train2017/0401911.jpg,dspcbsd-plus,Data_COCO/train2017/S_11379267.jpg,4,0.617734,0.713084,train_val,same_split,val_test,val_test,same_split,same_split,same_split,same_split,same_split,same_split
dspcbsd-plus,Data_COCO/train2017/0401911.jpg,dspcbsd-plus,Data_COCO/train2017/S_11733699.jpg,2,0.60643,0.686095,train_val,same_split,train_test,train_test,same_split,same_split,same_split,same_split,same_split,same_split
dspcbsd-plus,Data_COCO/train2017/0401911.jpg,dspcbsd-plus,Data_COCO/train2017/S_11760571.jpg,4,0.533283,0.514229,train_val,same_split,train_test,train_test,same_split,same_split,same_split,same_split,same_split,same_split
dspcbsd-plus,Data_COCO/train2017/0401911.jpg,dspcbsd-plus,Data_COCO/train2017/S_11761060.jpg,0,0.610043,0.712458,val_test,same_split,train_test,train_test,same_split,same_split,train_val,train_val,same_split,train_val
dspcbsd-plus,Data_COCO/train2017/0401911.jpg,dspcbsd-plus,Data_COCO/train2017/S_11761067.jpg,0,0.444225,0.567831,train_val,same_split,train_test,train_test,same_split,same_split,train_val,train_val,same_split,same_split
dspcbsd-plus,Data_COCO/train2017/0401911.jpg,dspcbsd-plus,Data_COCO/train2017/S_12096545.jpg,4,0.620482,0.639529,val_test,train_val,train_test,train_test,same_split,same_split,same_split,same_split,same_split,same_split
dspcbsd-plus,Data_COCO/train2017/0401911.jpg,dspcbsd-plus,Data_COCO/train2017/S_12096546.jpg,4,0.600151,0.749607,same_split,same_split,train_test,train_test,same_split,same_split,same_split,same_split,same_split,same_split
dspcbsd-plus,Data_COCO/train2017/0401911.jpg,dspcbsd-plus,Data_COCO/train2017/S_12222008.jpg,4,0.617923,0.626543,train_val,train_test,train_test,train_test,same_split,same_split,same_split,same_split,train_val,same_split
dspcbsd-plus,Data_COCO/train2017/0401911.jpg,dspcbsd-plus,Data_COCO/train2017/Y_000422.jpg,0,0.684724,0.789567,same_split,same_split,train_test,train_test,same_split,same_split,same_split,same_split,same_split,same_split
dspcbsd-plus,Data_COCO/train2017/0401911.jpg,dspcbsd-plus,Data_COCO/train2017/Y_000463.jpg,4,0.523591,0.55257,same_split,same_split,val_test,val_test,same_split,same_split,same_split,same_split,same_split,same_split
dspcbsd-plus,Data_COCO/train2017/0401911.jpg,dspcbsd-plus,Data_COCO/train2017/Y_000578.jpg,2,0.683617,0.690594,train_val,same_split,train_test,train_test,same_split,same_split,same_split,same_split,same_split,same_split
dspcbsd-plus,Data_COCO/train2017/0401911.jpg,dspcbsd-plus,Data_COCO/val2017/0223131.jpg,4,0.646645,0.544182,train_val,same_split,train_test,train_test,same_split,same_split,same_split,same_split,same_split,same_split
dspcbsd-plus,Data_COCO/train2017/0401911.jpg,dspcbsd-plus,Data_COCO/val2017/0375520.jpg,0,0.64288,0.688757,train_val,same_split,train_test,train_test,same_split,same_split,same_split,same_split,same_split,same_split
dspcbsd-plus,Data_COCO/train2017/0401911.jpg,dspcbsd-plus,Data_COCO/val2017/0377741.jpg,2,0.658202,0.605216,train_val,same_split,train_test,not_both_assigned,same_split,same_split,same_split,same_split,same_split,same_split
dspcbsd-plus,Data_COCO/train2017/0401911.jpg,dspcbsd-plus,Data_COCO/val2017/0378107.jpg,4,0.618046,0.681313,train_val,same_split,same_split,same_split,same_split,same_split,same_split,same_split,same_split,same_split
dspcbsd-plus,Data_COCO/train2017/0401911.jpg,dspcbsd-plus,Data_COCO/val2017/S_11232688.jpg,4,0.627395,0.630619,train_val,same_split,val_test,val_test,same_split,same_split,same_split,same_split,same_split,same_split
dspcbsd-plus,Data_COCO/train2017/0401911.jpg,pcb-ind,YOLO/images/train/6225_t_022.jpg,0,0.500145,0.580542,train_val,same_split,train_test,train_test,train_test,train_test,same_split,same_split,train_test,train_test
dspcbsd-plus,Data_COCO/train2017/E_003350.jpg,dspcbsd-plus,Data_COCO/train2017/S_10309046.jpg,4,0.849082,0.757025,train_test,train_val,train_val,train_val,same_split,same_split,train_val,train_val,train_val,train_val
dspcbsd-plus,Data_COCO/train2017/E_003562.jpg,dspcbsd-plus,Data_COCO/train2017/S_11372631.jpg,4,0.705912,0.533405,same_split,same_split,train_test,train_test,same_split,same_split,same_split,same_split,same_split,same_split
dspcbsd-plus,Data_COCO/train2017/E_003562.jpg,pcb-ind,YOLO/images/test/6216_t_014.jpg,4,0.567867,0.426647,same_split,same_split,train_test,train_test,train_test,train_test,same_split,same_split,train_test,train_test
dspcbsd-plus,Data_COCO/train2017/E_003562.jpg,pcb-ind,YOLO/images/train/6153_b_005.jpg,4,0.680747,0.489913,train_val,train_val,train_test,train_test,train_test,train_test,same_split,same_split,train_test,train_test
dspcbsd-plus,Data_COCO/train2017/S_10010505.jpg,dspcbsd-plus,Data_COCO/train2017/S_10347137.jpg,4,0.720644,0.63056,same_split,train_val,not_both_assigned,train_val,same_split,same_split,same_split,same_split,same_split,same_split
dspcbsd-plus,Data_COCO/train2017/S_10010505.jpg,dspcbsd-plus,Data_COCO/train2017/S_10433105.jpg,4,0.696424,0.569823,train_val,same_split,same_split,same_split,same_split,same_split,same_split,same_split,same_split,same_split
dspcbsd-plus,Data_COCO/train2017/S_10010505.jpg,dspcbsd-plus,Data_COCO/train2017/S_11232689.jpg,4,0.632788,0.482456,same_split,same_split,train_val,train_val,same_split,same_split,same_split,same_split,same_split,same_split
dspcbsd-plus,Data_COCO/train2017/S_10010505.jpg,dspcbsd-plus,Data_COCO/train2017/S_11233902.jpg,4,0.632468,0.494071,same_split,same_split,val_test,val_test,same_split,same_split,same_split,same_split,same_split,same_split
dspcbsd-plus,Data_COCO/train2017/S_10010505.jpg,dspcbsd-plus,Data_COCO/train2017/S_11733699.jpg,4,0.720774,0.530498,same_split,same_split,train_val,train_val,same_split,same_split,same_split,same_split,same_split,same_split
dspcbsd-plus,Data_COCO/train2017/S_10010505.jpg,dspcbsd-plus,Data_COCO/train2017/S_11760571.jpg,4,0.806803,0.668379,same_split,same_split,train_val,train_val,same_split,same_split,same_split,same_split,same_split,same_split
dspcbsd-plus,Data_COCO/train2017/S_10010505.jpg,dspcbsd-plus,Data_COCO/train2017/S_11761060.jpg,4,0.698515,0.540013,train_test,same_split,train_val,train_val,same_split,same_split,train_val,train_val,same_split,train_val
dspcbsd-plus,Data_COCO/train2017/S_10010505.jpg,dspcbsd-plus,Data_COCO/train2017/S_11761067.jpg,4,0.636514,0.527359,same_split,same_split,train_val,train_val,same_split,same_split,train_val,train_val,same_split,same_split
dspcbsd-plus,Data_COCO/train2017/S_10010505.jpg,dspcbsd-plus,Data_COCO/train2017/Y_000422.jpg,4,0.674931,0.566452,train_val,same_split,train_val,train_val,same_split,same_split,same_split,same_split,same_split,same_split
dspcbsd-plus,Data_COCO/train2017/S_10010505.jpg,dspcbsd-plus,Data_COCO/val2017/0045409.jpg,4,0.445482,0.396268,same_split,same_split,train_val,train_val,same_split,same_split,same_split,same_split,same_split,same_split
dspcbsd-plus,Data_COCO/train2017/S_10010505.jpg,dspcbsd-plus,Data_COCO/val2017/0375520.jpg,4,0.602506,0.505062,same_split,same_split,train_val,train_val,same_split,same_split,same_split,same_split,same_split,same_split
dspcbsd-plus,Data_COCO/train2017/S_10010505.jpg,dspcbsd-plus,Data_COCO/val2017/0377741.jpg,4,0.720747,0.549375,same_split,same_split,train_val,not_both_assigned,same_split,same_split,same_split,same_split,same_split,same_split
dspcbsd-plus,Data_COCO/train2017/S_10010505.jpg,pcb-ind,YOLO/images/train/6225_t_022.jpg,4,0.519444,0.317543,same_split,same_split,train_val,train_val,train_test,train_test,same_split,same_split,train_test,train_test
dspcbsd-plus,Data_COCO/train2017/S_10097080.jpg,dspcbsd-plus,Data_COCO/train2017/S_10101241.jpg,4,0.912269,0.927604,same_split,same_split,same_split,same_split,same_split,same_split,same_split,same_split,same_split,same_split
dspcbsd-plus,Data_COCO/train2017/S_10284899.jpg,dspcbsd-plus,Data_COCO/train2017/S_10285154.jpg,4,0.871889,0.850004,same_split,same_split,same_split,same_split,same_split,same_split,same_split,same_split,same_split,same_split
dspcbsd-plus,Data_COCO/train2017/S_10309046.jpg,pcb-ind,YOLO/images/train/6097_t_007.jpg,4,0.603516,0.443252,same_split,same_split,train_val,not_both_assigned,train_test,train_test,same_split,same_split,train_test,train_test
dspcbsd-plus,Data_COCO/train2017/S_10310149.jpg,dspcbsd-plus,Data_COCO/train2017/Y_001530.jpg,2,0.902748,0.8425,train_test,same_split,same_split,not_both_assigned,same_split,same_split,same_split,same_split,same_split,same_split
dspcbsd-plus,Data_COCO/train2017/S_10331059.jpg,dspcbsd-plus,Data_COCO/train2017/S_10433105.jpg,4,0.83653,0.828105,train_val,train_test,train_val,train_val,same_split,same_split,train_val,train_val,same_split,same_split
dspcbsd-plus,Data_COCO/train2017/S_10331059.jpg,dspcbsd-plus,Data_COCO/train2017/S_11031694.jpg,2,0.667767,0.729629,same_split,val_test,train_val,train_val,same_split,same_split,train_val,train_val,same_split,same_split
dspcbsd-plus,Data_COCO/train2017/S_10331059.jpg,dspcbsd-plus,Data_COCO/train2017/S_11232689.jpg,4,0.777406,0.82254,same_split,train_test,same_split,same_split,same_split,same_split,train_val,train_val,same_split,same_split
dspcbsd-plus,Data_COCO/train2017/S_10331059.jpg,dspcbsd-plus,Data_COCO/train2017/S_11233313.jpg,4,0.488813,0.50238,same_split,train_test,same_split,same_split,same_split,same_split,train_val,train_val,same_split,train_val
dspcbsd-plus,Data_COCO/train2017/S_10331059.jpg,dspcbsd-plus,Data_COCO/train2017/S_11233902.jpg,4,0.80829,0.769404,same_split,train_test,train_test,train_test,same_split,same_split,train_val,train_val,same_split,same_split
dspcbsd-plus,Data_COCO/train2017/S_10331059.jpg,dspcbsd-plus,Data_COCO/train2017/S_11234489.jpg,4,0.768046,0.71809,train_test,train_test,same_split,same_split,same_split,same_split,train_val,train_val,same_split,same_split
dspcbsd-plus,Data_COCO/train2017/S_10331059.jpg,dspcbsd-plus,Data_COCO/train2017/S_11761060.jpg,4,0.740645,0.673492,train_test,train_test,same_split,same_split,same_split,same_split,same_split,same_split,same_split,train_val
dspcbsd-plus,Data_COCO/train2017/S_10331059.jpg,dspcbsd-plus,Data_COCO/train2017/S_11761067.jpg,4,0.574633,0.52882,same_split,train_test,same_split,same_split,same_split,same_split,same_split,same_split,same_split,same_split
dspcbsd-plus,Data_COCO/train2017/S_10331059.jpg,dspcbsd-plus,Data_COCO/train2017/S_12222008.jpg,4,0.693919,0.614587,same_split,same_split,same_split,same_split,same_split,same_split,train_val,train_val,train_val,same_split
dspcbsd-plus,Data_COCO/train2017/S_10331059.jpg,dspcbsd-plus,Data_COCO/train2017/Y_000422.jpg,4,0.797463,0.778744,train_val,train_test,same_split,same_split,same_split,same_split,train_val,train_val,same_split,same_split
dspcbsd-plus,Data_COCO/train2017/S_10331059.jpg,dspcbsd-plus,Data_COCO/train2017/Y_000578.jpg,4,0.826949,0.746008,same_split,train_test,same_split,same_split,same_split,same_split,train_val,train_val,same_split,same_split
dspcbsd-plus,Data_COCO/train2017/S_10331059.jpg,dspcbsd-plus,Data_COCO/val2017/0223131.jpg,4,0.778164,0.60415,same_split,train_test,same_split,same_split,same_split,same_split,train_val,train_val,same_split,same_split
dspcbsd-plus,Data_COCO/train2017/S_10331059.jpg,dspcbsd-plus,Data_COCO/val2017/0375520.jpg,4,0.793556,0.695545,same_split,train_test,same_split,same_split,same_split,same_split,train_val,train_val,same_split,same_split
dspcbsd-plus,Data_COCO/train2017/S_10331059.jpg,pcb-ind,YOLO/images/train/6225_t_022.jpg,4,0.588211,0.498237,same_split,train_test,same_split,same_split,train_test,train_test,train_val,train_val,train_test,train_test
dspcbsd-plus,Data_COCO/train2017/S_10347137.jpg,dspcbsd-plus,Data_COCO/train2017/S_10433105.jpg,2,0.868384,0.751501,train_val,train_val,not_both_assigned,train_val,same_split,same_split,same_split,same_split,same_split,same_split
dspcbsd-plus,Data_COCO/train2017/S_10347137.jpg,dspcbsd-plus,Data_COCO/train2017/S_10433107.jpg,4,0.882436,0.772073,train_val,train_val,not_both_assigned,same_split,same_split,same_split,same_split,same_split,same_split,same_split
dspcbsd-plus,Data_COCO/train2017/S_10347137.jpg,dspcbsd-plus,Data_COCO/train2017/S_11031694.jpg,4,0.760739,0.714003,same_split,same_split,not_both_assigned,train_val,same_split,same_split,same_split,same_split,same_split,same_split
dspcbsd-plus,Data_COCO/train2017/S_10347137.jpg,dspcbsd-plus,Data_COCO/train2017/S_11232689.jpg,2,0.683505,0.653682,same_split,train_val,not_both_assigned,same_split,same_split,same_split,same_split,same_split,same_split,same_split
dspcbsd-plus,Data_COCO/train2017/S_10347137.jpg,dspcbsd-plus,Data_COCO/train2017/S_11233902.jpg,2,0.724646,0.711986,same_split,train_val,not_both_assigned,train_test,same_split,same_split,same_split,same_split,same_split,same_split
dspcbsd-plus,Data_COCO/train2017/S_10347137.jpg,dspcbsd-plus,Data_COCO/train2017/S_11733699.jpg,4,0.759148,0.646658,same_split,train_val,not_both_assigned,same_split,same_split,same_split,same_split,same_split,same_split,same_split
dspcbsd-plus,Data_COCO/train2017/S_10347137.jpg,dspcbsd-plus,Data_COCO/train2017/S_11760571.jpg,4,0.686055,0.663645,same_split,train_val,not_both_assigned,same_split,same_split,same_split,same_split,same_split,same_split,same_split
dspcbsd-plus,Data_COCO/train2017/S_10347137.jpg,dspcbsd-plus,Data_COCO/train2017/S_11761060.jpg,2,0.733131,0.684743,train_test,train_val,not_both_assigned,same_split,same_split,same_split,train_val,train_val,same_split,train_val
dspcbsd-plus,Data_COCO/train2017/S_10347137.jpg,dspcbsd-plus,Data_COCO/train2017/S_11761067.jpg,2,0.680337,0.735599,same_split,train_val,not_both_assigned,same_split,same_split,same_split,train_val,train_val,same_split,same_split
dspcbsd-plus,Data_COCO/train2017/S_10347137.jpg,dspcbsd-plus,Data_COCO/train2017/S_12222008.jpg,4,0.720103,0.732842,same_split,val_test,not_both_assigned,same_split,same_split,same_split,same_split,same_split,train_val,same_split
dspcbsd-plus,Data_COCO/train2017/S_10347137.jpg,dspcbsd-plus,Data_COCO/train2017/Y_000422.jpg,2,0.648593,0.614693,train_val,train_val,not_both_assigned,same_split,same_split,same_split,same_split,same_split,same_split,same_split
dspcbsd-plus,Data_COCO/train2017/S_10347137.jpg,dspcbsd-plus,Data_COCO/train2017/Y_000463.jpg,4,0.5222,0.444764,train_val,train_val,not_both_assigned,train_val,same_split,same_split,same_split,same_split,same_split,same_split
dspcbsd-plus,Data_COCO/train2017/S_10347137.jpg,dspcbsd-plus,Data_COCO/train2017/Y_000578.jpg,4,0.669343,0.518005,same_split,train_val,not_both_assigned,same_split,same_split,same_split,same_split,same_split,same_split,same_split
dspcbsd-plus,Data_COCO/train2017/S_10347137.jpg,dspcbsd-plus,Data_COCO/val2017/0223131.jpg,2,0.838239,0.75951,same_split,train_val,not_both_assigned,same_split,same_split,same_split,same_split,same_split,same_split,same_split
dspcbsd-plus,Data_COCO/train2017/S_10347137.jpg,dspcbsd-plus,Data_COCO/val2017/0375520.jpg,2,0.72975,0.698063,same_split,train_val,not_both_assigned,same_split,same_split,same_split,same_split,same_split,same_split,same_split
dspcbsd-plus,Data_COCO/train2017/S_10347137.jpg,dspcbsd-plus,Data_COCO/val2017/0377741.jpg,0,0.821055,0.784236,same_split,train_val,not_both_assigned,not_both_assigned,same_split,same_split,same_split,same_split,same_split,same_split
dspcbsd-plus,Data_COCO/train2017/S_10347137.jpg,dspcbsd-plus,Data_COCO/val2017/S_11232690.jpg,4,0.742096,0.674981,train_val,train_val,not_both_assigned,same_split,same_split,same_split,same_split,same_split,same_split,same_split
dspcbsd-plus,Data_COCO/train2017/S_10347137.jpg,dspcbsd-plus,Data_COCO/val2017/S_12074109.jpg,4,0.735286,0.679273,same_split,train_val,not_both_assigned,train_val,same_split,same_split,same_split,same_split,same_split,same_split
dspcbsd-plus,Data_COCO/train2017/S_10347137.jpg,pcb-ind,YOLO/images/train/6225_t_022.jpg,2,0.435934,0.34287,same_split,train_val,not_both_assigned,same_split,train_test,train_test,same_split,same_split,train_test,train_test
dspcbsd-plus,Data_COCO/train2017/S_10378056.jpg,dspcbsd-plus,Data_COCO/train2017/Y_002366.jpg,4,0.829978,0.561435,same_split,train_val,same_split,same_split,same_split,same_split,same_split,same_split,same_split,train_val
dspcbsd-plus,Data_COCO/train2017/S_10386803.jpg,pcb-ind,YOLO/images/train/6360_t_002.jpg,4,0.633711,0.71703,train_val,train_test,train_val,train_val,train_test,train_test,train_val,train_val,train_test,train_test
dspcbsd-plus,Data_COCO/train2017/S_10416818.jpg,pcb-ind,YOLO/images/test/6333_t_002.jpg,4,0.202685,0.27149,train_val,train_test,same_split,same_split,train_test,train_test,train_val,train_val,val_test,val_test
dspcbsd-plus,Data_COCO/train2017/S_10416818.jpg,pcb-ind,YOLO/images/train/6417_t_006.jpg,4,0.213811,0.293133,same_split,train_test,same_split,same_split,train_test,train_test,train_val,train_val,val_test,val_test
dspcbsd-plus,Data_COCO/train2017/S_10416818.jpg,pcb-ind,YOLO/images/train/6588_t_001.jpg,4,0.269966,0.271009,same_split,val_test,train_val,train_val,train_test,val_test,train_val,train_val,val_test,val_test
dspcbsd-plus,Data_COCO/train2017/S_10416818.jpg,pcb-ind,YOLO/images/val/5913_b_032.jpg,4,0.239664,0.250964,train_test,same_split,train_test,train_test,train_test,train_test,same_split,same_split,val_test,val_test
dspcbsd-plus,Data_COCO/train2017/S_10433105.jpg,dspcbsd-plus,Data_COCO/train2017/S_10433107.jpg,4,0.917764,0.909667,same_split,same_split,train_val,train_val,same_split,same_split,same_split,same_split,same_split,same_split
dspcbsd-plus,Data_COCO/train2017/S_10433105.jpg,dspcbsd-plus,Data_COCO/train2017/S_11031694.jpg,2,0.706184,0.634598,train_val,train_val,same_split,same_split,same_split,same_split,same_split,same_split,same_split,same_split
dspcbsd-plus,Data_COCO/train2017/S_10433105.jpg,dspcbsd-plus,Data_COCO/train2017/S_11232689.jpg,0,0.735602,0.753532,train_val,same_split,train_val,train_val,same_split,same_split,same_split,same_split,same_split,same_split
dspcbsd-plus,Data_COCO/train2017/S_10433105.jpg,dspcbsd-plus,Data_COCO/train2017/S_11233902.jpg,0,0.70607,0.67497,train_val,same_split,val_test,val_test,same_split,same_split,same_split,same_split,same_split,same_split
dspcbsd-plus,Data_COCO/train2017/S_10433105.jpg,dspcbsd-plus,Data_COCO/train2017/S_11234489.jpg,4,0.684047,0.595588,val_test,same_split,train_val,train_val,same_split,same_split,same_split,same_split,same_split,same_split
dspcbsd-plus,Data_COCO/train2017/S_10433105.jpg,dspcbsd-plus,Data_COCO/train2017/S_11379267.jpg,4,0.597109,0.523973,train_val,same_split,same_split,same_split,same_split,same_split,same_split,same_split,same_split,same_split
dspcbsd-plus,Data_COCO/train2017/S_10433105.jpg,dspcbsd-plus,Data_COCO/train2017/S_11733699.jpg,2,0.77628,0.685627,train_val,same_split,train_val,train_val,same_split,same_split,same_split,same_split,same_split,same_split
dspcbsd-plus,Data_COCO/train2017/S_10433105.jpg,dspcbsd-plus,Data_COCO/train2017/S_11760571.jpg,4,0.588413,0.49512,train_val,same_split,train_val,train_val,same_split,same_split,same_split,same_split,same_split,same_split
dspcbsd-plus,Data_COCO/train2017/S_10433105.jpg,dspcbsd-plus,Data_COCO/train2017/S_11761060.jpg,0,0.701671,0.62099,val_test,same_split,train_val,train_val,same_split,same_split,train_val,train_val,same_split,train_val
dspcbsd-plus,Data_COCO/train2017/S_10433105.jpg,dspcbsd-plus,Data_COCO/train2017/S_11761067.jpg,0,0.524665,0.514596,train_val,same_split,train_val,train_val,same_split,same_split,train_val,train_val,same_split,same_split
dspcbsd-plus,Data_COCO/train2017/S_10433105.jpg,dspcbsd-plus,Data_COCO/train2017/S_12096545.jpg,4,0.656014,0.545728,val_test,train_val,train_val,train_val,same_split,same_split,same_split,same_split,same_split,same_split
dspcbsd-plus,Data_COCO/train2017/S_10433105.jpg,dspcbsd-plus,Data_COCO/train2017/S_12096546.jpg,4,0.649546,0.585435,same_split,same_split,train_val,train_val,same_split,same_split,same_split,same_split,same_split,same_split
dspcbsd-plus,Data_COCO/train2017/S_10433105.jpg,dspcbsd-plus,Data_COCO/train2017/S_12222008.jpg,4,0.751948,0.632152,train_val,train_test,train_val,train_val,same_split,same_split,same_split,same_split,train_val,same_split
dspcbsd-plus,Data_COCO/train2017/S_10433105.jpg,dspcbsd-plus,Data_COCO/train2017/Y_000422.jpg,0,0.75804,0.695726,same_split,same_split,train_val,train_val,same_split,same_split,same_split,same_split,same_split,same_split
dspcbsd-plus,Data_COCO/train2017/S_10433105.jpg,dspcbsd-plus,Data_COCO/train2017/Y_000463.jpg,4,0.566842,0.402598,same_split,same_split,same_split,same_split,same_split,same_split,same_split,same_split,same_split,same_split
dspcbsd-plus,Data_COCO/train2017/S_10433105.jpg,dspcbsd-plus,Data_COCO/train2017/Y_000578.jpg,2,0.728294,0.51055,train_val,same_split,train_val,train_val,same_split,same_split,same_split,same_split,same_split,same_split
dspcbsd-plus,Data_COCO/train2017/S_10433105.jpg,dspcbsd-plus,Data_COCO/val2017/0223131.jpg,4,0.793841,0.584692,train_val,same_split,train_val,train_val,same_split,same_split,same_split,same_split,same_split,same_split
dspcbsd-plus,Data_COCO/train2017/S_10433105.jpg,dspcbsd-plus,Data_COCO/val2017/0375520.jpg,0,0.748328,0.661315,train_val,same_split,train_val,train_val,same_split,same_split,same_split,same_split,same_split,same_split
dspcbsd-plus,Data_COCO/train2017/S_10433105.jpg,dspcbsd-plus,Data_COCO/val2017/0377741.jpg,2,0.760597,0.611434,train_val,same_split,train_val,not_both_assigned,same_split,same_split,same_split,same_split,same_split,same_split
dspcbsd-plus,Data_COCO/train2017/S_10433105.jpg,dspcbsd-plus,Data_COCO/val2017/0378107.jpg,4,0.764573,0.754393,train_val,same_split,val_test,val_test,same_split,same_split,same_split,same_split,same_split,same_split
dspcbsd-plus,Data_COCO/train2017/S_10433105.jpg,dspcbsd-plus,Data_COCO/val2017/S_11232688.jpg,4,0.680086,0.598829,train_val,same_split,same_split,same_split,same_split,same_split,same_split,same_split,same_split,same_split
dspcbsd-plus,Data_COCO/train2017/S_10433105.jpg,pcb-ind,YOLO/images/train/6225_t_022.jpg,0,0.511992,0.377554,train_val,same_split,train_val,train_val,train_test,train_test,same_split,same_split,train_test,train_test
dspcbsd-plus,Data_COCO/train2017/S_10433107.jpg,dspcbsd-plus,Data_COCO/train2017/S_11232689.jpg,4,0.72359,0.719131,train_val,same_split,same_split,same_split,same_split,same_split,same_split,same_split,same_split,same_split
dspcbsd-plus,Data_COCO/train2017/S_10433107.jpg,dspcbsd-plus,Data_COCO/train2017/S_11233902.jpg,4,0.741511,0.685141,train_val,same_split,train_test,train_test,same_split,same_split,same_split,same_split,same_split,same_split
dspcbsd-plus,Data_COCO/train2017/S_10433107.jpg,dspcbsd-plus,Data_COCO/train2017/S_11760571.jpg,2,0.673875,0.502595,train_val,same_split,same_split,same_split,same_split,same_split,same_split,same_split,same_split,same_split
dspcbsd-plus,Data_COCO/train2017/S_10433107.jpg,dspcbsd-plus,Data_COCO/train2017/S_11761060.jpg,4,0.720789,0.62352,val_test,same_split,same_split,same_split,same_split,same_split,train_val,train_val,same_split,train_val
dspcbsd-plus,Data_COCO/train2017/S_10433107.jpg,dspcbsd-plus,Data_COCO/train2017/S_11761067.jpg,4,0.580523,0.529648,train_val,same_split,same_split,same_split,same_split,same_split,train_val,train_val,same_split,same_split
dspcbsd-plus,Data_COCO/train2017/S_10433107.jpg,dspcbsd-plus,Data_COCO/train2017/S_12222008.jpg,2,0.763523,0.63077,train_val,train_test,same_split,same_split,same_split,same_split,same_split,same_split,train_val,same_split
dspcbsd-plus,Data_COCO/train2017/S_10433107.jpg,dspcbsd-plus,Data_COCO/train2017/Y_000422.jpg,4,0.754973,0.667899,same_split,same_split,same_split,same_split,same_split,same_split,same_split,same_split,same_split,same_split
dspcbsd-plus,Data_COCO/train2017/S_10433107.jpg,dspcbsd-plus,Data_COCO/train2017/Y_000454.jpg,4,0.785773,0.595327,train_val,same_split,same_split,same_split,same_split,same_split,same_split,same_split,same_split,same_split
dspcbsd-plus,Data_COCO/train2017/S_10433107.jpg,dspcbsd-plus,Data_COCO/train2017/Y_000463.jpg,4,0.558368,0.382717,same_split,same_split,train_val,train_val,same_split,same_split,same_split,same_split,same_split,same_split
dspcbsd-plus,Data_COCO/train2017/S_10433107.jpg,dspcbsd-plus,Data_COCO/val2017/0045409.jpg,4,0.542972,0.39507,train_val,same_split,same_split,same_split,same_split,same_split,same_split,same_split,same_split,same_split
dspcbsd-plus,Data_COCO/train2017/S_10433107.jpg,dspcbsd-plus,Data_COCO/val2017/0375520.jpg,4,0.760184,0.666506,train_val,same_split,same_split,same_split,same_split,same_split,same_split,same_split,same_split,same_split
dspcbsd-plus,Data_COCO/train2017/S_10433107.jpg,dspcbsd-plus,Data_COCO/val2017/0377741.jpg,4,0.81441,0.629625,train_val,same_split,same_split,not_both_assigned,same_split,same_split,same_split,same_split,same_split,same_split
dspcbsd-plus,Data_COCO/train2017/S_10433107.jpg,dspcbsd-plus,Data_COCO/val2017/0378107.jpg,4,0.804417,0.755087,train_val,same_split,train_test,train_test,same_split,same_split,same_split,same_split,same_split,same_split
dspcbsd-plus,Data_COCO/train2017/S_10433107.jpg,pcb-ind,YOLO/images/train/6225_t_022.jpg,4,0.487189,0.366011,train_val,same_split,same_split,same_split,train_test,train_test,same_split,same_split,train_test,train_test
dspcbsd-plus,Data_COCO/train2017/S_10477876.jpg,dspcbsd-plus,Data_COCO/train2017/S_11769582.jpg,0,0.841668,0.805125,train_test,same_split,same_split,not_both_assigned,same_split,same_split,same_split,same_split,same_split,same_split
dspcbsd-plus,Data_COCO/train2017/S_10477876.jpg,dspcbsd-plus,Data_COCO/train2017/S_11925840.jpg,2,0.886578,0.830453,train_test,same_split,train_test,not_both_assigned,same_split,same_split,same_split,same_split,same_split,same_split
dspcbsd-plus,Data_COCO/train2017/S_11006789.jpg,pcb-ind,YOLO/images/train/6600_b_014.jpg,4,0.339567,0.245483,same_split,same_split,same_split,same_split,train_test,train_test,same_split,same_split,not_both_assigned,train_test
dspcbsd-plus,Data_COCO/train2017/S_11016720.jpg,dspcbsd-plus,Data_COCO/train2017/S_11048363.jpg,0,0.746626,0.777615,train_test,same_split,train_test,train_test,same_split,same_split,same_split,same_split,same_split,same_split
dspcbsd-plus,Data_COCO/train2017/S_11016720.jpg,dspcbsd-plus,Data_COCO/train2017/S_11858342.jpg,2,0.733906,0.623612,train_test,same_split,train_test,train_test,same_split,same_split,same_split,same_split,same_split,same_split
dspcbsd-plus,Data_COCO/train2017/S_11016720.jpg,dspcbsd-plus,Data_COCO/val2017/S_11007722.jpg,2,0.781227,0.715572,train_test,same_split,train_test,train_test,same_split,same_split,same_split,same_split,same_split,same_split
dspcbsd-plus,Data_COCO/train2017/S_11016720.jpg,dspcbsd-plus,Data_COCO/val2017/S_11048241.jpg,0,0.768439,0.800171,train_test,same_split,train_test,train_test,same_split,same_split,same_split,same_split,same_split,same_split
dspcbsd-plus,Data_COCO/train2017/S_11031694.jpg,dspcbsd-plus,Data_COCO/train2017/S_11232689.jpg,2,0.701346,0.75562,same_split,train_val,train_val,train_val,same_split,same_split,same_split,same_split,same_split,same_split
dspcbsd-plus,Data_COCO/train2017/S_11031694.jpg,dspcbsd-plus,Data_COCO/train2017/S_11233313.jpg,4,0.719263,0.694445,same_split,train_val,train_val,train_val,same_split,same_split,same_split,same_split,same_split,train_val
dspcbsd-plus,Data_COCO/train2017/S_11031694.jpg,dspcbsd-plus,Data_COCO/train2017/S_11233902.jpg,2,0.73935,0.808491,same_split,train_val,val_test,val_test,same_split,same_split,same_split,same_split,same_split,same_split
dspcbsd-plus,Data_COCO/train2017/S_11031694.jpg,dspcbsd-plus,Data_COCO/train2017/S_11234489.jpg,4,0.63478,0.717149,train_test,train_val,train_val,train_val,same_split,same_split,same_split,same_split,same_split,same_split
dspcbsd-plus,Data_COCO/train2017/S_11031694.jpg,dspcbsd-plus,Data_COCO/train2017/S_11379267.jpg,4,0.642649,0.672425,same_split,train_val,same_split,same_split,same_split,same_split,same_split,same_split,same_split,same_split
dspcbsd-plus,Data_COCO/train2017/S_11031694.jpg,dspcbsd-plus,Data_COCO/train2017/S_11733699.jpg,4,0.777192,0.614516,same_split,train_val,train_val,train_val,same_split,same_split,same_split,same_split,same_split,same_split
dspcbsd-plus,Data_COCO/train2017/S_11031694.jpg,dspcbsd-plus,Data_COCO/train2017/S_11761060.jpg,2,0.804745,0.815351,train_test,train_val,train_val,train_val,same_split,same_split,train_val,train_val,same_split,train_val
dspcbsd-plus,Data_COCO/train2017/S_11031694.jpg,dspcbsd-plus,Data_COCO/train2017/S_11761067.jpg,2,0.749851,0.681603,same_split,train_val,train_val,train_val,same_split,same_split,train_val,train_val,same_split,same_split
dspcbsd-plus,Data_COCO/train2017/S_11031694.jpg,dspcbsd-plus,Data_COCO/train2017/S_12096545.jpg,4,0.650808,0.692827,train_test,same_split,train_val,train_val,same_split,same_split,same_split,same_split,same_split,same_split
dspcbsd-plus,Data_COCO/train2017/S_11031694.jpg,dspcbsd-plus,Data_COCO/train2017/S_12222008.jpg,4,0.76134,0.716643,same_split,val_test,train_val,train_val,same_split,same_split,same_split,same_split,train_val,same_split
dspcbsd-plus,Data_COCO/train2017/S_11031694.jpg,dspcbsd-plus,Data_COCO/train2017/Y_000422.jpg,2,0.71569,0.782811,train_val,train_val,train_val,train_val,same_split,same_split,same_split,same_split,same_split,same_split
dspcbsd-plus,Data_COCO/train2017/S_11031694.jpg,dspcbsd-plus,Data_COCO/train2017/Y_000578.jpg,2,0.795778,0.774909,same_split,train_val,train_val,train_val,same_split,same_split,same_split,same_split,same_split,same_split
dspcbsd-plus,Data_COCO/train2017/S_11031694.jpg,dspcbsd-plus,Data_COCO/val2017/0223131.jpg,4,0.756023,0.697231,same_split,train_val,train_val,train_val,same_split,same_split,same_split,same_split,same_split,same_split
dspcbsd-plus,Data_COCO/train2017/S_11031694.jpg,dspcbsd-plus,Data_COCO/val2017/0375520.jpg,2,0.719898,0.678888,same_split,train_val,train_val,train_val,same_split,same_split,same_split,same_split,same_split,same_split
dspcbsd-plus,Data_COCO/train2017/S_11031694.jpg,dspcbsd-plus,Data_COCO/val2017/0377741.jpg,4,0.788224,0.737525,same_split,train_val,train_val,not_both_assigned,same_split,same_split,same_split,same_split,same_split,same_split
dspcbsd-plus,Data_COCO/train2017/S_11031694.jpg,dspcbsd-plus,Data_COCO/val2017/S_11232688.jpg,4,0.755609,0.781356,same_split,train_val,same_split,same_split,same_split,same_split,same_split,same_split,same_split,same_split
dspcbsd-plus,Data_COCO/train2017/S_11031694.jpg,pcb-ind,YOLO/images/train/6225_t_022.jpg,2,0.485367,0.544116,same_split,train_val,train_val,train_val,train_test,train_test,same_split,same_split,train_test,train_test
dspcbsd-plus,Data_COCO/train2017/S_11047636.jpg,dspcbsd-plus,Data_COCO/train2017/S_11047637.jpg,0,0.84962,0.898779,same_split,train_val,not_both_assigned,same_split,same_split,same_split,same_split,same_split,same_split,same_split
dspcbsd-plus,Data_COCO/train2017/S_11047636.jpg,dspcbsd-plus,Data_COCO/train2017/S_11047671.jpg,0,0.916222,0.802252,same_split,train_val,same_split,not_both_assigned,same_split,same_split,same_split,same_split,same_split,same_split
dspcbsd-plus,Data_COCO/train2017/S_11047637.jpg,dspcbsd-plus,Data_COCO/train2017/S_11047671.jpg,0,0.829301,0.829901,same_split,same_split,not_both_assigned,not_both_assigned,same_split,same_split,same_split,same_split,same_split,same_split
dspcbsd-plus,Data_COCO/train2017/S_11048363.jpg,dspcbsd-plus,Data_COCO/train2017/S_11858342.jpg,2,0.905835,0.758161,same_split,same_split,same_split,same_split,same_split,same_split,same_split,same_split,same_split,same_split
dspcbsd-plus,Data_COCO/train2017/S_11050166.jpg,dspcbsd-plus,Data_COCO/val2017/E_003377.jpg,4,0.818603,0.76273,train_test,same_split,same_split,same_split,same_split,same_split,same_split,same_split,same_split,same_split
dspcbsd-plus,Data_COCO/train2017/S_11232689.jpg,dspcbsd-plus,Data_COCO/train2017/S_11233902.jpg,0,0.862884,0.873017,same_split,same_split,train_test,train_test,same_split,same_split,same_split,same_split,same_split,same_split
dspcbsd-plus,Data_COCO/train2017/S_11232689.jpg,dspcbsd-plus,Data_COCO/train2017/S_11234489.jpg,4,0.788318,0.697485,train_test,same_split,same_split,same_split,same_split,same_split,same_split,same_split,same_split,same_split
dspcbsd-plus,Data_COCO/train2017/S_11232689.jpg,dspcbsd-plus,Data_COCO/train2017/S_11379267.jpg,4,0.608861,0.623255,same_split,same_split,train_val,train_val,same_split,same_split,same_split,same_split,same_split,same_split
dspcbsd-plus,Data_COCO/train2017/S_11232689.jpg,dspcbsd-plus,Data_COCO/train2017/S_11733699.jpg,2,0.827693,0.67414,same_split,same_split,same_split,same_split,same_split,same_split,same_split,same_split,same_split,same_split
dspcbsd-plus,Data_COCO/train2017/S_11232689.jpg,dspcbsd-plus,Data_COCO/train2017/S_11760571.jpg,4,0.642991,0.520768,same_split,same_split,same_split,same_split,same_split,same_split,same_split,same_split,same_split,same_split
dspcbsd-plus,Data_COCO/train2017/S_11232689.jpg,dspcbsd-plus,Data_COCO/train2017/S_11761060.jpg,0,0.834052,0.770405,train_test,same_split,same_split,same_split,same_split,same_split,train_val,train_val,same_split,train_val
dspcbsd-plus,Data_COCO/train2017/S_11232689.jpg,dspcbsd-plus,Data_COCO/train2017/S_11761067.jpg,0,0.58678,0.606709,same_split,same_split,same_split,same_split,same_split,same_split,train_val,train_val,same_split,same_split
dspcbsd-plus,Data_COCO/train2017/S_11232689.jpg,dspcbsd-plus,Data_COCO/train2017/S_12096545.jpg,4,0.730175,0.673102,train_test,train_val,same_split,same_split,same_split,same_split,same_split,same_split,same_split,same_split
dspcbsd-plus,Data_COCO/train2017/S_11232689.jpg,dspcbsd-plus,Data_COCO/train2017/S_12096546.jpg,4,0.748607,0.78374,train_val,same_split,same_split,same_split,same_split,same_split,same_split,same_split,same_split,same_split
dspcbsd-plus,Data_COCO/train2017/S_11232689.jpg,dspcbsd-plus,Data_COCO/train2017/S_12222008.jpg,4,0.713355,0.645986,same_split,train_test,same_split,same_split,same_split,same_split,same_split,same_split,train_val,same_split
dspcbsd-plus,Data_COCO/train2017/S_11232689.jpg,dspcbsd-plus,Data_COCO/train2017/Y_000422.jpg,0,0.755539,0.7376,train_val,same_split,same_split,same_split,same_split,same_split,same_split,same_split,same_split,same_split
dspcbsd-plus,Data_COCO/train2017/S_11232689.jpg,dspcbsd-plus,Data_COCO/train2017/Y_000463.jpg,4,0.494573,0.438342,train_val,same_split,train_val,train_val,same_split,same_split,same_split,same_split,same_split,same_split
dspcbsd-plus,Data_COCO/train2017/S_11232689.jpg,dspcbsd-plus,Data_COCO/train2017/Y_000578.jpg,2,0.728852,0.707785,same_split,same_split,same_split,same_split,same_split,same_split,same_split,same_split,same_split,same_split
dspcbsd-plus,Data_COCO/train2017/S_11232689.jpg,dspcbsd-plus,Data_COCO/val2017/0223131.jpg,4,0.726496,0.555808,same_split,same_split,same_split,same_split,same_split,same_split,same_split,same_split,same_split,same_split
dspcbsd-plus,Data_COCO/train2017/S_11232689.jpg,dspcbsd-plus,Data_COCO/val2017/0375520.jpg,0,0.805621,0.802257,same_split,same_split,same_split,same_split,same_split,same_split,same_split,same_split,same_split,same_split
dspcbsd-plus,Data_COCO/train2017/S_11232689.jpg,dspcbsd-plus,Data_COCO/val2017/0377741.jpg,2,0.807506,0.701753,same_split,same_split,same_split,not_both_assigned,same_split,same_split,same_split,same_split,same_split,same_split
dspcbsd-plus,Data_COCO/train2017/S_11232689.jpg,dspcbsd-plus,Data_COCO/val2017/0378107.jpg,4,0.791216,0.800706,same_split,same_split,train_test,train_test,same_split,same_split,same_split,same_split,same_split,same_split
dspcbsd-plus,Data_COCO/train2017/S_11232689.jpg,dspcbsd-plus,Data_COCO/val2017/S_11232688.jpg,4,0.789899,0.694058,same_split,same_split,train_val,train_val,same_split,same_split,same_split,same_split,same_split,same_split
dspcbsd-plus,Data_COCO/train2017/S_11232689.jpg,pcb-ind,YOLO/images/train/6225_t_022.jpg,0,0.594188,0.565812,same_split,same_split,same_split,same_split,train_test,train_test,same_split,same_split,train_test,train_test
dspcbsd-plus,Data_COCO/train2017/S_11233313.jpg,dspcbsd-plus,Data_COCO/train2017/S_12222008.jpg,4,0.514569,0.617812,same_split,train_test,same_split,same_split,same_split,same_split,same_split,same_split,train_val,train_val
dspcbsd-plus,Data_COCO/train2017/S_11233313.jpg,dspcbsd-plus,Data_COCO/train2017/Y_000454.jpg,2,0.616823,0.830101,same_split,same_split,same_split,same_split,same_split,same_split,same_split,same_split,same_split,train_val
dspcbsd-plus,Data_COCO/train2017/S_11233313.jpg,dspcbsd-plus,Data_COCO/train2017/Y_000463.jpg,4,0.546089,0.596087,train_val,same_split,train_val,train_val,same_split,same_split,same_split,same_split,same_split,train_val
dspcbsd-plus,Data_COCO/train2017/S_11233902.jpg,dspcbsd-plus,Data_COCO/train2017/S_11234489.jpg,4,0.730435,0.669396,train_test,same_split,train_test,train_test,same_split,same_split,same_split,same_split,same_split,same_split
dspcbsd-plus,Data_COCO/train2017/S_11233902.jpg,dspcbsd-plus,Data_COCO/train2017/S_11379267.jpg,4,0.570693,0.633697,same_split,same_split,val_test,val_test,same_split,same_split,same_split,same_split,same_split,same_split
dspcbsd-plus,Data_COCO/train2017/S_11233902.jpg,dspcbsd-plus,Data_COCO/train2017/S_11733699.jpg,2,0.799947,0.611511,same_split,same_split,train_test,train_test,same_split,same_split,same_split,same_split,same_split,same_split
dspcbsd-plus,Data_COCO/train2017/S_11233902.jpg,dspcbsd-plus,Data_COCO/train2017/S_11760571.jpg,4,0.709225,0.583805,same_split,same_split,train_test,train_test,same_split,same_split,same_split,same_split,same_split,same_split
dspcbsd-plus,Data_COCO/train2017/S_11233902.jpg,dspcbsd-plus,Data_COCO/train2017/S_11761060.jpg,0,0.838858,0.760952,train_test,same_split,train_test,train_test,same_split,same_split,train_val,train_val,same_split,train_val
dspcbsd-plus,Data_COCO/train2017/S_11233902.jpg,dspcbsd-plus,Data_COCO/train2017/S_11761067.jpg,0,0.694762,0.724337,same_split,same_split,train_test,train_test,same_split,same_split,train_val,train_val,same_split,same_split
dspcbsd-plus,Data_COCO/train2017/S_11233902.jpg,dspcbsd-plus,Data_COCO/train2017/S_12096545.jpg,4,0.716454,0.670738,train_test,train_val,train_test,train_test,same_split,same_split,same_split,same_split,same_split,same_split
dspcbsd-plus,Data_COCO/train2017/S_11233902.jpg,dspcbsd-plus,Data_COCO/train2017/S_12096546.jpg,4,0.805499,0.782597,train_val,same_split,train_test,train_test,same_split,same_split,same_split,same_split,same_split,same_split
dspcbsd-plus,Data_COCO/train2017/S_11233902.jpg,dspcbsd-plus,Data_COCO/train2017/S_12222008.jpg,4,0.726922,0.67665,same_split,train_test,train_test,train_test,same_split,same_split,same_split,same_split,train_val,same_split
dspcbsd-plus,Data_COCO/train2017/S_11233902.jpg,dspcbsd-plus,Data_COCO/train2017/Y_000422.jpg,0,0.695085,0.696379,train_val,same_split,train_test,train_test,same_split,same_split,same_split,same_split,same_split,same_split
dspcbsd-plus,Data_COCO/train2017/S_11233902.jpg,dspcbsd-plus,Data_COCO/train2017/Y_000463.jpg,4,0.489111,0.488477,train_val,same_split,val_test,val_test,same_split,same_split,same_split,same_split,same_split,same_split
dspcbsd-plus,Data_COCO/train2017/S_11233902.jpg,dspcbsd-plus,Data_COCO/train2017/Y_000578.jpg,2,0.744262,0.74849,same_split,same_split,train_test,train_test,same_split,same_split,same_split,same_split,same_split,same_split
dspcbsd-plus,Data_COCO/train2017/S_11233902.jpg,dspcbsd-plus,Data_COCO/val2017/0223131.jpg,4,0.763918,0.609712,same_split,same_split,train_test,train_test,same_split,same_split,same_split,same_split,same_split,same_split
dspcbsd-plus,Data_COCO/train2017/S_11233902.jpg,dspcbsd-plus,Data_COCO/val2017/0375520.jpg,0,0.858509,0.810125,same_split,same_split,train_test,train_test,same_split,same_split,same_split,same_split,same_split,same_split
dspcbsd-plus,Data_COCO/train2017/S_11233902.jpg,dspcbsd-plus,Data_COCO/val2017/0378107.jpg,4,0.886896,0.861387,same_split,same_split,same_split,same_split,same_split,same_split,same_split,same_split,same_split,same_split
dspcbsd-plus,Data_COCO/train2017/S_11233902.jpg,dspcbsd-plus,Data_COCO/val2017/S_11232688.jpg,4,0.826879,0.70471,same_split,same_split,val_test,val_test,same_split,same_split,same_split,same_split,same_split,same_split
dspcbsd-plus,Data_COCO/train2017/S_11233902.jpg,pcb-ind,YOLO/images/train/6225_t_022.jpg,0,0.537733,0.53864,same_split,same_split,train_test,train_test,train_test,train_test,same_split,same_split,train_test,train_test
dspcbsd-plus,Data_COCO/train2017/S_11234489.jpg,dspcbsd-plus,Data_COCO/train2017/S_11379267.jpg,2,0.760761,0.73636,train_test,same_split,train_val,train_val,same_split,same_split,same_split,same_split,same_split,same_split
dspcbsd-plus,Data_COCO/train2017/S_11234489.jpg,dspcbsd-plus,Data_COCO/train2017/S_11761060.jpg,4,0.806659,0.765204,same_split,same_split,same_split,same_split,same_split,same_split,train_val,train_val,same_split,train_val
dspcbsd-plus,Data_COCO/train2017/S_11234489.jpg,dspcbsd-plus,Data_COCO/train2017/S_11761067.jpg,4,0.538937,0.559468,train_test,same_split,same_split,same_split,same_split,same_split,train_val,train_val,same_split,same_split
dspcbsd-plus,Data_COCO/train2017/S_11234489.jpg,dspcbsd-plus,Data_COCO/train2017/S_12222008.jpg,4,0.727478,0.603606,train_test,train_test,same_split,same_split,same_split,same_split,same_split,same_split,train_val,same_split
dspcbsd-plus,Data_COCO/train2017/S_11234489.jpg,dspcbsd-plus,Data_COCO/train2017/Y_000422.jpg,4,0.829877,0.779135,val_test,same_split,same_split,same_split,same_split,same_split,same_split,same_split,same_split,same_split
dspcbsd-plus,Data_COCO/train2017/S_11234489.jpg,dspcbsd-plus,Data_COCO/val2017/0375520.jpg,4,0.686576,0.640729,train_test,same_split,same_split,same_split,same_split,same_split,same_split,same_split,same_split,same_split
dspcbsd-plus,Data_COCO/train2017/S_11234489.jpg,pcb-ind,YOLO/images/train/6225_t_022.jpg,4,0.578293,0.494922,train_test,same_split,same_split,same_split,train_test,train_test,same_split,same_split,train_test,train_test
dspcbsd-plus,Data_COCO/train2017/S_11236249.jpg,pcb-ind,YOLO/images/train/8897_t_005.jpg,4,0.452579,0.270715,same_split,same_split,same_split,same_split,train_test,train_test,train_val,train_val,val_test,train_test
dspcbsd-plus,Data_COCO/train2017/S_11350298.jpg,dspcbsd-plus,Data_COCO/train2017/S_12186600.jpg,4,0.707609,0.648293,train_val,train_val,same_split,same_split,same_split,same_split,same_split,same_split,train_val,train_val
dspcbsd-plus,Data_COCO/train2017/S_11372631.jpg,pcb-ind,YOLO/images/test/6216_t_014.jpg,2,0.543093,0.422996,same_split,same_split,same_split,same_split,train_test,train_test,same_split,same_split,train_test,train_test
dspcbsd-plus,Data_COCO/train2017/S_11372631.jpg,pcb-ind,YOLO/images/train/6117_b_003.jpg,4,0.5275,0.323122,same_split,same_split,train_val,train_val,train_test,train_test,same_split,same_split,train_test,train_test
dspcbsd-plus,Data_COCO/train2017/S_11372631.jpg,pcb-ind,YOLO/images/train/6153_b_005.jpg,0,0.627193,0.527405,train_val,train_val,same_split,same_split,train_test,train_test,same_split,same_split,train_test,train_test
dspcbsd-plus,Data_COCO/train2017/S_11379267.jpg,dspcbsd-plus,Data_COCO/train2017/S_11761060.jpg,4,0.662952,0.683474,train_test,same_split,train_val,train_val,same_split,same_split,train_val,train_val,same_split,train_val
dspcbsd-plus,Data_COCO/train2017/S_11379267.jpg,dspcbsd-plus,Data_COCO/train2017/S_11761067.jpg,4,0.552086,0.522643,same_split,same_split,train_val,train_val,same_split,same_split,train_val,train_val,same_split,same_split
dspcbsd-plus,Data_COCO/train2017/S_11379267.jpg,dspcbsd-plus,Data_COCO/train2017/Y_000422.jpg,4,0.748243,0.710903,train_val,same_split,train_val,train_val,same_split,same_split,same_split,same_split,same_split,same_split
dspcbsd-plus,Data_COCO/train2017/S_11379267.jpg,dspcbsd-plus,Data_COCO/val2017/0375520.jpg,4,0.580387,0.576351,same_split,same_split,train_val,train_val,same_split,same_split,same_split,same_split,same_split,same_split
dspcbsd-plus,Data_COCO/train2017/S_11379267.jpg,dspcbsd-plus,Data_COCO/val2017/S_11005105.jpg,4,0.664445,0.598165,same_split,train_test,train_val,train_val,same_split,same_split,same_split,same_split,train_val,train_val
dspcbsd-plus,Data_COCO/train2017/S_11379267.jpg,pcb-ind,YOLO/images/train/6225_t_022.jpg,4,0.572121,0.565685,same_split,same_split,train_val,train_val,train_test,train_test,same_split,same_split,train_test,train_test
dspcbsd-plus,Data_COCO/train2017/S_11733699.jpg,dspcbsd-plus,Data_COCO/train2017/S_11760571.jpg,4,0.781408,0.626093,same_split,same_split,same_split,same_split,same_split,same_split,same_split,same_split,same_split,same_split
dspcbsd-plus,Data_COCO/train2017/S_11733699.jpg,dspcbsd-plus,Data_COCO/train2017/S_11761060.jpg,2,0.886589,0.720523,train_test,same_split,same_split,same_split,same_split,same_split,train_val,train_val,same_split,train_val
dspcbsd-plus,Data_COCO/train2017/S_11733699.jpg,dspcbsd-plus,Data_COCO/train2017/S_11761067.jpg,2,0.729317,0.621994,same_split,same_split,same_split,same_split,same_split,same_split,train_val,train_val,same_split,same_split
dspcbsd-plus,Data_COCO/train2017/S_11733699.jpg,dspcbsd-plus,Data_COCO/train2017/S_12096546.jpg,4,0.828226,0.636003,train_val,same_split,same_split,same_split,same_split,same_split,same_split,same_split,same_split,same_split
dspcbsd-plus,Data_COCO/train2017/S_11733699.jpg,dspcbsd-plus,Data_COCO/train2017/Y_000422.jpg,2,0.782047,0.676046,train_val,same_split,same_split,same_split,same_split,same_split,same_split,same_split,same_split,same_split
dspcbsd-plus,Data_COCO/train2017/S_11733699.jpg,dspcbsd-plus,Data_COCO/train2017/Y_000578.jpg,4,0.733294,0.507126,same_split,same_split,same_split,same_split,same_split,same_split,same_split,same_split,same_split,same_split
dspcbsd-plus,Data_COCO/train2017/S_11733699.jpg,dspcbsd-plus,Data_COCO/val2017/0375520.jpg,2,0.761363,0.580546,same_split,same_split,same_split,same_split,same_split,same_split,same_split,same_split,same_split,same_split
dspcbsd-plus,Data_COCO/train2017/S_11733699.jpg,dspcbsd-plus,Data_COCO/val2017/0377741.jpg,4,0.821215,0.563678,same_split,same_split,same_split,not_both_assigned,same_split,same_split,same_split,same_split,same_split,same_split
dspcbsd-plus,Data_COCO/train2017/S_11733699.jpg,pcb-ind,YOLO/images/train/6225_t_022.jpg,2,0.540616,0.408924,same_split,same_split,same_split,same_split,train_test,train_test,same_split,same_split,train_test,train_test
dspcbsd-plus,Data_COCO/train2017/S_11760216.jpg,dspcbsd-plus,Data_COCO/val2017/0107400.jpg,4,0.485329,0.412213,same_split,same_split,train_val,not_both_assigned,same_split,same_split,same_split,same_split,same_split,same_split
dspcbsd-plus,Data_COCO/train2017/S_11760216.jpg,pcb-ind,YOLO/images/train/6246_t_005.jpg,4,0.682669,0.692869,same_split,same_split,train_val,train_val,train_test,train_test,same_split,same_split,train_test,train_test
dspcbsd-plus,Data_COCO/train2017/S_11760571.jpg,dspcbsd-plus,Data_COCO/train2017/S_11761060.jpg,4,0.769657,0.665176,train_test,same_split,same_split,same_split,same_split,same_split,train_val,train_val,same_split,train_val
dspcbsd-plus,Data_COCO/train2017/S_11760571.jpg,dspcbsd-plus,Data_COCO/train2017/S_11761067.jpg,4,0.820213,0.754598,same_split,same_split,same_split,same_split,same_split,same_split,train_val,train_val,same_split,same_split
dspcbsd-plus,Data_COCO/train2017/S_11760571.jpg,dspcbsd-plus,Data_COCO/train2017/S_12096546.jpg,4,0.770401,0.566501,train_val,same_split,same_split,same_split,same_split,same_split,same_split,same_split,same_split,same_split
dspcbsd-plus,Data_COCO/train2017/S_11760571.jpg,dspcbsd-plus,Data_COCO/train2017/S_12222008.jpg,2,0.735888,0.710235,same_split,train_test,same_split,same_split,same_split,same_split,same_split,same_split,train_val,same_split
dspcbsd-plus,Data_COCO/train2017/S_11760571.jpg,dspcbsd-plus,Data_COCO/train2017/Y_000422.jpg,4,0.633326,0.560281,train_val,same_split,same_split,same_split,same_split,same_split,same_split,same_split,same_split,same_split
dspcbsd-plus,Data_COCO/train2017/S_11760571.jpg,dspcbsd-plus,Data_COCO/train2017/Y_000463.jpg,4,0.681519,0.595825,train_val,same_split,train_val,train_val,same_split,same_split,same_split,same_split,same_split,same_split
dspcbsd-plus,Data_COCO/train2017/S_11760571.jpg,dspcbsd-plus,Data_COCO/val2017/0045409.jpg,4,0.49778,0.529113,same_split,same_split,same_split,same_split,same_split,same_split,same_split,same_split,same_split,same_split
dspcbsd-plus,Data_COCO/train2017/S_11760571.jpg,dspcbsd-plus,Data_COCO/val2017/0375520.jpg,4,0.626229,0.597403,same_split,same_split,same_split,same_split,same_split,same_split,same_split,same_split,same_split,same_split
dspcbsd-plus,Data_COCO/train2017/S_11760571.jpg,dspcbsd-plus,Data_COCO/val2017/0377741.jpg,4,0.776418,0.676661,same_split,same_split,same_split,not_both_assigned,same_split,same_split,same_split,same_split,same_split,same_split
dspcbsd-plus,Data_COCO/train2017/S_11760571.jpg,pcb-ind,YOLO/images/train/6225_t_022.jpg,4,0.455055,0.322816,same_split,same_split,same_split,same_split,train_test,train_test,same_split,same_split,train_test,train_test
dspcbsd-plus,Data_COCO/train2017/S_11761060.jpg,dspcbsd-plus,Data_COCO/train2017/S_11761067.jpg,0,0.721427,0.729602,train_test,same_split,same_split,same_split,same_split,same_split,same_split,same_split,same_split,train_val
dspcbsd-plus,Data_COCO/train2017/S_11761060.jpg,dspcbsd-plus,Data_COCO/train2017/S_12096545.jpg,4,0.818259,0.80206,same_split,train_val,same_split,same_split,same_split,same_split,train_val,train_val,same_split,train_val
dspcbsd-plus,Data_COCO/train2017/S_11761060.jpg,dspcbsd-plus,Data_COCO/train2017/S_12096546.jpg,4,0.856024,0.757722,val_test,same_split,same_split,same_split,same_split,same_split,train_val,train_val,same_split,train_val
dspcbsd-plus,Data_COCO/train2017/S_11761060.jpg,dspcbsd-plus,Data_COCO/train2017/S_12222008.jpg,4,0.776071,0.710347,train_test,train_test,same_split,same_split,same_split,same_split,train_val,train_val,train_val,train_val
dspcbsd-plus,Data_COCO/train2017/S_11761060.jpg,dspcbsd-plus,Data_COCO/train2017/Y_000422.jpg,0,0.757125,0.764354,val_test,same_split,same_split,same_split,same_split,same_split,train_val,train_val,same_split,train_val
dspcbsd-plus,Data_COCO/train2017/S_11761060.jpg,dspcbsd-plus,Data_COCO/train2017/Y_000463.jpg,4,0.550747,0.571698,val_test,same_split,train_val,train_val,same_split,same_split,train_val,train_val,same_split,train_val
dspcbsd-plus,Data_COCO/train2017/S_11761060.jpg,dspcbsd-plus,Data_COCO/train2017/Y_000578.jpg,2,0.748006,0.692121,train_test,same_split,same_split,same_split,same_split,same_split,train_val,train_val,same_split,train_val
dspcbsd-plus,Data_COCO/train2017/S_11761060.jpg,dspcbsd-plus,Data_COCO/val2017/0223131.jpg,4,0.826173,0.761364,train_test,same_split,same_split,same_split,same_split,same_split,train_val,train_val,same_split,train_val
dspcbsd-plus,Data_COCO/train2017/S_11761060.jpg,dspcbsd-plus,Data_COCO/val2017/0375520.jpg,0,0.78483,0.79378,train_test,same_split,same_split,same_split,same_split,same_split,train_val,train_val,same_split,train_val
dspcbsd-plus,Data_COCO/train2017/S_11761060.jpg,dspcbsd-plus,Data_COCO/val2017/0377741.jpg,2,0.850276,0.782037,train_test,same_split,same_split,not_both_assigned,same_split,same_split,train_val,train_val,same_split,train_val
dspcbsd-plus,Data_COCO/train2017/S_11761060.jpg,dspcbsd-plus,Data_COCO/val2017/0378107.jpg,4,0.823361,0.760475,train_test,same_split,train_test,train_test,same_split,same_split,train_val,train_val,same_split,train_val
dspcbsd-plus,Data_COCO/train2017/S_11761060.jpg,dspcbsd-plus,Data_COCO/val2017/S_11232688.jpg,4,0.888367,0.837391,train_test,same_split,train_val,train_val,same_split,same_split,train_val,train_val,same_split,train_val
dspcbsd-plus,Data_COCO/train2017/S_11761060.jpg,pcb-ind,YOLO/images/train/6225_t_022.jpg,0,0.508968,0.556395,train_test,same_split,same_split,same_split,train_test,train_test,train_val,train_val,train_test,val_test
dspcbsd-plus,Data_COCO/train2017/S_11761067.jpg,dspcbsd-plus,Data_COCO/train2017/S_12096545.jpg,4,0.636333,0.630046,train_test,train_val,same_split,same_split,same_split,same_split,train_val,train_val,same_split,same_split
dspcbsd-plus,Data_COCO/train2017/S_11761067.jpg,dspcbsd-plus,Data_COCO/train2017/S_12096546.jpg,4,0.829775,0.614345,train_val,same_split,same_split,same_split,same_split,same_split,train_val,train_val,same_split,same_split
dspcbsd-plus,Data_COCO/train2017/S_11761067.jpg,dspcbsd-plus,Data_COCO/train2017/S_12222008.jpg,4,0.570523,0.766664,same_split,train_test,same_split,same_split,same_split,same_split,train_val,train_val,train_val,same_split
dspcbsd-plus,Data_COCO/train2017/S_11761067.jpg,dspcbsd-plus,Data_COCO/train2017/Y_000422.jpg,0,0.552353,0.540776,train_val,same_split,same_split,same_split,same_split,same_split,train_val,train_val,same_split,same_split
dspcbsd-plus,Data_COCO/train2017/S_11761067.jpg,dspcbsd-plus,Data_COCO/train2017/Y_000463.jpg,4,0.596624,0.504755,train_val,same_split,train_val,train_val,same_split,same_split,train_val,train_val,same_split,same_split
dspcbsd-plus,Data_COCO/train2017/S_11761067.jpg,dspcbsd-plus,Data_COCO/train2017/Y_000578.jpg,2,0.635109,0.550017,same_split,same_split,same_split,same_split,same_split,same_split,train_val,train_val,same_split,same_split
dspcbsd-plus,Data_COCO/train2017/S_11761067.jpg,dspcbsd-plus,Data_COCO/val2017/0223131.jpg,4,0.681326,0.729096,same_split,same_split,same_split,same_split,same_split,same_split,train_val,train_val,same_split,same_split
dspcbsd-plus,Data_COCO/train2017/S_11761067.jpg,dspcbsd-plus,Data_COCO/val2017/0375520.jpg,0,0.643867,0.73495,same_split,same_split,same_split,same_split,same_split,same_split,train_val,train_val,same_split,same_split
dspcbsd-plus,Data_COCO/train2017/S_11761067.jpg,dspcbsd-plus,Data_COCO/val2017/0377741.jpg,2,0.767948,0.845196,same_split,same_split,same_split,not_both_assigned,same_split,same_split,train_val,train_val,same_split,same_split
dspcbsd-plus,Data_COCO/train2017/S_11761067.jpg,dspcbsd-plus,Data_COCO/val2017/0378107.jpg,4,0.772949,0.765786,same_split,same_split,train_test,train_test,same_split,same_split,train_val,train_val,same_split,same_split
dspcbsd-plus,Data_COCO/train2017/S_11761067.jpg,dspcbsd-plus,Data_COCO/val2017/S_11232688.jpg,4,0.711628,0.73423,same_split,same_split,train_val,train_val,same_split,same_split,train_val,train_val,same_split,same_split
dspcbsd-plus,Data_COCO/train2017/S_11761067.jpg,pcb-ind,YOLO/images/train/6225_t_022.jpg,0,0.487109,0.337021,same_split,same_split,same_split,same_split,train_test,train_test,train_val,train_val,train_test,train_test
dspcbsd-plus,Data_COCO/train2017/S_11765272.jpg,pcb-ind,YOLO/images/test/6333_t_002.jpg,2,0.705401,0.698452,same_split,same_split,not_both_assigned,same_split,train_test,train_test,same_split,same_split,train_test,train_test
dspcbsd-plus,Data_COCO/train2017/S_11765272.jpg,pcb-ind,YOLO/images/train/6336_b_013.jpg,4,0.656315,0.620682,same_split,same_split,not_both_assigned,same_split,train_test,train_test,same_split,same_split,train_test,train_test
dspcbsd-plus,Data_COCO/train2017/S_11765272.jpg,pcb-ind,YOLO/images/train/6417_t_006.jpg,2,0.667559,0.688315,train_val,same_split,not_both_assigned,same_split,train_test,train_test,same_split,same_split,train_test,train_test
dspcbsd-plus,Data_COCO/train2017/S_11765272.jpg,pcb-ind,YOLO/images/train/6461_t_007.jpg,4,0.771986,0.686742,train_val,same_split,not_both_assigned,same_split,train_test,train_test,same_split,same_split,train_test,train_test
dspcbsd-plus,Data_COCO/train2017/S_11765272.jpg,pcb-ind,YOLO/images/train/6588_t_001.jpg,4,0.646993,0.65754,train_val,train_val,not_both_assigned,train_val,train_test,val_test,same_split,same_split,train_test,train_test
dspcbsd-plus,Data_COCO/train2017/S_11765272.jpg,pcb-ind,YOLO/images/val/5913_b_032.jpg,4,0.609951,0.551547,val_test,train_test,not_both_assigned,train_test,train_test,train_test,train_val,train_val,train_test,train_test
dspcbsd-plus,Data_COCO/train2017/S_11769582.jpg,dspcbsd-plus,Data_COCO/train2017/S_11925840.jpg,2,0.853509,0.75214,same_split,same_split,train_test,not_both_assigned,same_split,same_split,same_split,same_split,same_split,same_split
dspcbsd-plus,Data_COCO/train2017/S_11858342.jpg,dspcbsd-plus,Data_COCO/val2017/S_11048241.jpg,2,0.866727,0.736769,same_split,same_split,same_split,same_split,same_split,same_split,same_split,same_split,same_split,same_split
dspcbsd-plus,Data_COCO/train2017/S_12084169.jpg,dspcbsd-plus,Data_COCO/train2017/S_12220820.jpg,0,0.827455,0.823857,val_test,same_split,same_split,same_split,same_split,same_split,same_split,same_split,same_split,train_val
dspcbsd-plus,Data_COCO/train2017/S_12084169.jpg,dspcbsd-plus,Data_COCO/val2017/S_12160337.jpg,4,0.899109,0.921654,train_test,same_split,same_split,same_split,same_split,same_split,train_val,train_val,train_val,same_split
dspcbsd-plus,Data_COCO/train2017/S_12096545.jpg,dspcbsd-plus,Data_COCO/train2017/Y_000422.jpg,4,0.765839,0.709463,val_test,train_val,same_split,same_split,same_split,same_split,same_split,same_split,same_split,same_split
dspcbsd-plus,Data_COCO/train2017/S_12096545.jpg,dspcbsd-plus,Data_COCO/train2017/Y_000578.jpg,4,0.669142,0.670896,train_test,train_val,same_split,same_split,same_split,same_split,same_split,same_split,same_split,same_split
dspcbsd-plus,Data_COCO/train2017/S_12096545.jpg,dspcbsd-plus,Data_COCO/val2017/0375520.jpg,4,0.655538,0.660702,train_test,train_val,same_split,same_split,same_split,same_split,same_split,same_split,same_split,same_split
dspcbsd-plus,Data_COCO/train2017/S_12096545.jpg,dspcbsd-plus,Data_COCO/val2017/0378107.jpg,4,0.693011,0.635797,train_test,train_val,train_test,train_test,same_split,same_split,same_split,same_split,same_split,same_split
dspcbsd-plus,Data_COCO/train2017/S_12096545.jpg,dspcbsd-plus,Data_COCO/val2017/S_11232688.jpg,4,0.794078,0.737458,train_test,train_val,train_val,train_val,same_split,same_split,same_split,same_split,same_split,same_split
dspcbsd-plus,Data_COCO/train2017/S_12096545.jpg,pcb-ind,YOLO/images/train/6225_t_022.jpg,4,0.591272,0.590069,train_test,train_val,same_split,same_split,train_test,train_test,same_split,same_split,train_test,train_test
dspcbsd-plus,Data_COCO/train2017/S_12096546.jpg,dspcbsd-plus,Data_COCO/train2017/Y_000422.jpg,4,0.718278,0.752465,same_split,same_split,same_split,same_split,same_split,same_split,same_split,same_split,same_split,same_split
dspcbsd-plus,Data_COCO/train2017/S_12096546.jpg,dspcbsd-plus,Data_COCO/train2017/Y_000463.jpg,4,0.622692,0.579252,same_split,same_split,train_val,train_val,same_split,same_split,same_split,same_split,same_split,same_split
dspcbsd-plus,Data_COCO/train2017/S_12096546.jpg,dspcbsd-plus,Data_COCO/train2017/Y_000578.jpg,4,0.750997,0.813022,train_val,same_split,same_split,same_split,same_split,same_split,same_split,same_split,same_split,same_split
dspcbsd-plus,Data_COCO/train2017/S_12096546.jpg,dspcbsd-plus,Data_COCO/val2017/0375520.jpg,4,0.76613,0.694912,train_val,same_split,same_split,same_split,same_split,same_split,same_split,same_split,same_split,same_split
dspcbsd-plus,Data_COCO/train2017/S_12096546.jpg,pcb-ind,YOLO/images/train/6225_t_022.jpg,4,0.574949,0.634489,train_val,same_split,same_split,same_split,train_test,train_test,same_split,same_split,train_test,train_test
dspcbsd-plus,Data_COCO/train2017/S_12186600.jpg,dspcbsd-plus,Data_COCO/train2017/Y_002632.jpg,4,0.536705,0.531486,train_val,train_val,train_val,train_val,same_split,same_split,same_split,same_split,same_split,same_split
dspcbsd-plus,Data_COCO/train2017/S_12220820.jpg,dspcbsd-plus,Data_COCO/val2017/S_12160337.jpg,4,0.870203,0.861169,train_val,same_split,same_split,same_split,same_split,same_split,train_val,train_val,train_val,train_val
dspcbsd-plus,Data_COCO/train2017/S_12222008.jpg,dspcbsd-plus,Data_COCO/train2017/Y_000422.jpg,4,0.760797,0.6441,train_val,train_test,same_split,same_split,same_split,same_split,same_split,same_split,train_val,same_split
dspcbsd-plus,Data_COCO/train2017/S_12222008.jpg,dspcbsd-plus,Data_COCO/train2017/Y_000463.jpg,4,0.571615,0.451116,train_val,train_test,train_val,train_val,same_split,same_split,same_split,same_split,train_val,same_split
dspcbsd-plus,Data_COCO/train2017/S_12222008.jpg,dspcbsd-plus,Data_COCO/val2017/0375520.jpg,4,0.725044,0.718724,same_split,train_test,same_split,same_split,same_split,same_split,same_split,same_split,train_val,same_split
dspcbsd-plus,Data_COCO/train2017/S_12222008.jpg,dspcbsd-plus,Data_COCO/val2017/0377741.jpg,4,0.782013,0.799295,same_split,train_test,same_split,not_both_assigned,same_split,same_split,same_split,same_split,train_val,same_split
dspcbsd-plus,Data_COCO/train2017/S_12222008.jpg,pcb-ind,YOLO/images/train/6225_t_022.jpg,4,0.406508,0.309598,same_split,train_test,same_split,same_split,train_test,train_test,same_split,same_split,val_test,train_test
dspcbsd-plus,Data_COCO/train2017/Y_000422.jpg,dspcbsd-plus,Data_COCO/train2017/Y_000463.jpg,4,0.683345,0.634898,same_split,same_split,train_val,train_val,same_split,same_split,same_split,same_split,same_split,same_split
dspcbsd-plus,Data_COCO/train2017/Y_000422.jpg,dspcbsd-plus,Data_COCO/train2017/Y_000578.jpg,2,0.813153,0.75771,train_val,same_split,same_split,same_split,same_split,same_split,same_split,same_split,same_split,same_split
dspcbsd-plus,Data_COCO/train2017/Y_000422.jpg,dspcbsd-plus,Data_COCO/val2017/0223131.jpg,4,0.763077,0.65368,train_val,same_split,same_split,same_split,same_split,same_split,same_split,same_split,same_split,same_split
dspcbsd-plus,Data_COCO/train2017/Y_000422.jpg,dspcbsd-plus,Data_COCO/val2017/0375520.jpg,0,0.713194,0.635226,train_val,same_split,same_split,same_split,same_split,same_split,same_split,same_split,same_split,same_split
dspcbsd-plus,Data_COCO/train2017/Y_000422.jpg,dspcbsd-plus,Data_COCO/val2017/0377741.jpg,2,0.718272,0.617466,train_val,same_split,same_split,not_both_assigned,same_split,same_split,same_split,same_split,same_split,same_split
dspcbsd-plus,Data_COCO/train2017/Y_000422.jpg,dspcbsd-plus,Data_COCO/val2017/0378107.jpg,4,0.729502,0.719915,train_val,same_split,train_test,train_test,same_split,same_split,same_split,same_split,same_split,same_split
dspcbsd-plus,Data_COCO/train2017/Y_000422.jpg,dspcbsd-plus,Data_COCO/val2017/S_11232688.jpg,4,0.742168,0.724635,train_val,same_split,train_val,train_val,same_split,same_split,same_split,same_split,same_split,same_split
dspcbsd-plus,Data_COCO/train2017/Y_000422.jpg,pcb-ind,YOLO/images/train/6225_t_022.jpg,0,0.594757,0.561155,train_val,same_split,same_split,same_split,train_test,train_test,same_split,same_split,train_test,train_test
dspcbsd-plus,Data_COCO/train2017/Y_000454.jpg,dspcbsd-plus,Data_COCO/train2017/Y_000463.jpg,4,0.706392,0.637336,train_val,same_split,train_val,train_val,same_split,same_split,same_split,same_split,same_split,same_split
dspcbsd-plus,Data_COCO/train2017/Y_000463.jpg,dspcbsd-plus,Data_COCO/train2017/Y_000578.jpg,4,0.718076,0.592774,train_val,same_split,train_val,train_val,same_split,same_split,same_split,same_split,same_split,same_split
dspcbsd-plus,Data_COCO/train2017/Y_000463.jpg,dspcbsd-plus,Data_COCO/val2017/0375520.jpg,4,0.469249,0.418998,train_val,same_split,train_val,train_val,same_split,same_split,same_split,same_split,same_split,same_split
dspcbsd-plus,Data_COCO/train2017/Y_000463.jpg,dspcbsd-plus,Data_COCO/val2017/0377741.jpg,4,0.544592,0.461875,train_val,same_split,train_val,not_both_assigned,same_split,same_split,same_split,same_split,same_split,same_split
dspcbsd-plus,Data_COCO/train2017/Y_000463.jpg,pcb-ind,YOLO/images/train/6225_t_022.jpg,4,0.460519,0.403434,train_val,same_split,train_val,train_val,train_test,train_test,same_split,same_split,train_test,train_test
dspcbsd-plus,Data_COCO/train2017/Y_000578.jpg,dspcbsd-plus,Data_COCO/val2017/0223131.jpg,4,0.764006,0.544746,same_split,same_split,same_split,same_split,same_split,same_split,same_split,same_split,same_split,same_split
dspcbsd-plus,Data_COCO/train2017/Y_000578.jpg,dspcbsd-plus,Data_COCO/val2017/0375520.jpg,2,0.746914,0.612144,same_split,same_split,same_split,same_split,same_split,same_split,same_split,same_split,same_split,same_split
dspcbsd-plus,Data_COCO/train2017/Y_000578.jpg,dspcbsd-plus,Data_COCO/val2017/0377741.jpg,4,0.780507,0.607215,same_split,same_split,same_split,not_both_assigned,same_split,same_split,same_split,same_split,same_split,same_split
dspcbsd-plus,Data_COCO/train2017/Y_000578.jpg,dspcbsd-plus,Data_COCO/val2017/S_11232688.jpg,4,0.734185,0.601127,same_split,same_split,train_val,train_val,same_split,same_split,same_split,same_split,same_split,same_split
dspcbsd-plus,Data_COCO/train2017/Y_000578.jpg,dspcbsd-plus,Data_COCO/val2017/S_12074109.jpg,4,0.868522,0.786213,same_split,same_split,train_val,train_val,same_split,same_split,same_split,same_split,same_split,same_split
dspcbsd-plus,Data_COCO/train2017/Y_000578.jpg,pcb-ind,YOLO/images/train/6225_t_022.jpg,2,0.610159,0.617966,same_split,same_split,same_split,same_split,train_test,train_test,same_split,same_split,train_test,train_test
dspcbsd-plus,Data_COCO/train2017/Y_001563.jpg,pcb-ind,YOLO/images/train/5803_b_005.jpg,4,0.451617,0.398351,train_val,train_val,same_split,same_split,train_test,train_test,same_split,same_split,train_test,train_test
dspcbsd-plus,Data_COCO/val2017/0107400.jpg,dspcbsd-plus,Data_COCO/val2017/E_003666.jpg,4,0.634824,0.499936,same_split,same_split,train_val,not_both_assigned,same_split,same_split,same_split,same_split,same_split,same_split
dspcbsd-plus,Data_COCO/val2017/0223131.jpg,dspcbsd-plus,Data_COCO/val2017/0375520.jpg,4,0.750984,0.645036,same_split,same_split,same_split,same_split,same_split,same_split,same_split,same_split,same_split,same_split
dspcbsd-plus,Data_COCO/val2017/0223131.jpg,dspcbsd-plus,Data_COCO/val2017/0377741.jpg,2,0.857916,0.771636,same_split,same_split,same_split,not_both_assigned,same_split,same_split,same_split,same_split,same_split,same_split
dspcbsd-plus,Data_COCO/val2017/0223131.jpg,dspcbsd-plus,Data_COCO/val2017/S_11232690.jpg,2,0.783806,0.782909,train_val,same_split,same_split,same_split,same_split,same_split,same_split,same_split,same_split,same_split
dspcbsd-plus,Data_COCO/val2017/0223131.jpg,dspcbsd-plus,Data_COCO/val2017/S_12074109.jpg,4,0.821498,0.671834,same_split,same_split,train_val,train_val,same_split,same_split,same_split,same_split,same_split,same_split
dspcbsd-plus,Data_COCO/val2017/0223131.jpg,pcb-ind,YOLO/images/train/6225_t_022.jpg,4,0.506817,0.344268,same_split,same_split,same_split,same_split,train_test,train_test,same_split,same_split,train_test,train_test
dspcbsd-plus,Data_COCO/val2017/0375520.jpg,dspcbsd-plus,Data_COCO/val2017/0377741.jpg,2,0.903324,0.882071,same_split,same_split,same_split,not_both_assigned,same_split,same_split,same_split,same_split,same_split,same_split
dspcbsd-plus,Data_COCO/val2017/0375520.jpg,dspcbsd-plus,Data_COCO/val2017/0378107.jpg,4,0.854317,0.810657,same_split,same_split,train_test,train_test,same_split,same_split,same_split,same_split,same_split,same_split
dspcbsd-plus,Data_COCO/val2017/0375520.jpg,dspcbsd-plus,Data_COCO/val2017/S_11232688.jpg,4,0.74992,0.719577,same_split,same_split,train_val,train_val,same_split,same_split,same_split,same_split,same_split,same_split
dspcbsd-plus,Data_COCO/val2017/0375520.jpg,pcb-ind,YOLO/images/train/6225_t_022.jpg,0,0.558244,0.493238,same_split,same_split,same_split,same_split,train_test,train_test,same_split,same_split,train_test,train_test
dspcbsd-plus,Data_COCO/val2017/0377741.jpg,dspcbsd-plus,Data_COCO/val2017/S_11232690.jpg,4,0.828347,0.779487,train_val,same_split,same_split,not_both_assigned,same_split,same_split,same_split,same_split,same_split,same_split
dspcbsd-plus,Data_COCO/val2017/0377741.jpg,dspcbsd-plus,Data_COCO/val2017/S_12074109.jpg,4,0.850379,0.741,same_split,same_split,train_val,not_both_assigned,same_split,same_split,same_split,same_split,same_split,same_split
dspcbsd-plus,Data_COCO/val2017/0377741.jpg,pcb-ind,YOLO/images/train/6225_t_022.jpg,2,0.517424,0.378219,same_split,same_split,same_split,not_both_assigned,train_test,train_test,same_split,same_split,train_test,train_test
dspcbsd-plus,Data_COCO/val2017/0378107.jpg,pcb-ind,YOLO/images/train/6225_t_022.jpg,4,0.541643,0.416952,same_split,same_split,train_test,train_test,train_test,train_test,same_split,same_split,train_test,train_test
dspcbsd-plus,Data_COCO/val2017/S_10100007.jpg,pcb-ind,YOLO/images/train/6468_t_002.jpg,4,0.647068,0.664606,same_split,train_val,same_split,same_split,val_test,train_test,same_split,same_split,train_test,train_test
dspcbsd-plus,Data_COCO/val2017/S_11007722.jpg,dspcbsd-plus,Data_COCO/val2017/S_11048241.jpg,2,0.894474,0.846563,same_split,same_split,same_split,same_split,same_split,same_split,same_split,same_split,same_split,same_split
dspcbsd-plus,Data_COCO/val2017/S_11232688.jpg,pcb-ind,YOLO/images/train/6225_t_022.jpg,4,0.487868,0.38127,same_split,same_split,train_val,train_val,train_test,train_test,same_split,same_split,train_test,train_test
pcb-ind,YOLO/images/test/6216_t_014.jpg,pcb-ind,YOLO/images/train/6117_b_003.jpg,2,0.76776,0.630285,same_split,same_split,train_val,train_val,same_split,same_split,same_split,same_split,same_split,same_split
pcb-ind,YOLO/images/test/6216_t_014.jpg,pcb-ind,YOLO/images/train/6153_b_005.jpg,2,0.815047,0.716717,train_val,train_val,same_split,same_split,same_split,same_split,same_split,same_split,same_split,same_split
pcb-ind,YOLO/images/test/6330_t_003.jpg,pcb-ind,YOLO/images/test/6390_b_001.jpg,4,0.528523,0.487845,train_val,same_split,same_split,same_split,same_split,same_split,same_split,same_split,same_split,same_split
pcb-ind,YOLO/images/test/6330_t_003.jpg,pcb-ind,YOLO/images/train/6220_b_001.jpg,4,0.367992,0.352701,same_split,same_split,same_split,same_split,train_val,train_val,same_split,same_split,same_split,same_split
pcb-ind,YOLO/images/test/6330_t_003.jpg,pcb-ind,YOLO/images/train/6331_t_015.jpg,4,0.694263,0.660217,same_split,same_split,same_split,not_both_assigned,same_split,same_split,same_split,same_split,same_split,same_split
pcb-ind,YOLO/images/test/6330_t_003.jpg,pcb-ind,YOLO/images/train/6375_t_003.jpg,4,0.729632,0.646617,train_test,same_split,same_split,same_split,same_split,same_split,same_split,same_split,same_split,same_split
pcb-ind,YOLO/images/test/6333_t_002.jpg,pcb-ind,YOLO/images/train/6417_t_006.jpg,0,0.87642,0.872682,train_val,same_split,same_split,same_split,same_split,same_split,same_split,same_split,same_split,same_split
pcb-ind,YOLO/images/test/6333_t_002.jpg,pcb-ind,YOLO/images/train/6461_t_007.jpg,2,0.754328,0.747728,train_val,same_split,same_split,same_split,same_split,same_split,same_split,same_split,same_split,same_split
pcb-ind,YOLO/images/test/6333_t_002.jpg,pcb-ind,YOLO/images/train/6588_t_001.jpg,2,0.702417,0.761425,train_val,train_val,train_val,train_val,same_split,train_val,same_split,same_split,same_split,same_split
pcb-ind,YOLO/images/test/6333_t_002.jpg,pcb-ind,YOLO/images/val/5913_b_032.jpg,2,0.764764,0.715826,val_test,train_test,train_test,train_test,same_split,same_split,train_val,train_val,same_split,same_split
pcb-ind,YOLO/images/test/6333_t_002.jpg,pcb-ind,YOLO/images/val/6635_t_011.jpg,4,0.630141,0.799041,train_val,train_val,train_test,train_test,same_split,same_split,same_split,same_split,same_split,same_split
pcb-ind,YOLO/images/test/6334_t_057.jpg,pcb-ind,YOLO/images/train/6611_b_024.jpg,4,0.786592,0.785828,same_split,train_val,train_val,train_val,same_split,same_split,train_val,train_val,same_split,same_split
pcb-ind,YOLO/images/test/6390_b_001.jpg,pcb-ind,YOLO/images/train/6220_b_001.jpg,4,0.756891,0.725259,train_val,same_split,same_split,same_split,train_val,train_val,same_split,same_split,same_split,same_split
pcb-ind,YOLO/images/test/6503_t_011.jpg,pcb-ind,YOLO/images/train/6295_b_006.jpg,2,0.733279,0.703351,same_split,same_split,not_both_assigned,same_split,same_split,same_split,same_split,same_split,same_split,same_split
pcb-ind,YOLO/images/test/6503_t_011.jpg,pcb-ind,YOLO/images/train/6482_t_005.jpg,2,0.906072,0.832092,same_split,same_split,not_both_assigned,same_split,same_split,same_split,same_split,same_split,same_split,same_split
pcb-ind,YOLO/images/test/6503_t_011.jpg,pcb-ind,YOLO/images/train/6639_t_010.jpg,2,0.798094,0.754269,train_val,same_split,not_both_assigned,same_split,train_val,train_val,same_split,same_split,same_split,same_split
pcb-ind,YOLO/images/test/6590_t_001.jpg,pcb-ind,YOLO/images/train/6091_t_001.jpg,4,0.809383,0.826437,same_split,same_split,train_val,train_val,same_split,same_split,same_split,same_split,same_split,same_split
pcb-ind,YOLO/images/test/6590_t_001.jpg,pcb-ind,YOLO/images/train/6353_t_009.jpg,4,0.878968,0.869021,same_split,same_split,same_split,same_split,same_split,same_split,same_split,same_split,same_split,same_split
pcb-ind,YOLO/images/test/6590_t_001.jpg,pcb-ind,YOLO/images/train/6375_t_003.jpg,4,0.841518,0.804761,train_test,same_split,same_split,same_split,same_split,same_split,same_split,same_split,same_split,same_split
pcb-ind,YOLO/images/test/6590_t_001.jpg,pcb-ind,YOLO/images/train/6477_t_004.jpg,4,0.8762,0.851162,same_split,same_split,same_split,same_split,same_split,same_split,same_split,same_split,same_split,same_split
pcb-ind,YOLO/images/train/5800_b_015.jpg,pcb-ind,YOLO/images/train/5802_b_042.jpg,4,0.815039,0.720604,train_val,same_split,same_split,same_split,same_split,same_split,same_split,same_split,same_split,same_split
pcb-ind,YOLO/images/train/5800_b_015.jpg,pcb-ind,YOLO/images/train/5808_b_009.jpg,4,0.81173,0.670204,train_val,same_split,train_val,train_val,same_split,same_split,same_split,same_split,same_split,same_split
pcb-ind,YOLO/images/train/5800_b_015.jpg,pcb-ind,YOLO/images/train/5813_b_018.jpg,2,0.869972,0.757978,same_split,same_split,same_split,same_split,train_val,train_val,same_split,same_split,same_split,same_split
pcb-ind,YOLO/images/train/5800_b_029.jpg,pcb-ind,YOLO/images/train/5800_b_031.jpg,4,0.890626,0.843938,train_test,same_split,same_split,same_split,same_split,same_split,same_split,same_split,same_split,same_split
pcb-ind,YOLO/images/train/5800_b_029.jpg,pcb-ind,YOLO/images/train/5802_b_013.jpg,4,0.713694,0.675802,train_test,same_split,same_split,same_split,same_split,same_split,same_split,same_split,same_split,same_split
pcb-ind,YOLO/images/train/5800_b_029.jpg,pcb-ind,YOLO/images/train/5802_b_021.jpg,2,0.796386,0.7496,train_test,same_split,same_split,same_split,same_split,same_split,same_split,same_split,same_split,same_split
pcb-ind,YOLO/images/train/5800_b_029.jpg,pcb-ind,YOLO/images/train/5802_b_033.jpg,4,0.804053,0.640464,val_test,same_split,same_split,same_split,same_split,same_split,same_split,same_split,same_split,same_split
pcb-ind,YOLO/images/train/5800_b_029.jpg,pcb-ind,YOLO/images/train/5802_b_042.jpg,4,0.827342,0.709378,train_test,same_split,same_split,same_split,same_split,same_split,same_split,same_split,same_split,same_split
pcb-ind,YOLO/images/train/5800_b_029.jpg,pcb-ind,YOLO/images/train/5808_b_002.jpg,4,0.780353,0.71672,val_test,same_split,train_val,train_val,same_split,same_split,same_split,same_split,same_split,same_split
pcb-ind,YOLO/images/train/5800_b_029.jpg,pcb-ind,YOLO/images/train/5808_b_005.jpg,2,0.816014,0.728969,train_test,same_split,train_val,train_val,same_split,same_split,same_split,same_split,same_split,same_split
pcb-ind,YOLO/images/train/5800_b_029.jpg,pcb-ind,YOLO/images/train/5808_b_009.jpg,4,0.759934,0.672301,train_test,same_split,train_val,train_val,same_split,same_split,same_split,same_split,same_split,same_split
pcb-ind,YOLO/images/train/5800_b_029.jpg,pcb-ind,YOLO/images/train/5813_b_009.jpg,4,0.858177,0.794557,train_test,same_split,same_split,same_split,train_val,train_val,same_split,same_split,same_split,same_split
pcb-ind,YOLO/images/train/5800_b_029.jpg,pcb-ind,YOLO/images/train/5813_b_010.jpg,2,0.811706,0.77512,train_test,same_split,same_split,same_split,train_val,train_val,same_split,same_split,same_split,same_split
pcb-ind,YOLO/images/train/5800_b_029.jpg,pcb-ind,YOLO/images/train/5813_b_018.jpg,4,0.91102,0.845646,val_test,same_split,same_split,same_split,train_val,train_val,same_split,same_split,same_split,same_split
pcb-ind,YOLO/images/train/5800_b_029.jpg,pcb-ind,YOLO/images/train/5830_b_022.jpg,2,0.866924,0.790876,train_test,same_split,same_split,same_split,same_split,same_split,same_split,same_split,same_split,same_split
pcb-ind,YOLO/images/train/5800_b_031.jpg,pcb-ind,YOLO/images/train/5802_b_021.jpg,4,0.854578,0.844877,same_split,same_split,same_split,same_split,same_split,same_split,same_split,same_split,same_split,same_split
pcb-ind,YOLO/images/train/5800_b_031.jpg,pcb-ind,YOLO/images/train/5802_b_033.jpg,4,0.797105,0.721022,train_val,same_split,same_split,same_split,same_split,same_split,same_split,same_split,same_split,same_split
pcb-ind,YOLO/images/train/5800_b_031.jpg,pcb-ind,YOLO/images/train/5802_b_042.jpg,0,0.854364,0.801007,same_split,same_split,same_split,same_split,same_split,same_split,same_split,same_split,same_split,same_split
pcb-ind,YOLO/images/train/5800_b_031.jpg,pcb-ind,YOLO/images/train/5808_b_005.jpg,4,0.901179,0.833831,same_split,same_split,train_val,train_val,same_split,same_split,same_split,same_split,same_split,same_split
pcb-ind,YOLO/images/train/5800_b_031.jpg,pcb-ind,YOLO/images/train/5808_b_009.jpg,0,0.792534,0.693793,same_split,same_split,train_val,train_val,same_split,same_split,same_split,same_split,same_split,same_split
pcb-ind,YOLO/images/train/5800_b_031.jpg,pcb-ind,YOLO/images/train/5813_b_010.jpg,2,0.871252,0.850289,same_split,same_split,same_split,same_split,train_val,train_val,same_split,same_split,same_split,same_split
pcb-ind,YOLO/images/train/5800_b_031.jpg,pcb-ind,YOLO/images/train/5813_b_018.jpg,2,0.910302,0.858087,train_val,same_split,same_split,same_split,train_val,train_val,same_split,same_split,same_split,same_split
pcb-ind,YOLO/images/train/5800_b_031.jpg,pcb-ind,YOLO/images/train/5830_b_022.jpg,2,0.902901,0.91793,same_split,same_split,same_split,same_split,same_split,same_split,same_split,same_split,same_split,same_split
pcb-ind,YOLO/images/train/5802_b_013.jpg,pcb-ind,YOLO/images/train/5802_b_021.jpg,4,0.856675,0.838263,same_split,same_split,same_split,same_split,same_split,same_split,same_split,same_split,same_split,same_split
pcb-ind,YOLO/images/train/5802_b_013.jpg,pcb-ind,YOLO/images/train/5802_b_033.jpg,4,0.812165,0.804846,train_val,same_split,same_split,same_split,same_split,same_split,same_split,same_split,same_split,same_split
pcb-ind,YOLO/images/train/5802_b_013.jpg,pcb-ind,YOLO/images/train/5808_b_002.jpg,2,0.87061,0.752803,train_val,same_split,train_val,train_val,same_split,same_split,same_split,same_split,same_split,same_split
pcb-ind,YOLO/images/train/5802_b_013.jpg,pcb-ind,YOLO/images/train/5808_b_003.jpg,2,0.902472,0.841221,same_split,same_split,train_val,train_val,same_split,same_split,same_split,same_split,same_split,same_split
pcb-ind,YOLO/images/train/5802_b_013.jpg,pcb-ind,YOLO/images/train/5808_b_005.jpg,4,0.808073,0.754759,same_split,same_split,train_val,train_val,same_split,same_split,same_split,same_split,same_split,same_split
pcb-ind,YOLO/images/train/5802_b_013.jpg,pcb-ind,YOLO/images/train/5811_b_025.jpg,4,0.676022,0.738874,train_test,same_split,same_split,same_split,same_split,same_split,same_split,same_split,same_split,same_split
pcb-ind,YOLO/images/train/5802_b_013.jpg,pcb-ind,YOLO/images/train/5813_b_009.jpg,0,0.741652,0.732747,same_split,same_split,same_split,same_split,train_val,train_val,same_split,same_split,same_split,same_split
pcb-ind,YOLO/images/train/5802_b_013.jpg,pcb-ind,YOLO/images/train/5813_b_010.jpg,4,0.757146,0.756996,same_split,same_split,same_split,same_split,train_val,train_val,same_split,same_split,same_split,same_split
pcb-ind,YOLO/images/train/5802_b_013.jpg,pcb-ind,YOLO/images/train/5830_b_022.jpg,4,0.713506,0.752281,same_split,same_split,same_split,same_split,same_split,same_split,same_split,same_split,same_split,same_split
pcb-ind,YOLO/images/train/5802_b_021.jpg,pcb-ind,YOLO/images/train/5802_b_033.jpg,4,0.755449,0.758176,train_val,same_split,same_split,same_split,same_split,same_split,same_split,same_split,same_split,same_split
pcb-ind,YOLO/images/train/5802_b_021.jpg,pcb-ind,YOLO/images/train/5802_b_042.jpg,4,0.867649,0.825267,same_split,same_split,same_split,same_split,same_split,same_split,same_split,same_split,same_split,same_split
pcb-ind,YOLO/images/train/5802_b_021.jpg,pcb-ind,YOLO/images/train/5808_b_002.jpg,4,0.872571,0.745278,train_val,same_split,train_val,train_val,same_split,same_split,same_split,same_split,same_split,same_split
pcb-ind,YOLO/images/train/5802_b_021.jpg,pcb-ind,YOLO/images/train/5808_b_005.jpg,0,0.846993,0.831433,same_split,same_split,train_val,train_val,same_split,same_split,same_split,same_split,same_split,same_split
pcb-ind,YOLO/images/train/5802_b_021.jpg,pcb-ind,YOLO/images/train/5808_b_009.jpg,4,0.718894,0.612619,same_split,same_split,train_val,train_val,same_split,same_split,same_split,same_split,same_split,same_split
pcb-ind,YOLO/images/train/5802_b_021.jpg,pcb-ind,YOLO/images/train/5813_b_009.jpg,4,0.78654,0.758975,same_split,same_split,same_split,same_split,train_val,train_val,same_split,same_split,same_split,same_split
pcb-ind,YOLO/images/train/5802_b_021.jpg,pcb-ind,YOLO/images/train/5813_b_010.jpg,2,0.809086,0.799723,same_split,same_split,same_split,same_split,train_val,train_val,same_split,same_split,same_split,same_split
pcb-ind,YOLO/images/train/5802_b_021.jpg,pcb-ind,YOLO/images/train/5830_b_022.jpg,2,0.85209,0.855055,same_split,same_split,same_split,same_split,same_split,same_split,same_split,same_split,same_split,same_split
pcb-ind,YOLO/images/train/5802_b_033.jpg,pcb-ind,YOLO/images/train/5802_b_042.jpg,4,0.868759,0.874736,train_val,same_split,same_split,same_split,same_split,same_split,same_split,same_split,same_split,same_split
pcb-ind,YOLO/images/train/5802_b_033.jpg,pcb-ind,YOLO/images/train/5808_b_002.jpg,4,0.773416,0.763519,same_split,same_split,train_val,train_val,same_split,same_split,same_split,same_split,same_split,same_split
pcb-ind,YOLO/images/train/5802_b_033.jpg,pcb-ind,YOLO/images/train/5808_b_005.jpg,4,0.780325,0.73644,train_val,same_split,train_val,train_val,same_split,same_split,same_split,same_split,same_split,same_split
pcb-ind,YOLO/images/train/5802_b_033.jpg,pcb-ind,YOLO/images/train/5808_b_009.jpg,4,0.760356,0.643902,train_val,same_split,train_val,train_val,same_split,same_split,same_split,same_split,same_split,same_split
pcb-ind,YOLO/images/train/5802_b_033.jpg,pcb-ind,YOLO/images/train/5813_b_009.jpg,4,0.832244,0.721365,train_val,same_split,same_split,same_split,train_val,train_val,same_split,same_split,same_split,same_split
pcb-ind,YOLO/images/train/5802_b_033.jpg,pcb-ind,YOLO/images/train/5813_b_010.jpg,4,0.816198,0.769703,train_val,same_split,same_split,same_split,train_val,train_val,same_split,same_split,same_split,same_split
pcb-ind,YOLO/images/train/5802_b_033.jpg,pcb-ind,YOLO/images/train/5830_b_022.jpg,4,0.762389,0.68875,train_val,same_split,same_split,same_split,same_split,same_split,same_split,same_split,same_split,same_split
pcb-ind,YOLO/images/train/5802_b_042.jpg,pcb-ind,YOLO/images/train/5808_b_005.jpg,4,0.85915,0.806635,same_split,same_split,train_val,train_val,same_split,same_split,same_split,same_split,same_split,same_split
pcb-ind,YOLO/images/train/5802_b_042.jpg,pcb-ind,YOLO/images/train/5808_b_009.jpg,0,0.826142,0.715948,same_split,same_split,train_val,train_val,same_split,same_split,same_split,same_split,same_split,same_split
pcb-ind,YOLO/images/train/5802_b_042.jpg,pcb-ind,YOLO/images/train/5813_b_010.jpg,2,0.807179,0.773112,same_split,same_split,same_split,same_split,train_val,train_val,same_split,same_split,same_split,same_split
pcb-ind,YOLO/images/train/5802_b_042.jpg,pcb-ind,YOLO/images/train/5813_b_018.jpg,2,0.850685,0.776281,train_val,same_split,same_split,same_split,train_val,train_val,same_split,same_split,same_split,same_split
pcb-ind,YOLO/images/train/5802_b_042.jpg,pcb-ind,YOLO/images/train/5830_b_022.jpg,2,0.843683,0.77913,same_split,same_split,same_split,same_split,same_split,same_split,same_split,same_split,same_split,same_split
pcb-ind,YOLO/images/train/5802_t_009.jpg,pcb-ind,YOLO/images/train/5802_t_087.jpg,4,0.818898,0.776521,same_split,same_split,same_split,same_split,same_split,same_split,same_split,same_split,same_split,same_split
pcb-ind,YOLO/images/train/5802_t_009.jpg,pcb-ind,YOLO/images/train/5802_t_107.jpg,4,0.845216,0.696056,same_split,same_split,same_split,same_split,same_split,same_split,same_split,same_split,same_split,same_split
pcb-ind,YOLO/images/train/5802_t_012.jpg,pcb-ind,YOLO/images/train/5802_t_070.jpg,4,0.808895,0.727569,same_split,same_split,not_both_assigned,same_split,same_split,same_split,same_split,same_split,same_split,same_split
pcb-ind,YOLO/images/train/5802_t_012.jpg,pcb-ind,YOLO/images/train/5802_t_168.jpg,4,0.817349,0.762544,train_val,same_split,not_both_assigned,same_split,same_split,same_split,same_split,same_split,same_split,same_split
pcb-ind,YOLO/images/train/5802_t_012.jpg,pcb-ind,YOLO/images/train/5809_t_040.jpg,2,0.583043,0.60806,same_split,train_val,not_both_assigned,train_val,same_split,same_split,same_split,same_split,same_split,same_split
pcb-ind,YOLO/images/train/5802_t_057.jpg,pcb-ind,YOLO/images/train/5802_t_107.jpg,4,0.843384,0.665786,same_split,same_split,same_split,same_split,same_split,same_split,same_split,same_split,same_split,same_split
pcb-ind,YOLO/images/train/5802_t_057.jpg,pcb-ind,YOLO/images/train/5802_t_168.jpg,4,0.79849,0.557864,train_val,same_split,same_split,same_split,same_split,same_split,same_split,same_split,same_split,same_split
pcb-ind,YOLO/images/train/5802_t_057.jpg,pcb-ind,YOLO/images/train/5802_t_169.jpg,4,0.763271,0.656875,train_val,same_split,same_split,same_split,same_split,same_split,same_split,same_split,same_split,same_split
pcb-ind,YOLO/images/train/5802_t_070.jpg,pcb-ind,YOLO/images/train/5802_t_087.jpg,4,0.784754,0.83235,same_split,same_split,same_split,same_split,same_split,same_split,same_split,same_split,same_split,same_split
pcb-ind,YOLO/images/train/5802_t_070.jpg,pcb-ind,YOLO/images/train/5807_t_040.jpg,4,0.69822,0.607157,same_split,train_val,train_test,train_test,same_split,same_split,train_val,train_val,same_split,same_split
pcb-ind,YOLO/images/train/5802_t_070.jpg,pcb-ind,YOLO/images/train/5809_t_040.jpg,4,0.695933,0.814611,same_split,train_val,train_val,train_val,same_split,same_split,same_split,same_split,same_split,same_split
pcb-ind,YOLO/images/train/5802_t_070.jpg,pcb-ind,YOLO/images/train/5809_t_043.jpg,2,0.718789,0.744509,same_split,train_val,train_val,train_val,same_split,same_split,same_split,same_split,same_split,same_split
pcb-ind,YOLO/images/train/5802_t_070.jpg,pcb-ind,YOLO/images/train/5809_t_047.jpg,4,0.720123,0.65294,same_split,train_val,train_val,train_val,same_split,same_split,same_split,same_split,same_split,same_split
pcb-ind,YOLO/images/train/5802_t_087.jpg,pcb-ind,YOLO/images/train/5809_t_043.jpg,4,0.563137,0.668356,same_split,train_val,train_val,train_val,same_split,same_split,same_split,same_split,same_split,same_split
pcb-ind,YOLO/images/train/5802_t_107.jpg,pcb-ind,YOLO/images/train/5802_t_169.jpg,4,0.794816,0.758373,train_val,same_split,same_split,same_split,same_split,same_split,same_split,same_split,same_split,same_split
pcb-ind,YOLO/images/train/5802_t_168.jpg,pcb-ind,YOLO/images/train/5802_t_169.jpg,4,0.895271,0.737501,same_split,same_split,same_split,same_split,same_split,same_split,same_split,same_split,same_split,same_split
pcb-ind,YOLO/images/train/5802_t_240.jpg,pcb-ind,YOLO/images/train/5808_t_055.jpg,4,0.84793,0.804497,train_test,same_split,train_val,train_val,same_split,same_split,same_split,same_split,same_split,same_split
pcb-ind,YOLO/images/train/5802_t_268.jpg,pcb-ind,YOLO/images/train/5809_t_052.jpg,4,0.577683,0.647495,train_test,train_val,train_val,train_val,same_split,same_split,same_split,same_split,same_split,same_split
pcb-ind,YOLO/images/train/5803_t_006.jpg,pcb-ind,YOLO/images/train/5807_t_040.jpg,2,0.632861,0.596765,same_split,same_split,val_test,val_test,same_split,same_split,train_val,train_val,same_split,same_split
pcb-ind,YOLO/images/train/5803_t_006.jpg,pcb-ind,YOLO/images/train/5808_t_055.jpg,4,0.634482,0.639816,train_test,train_val,same_split,same_split,same_split,same_split,same_split,same_split,same_split,same_split
pcb-ind,YOLO/images/train/5803_t_006.jpg,pcb-ind,YOLO/images/train/5809_t_047.jpg,2,0.740572,0.59636,same_split,same_split,same_split,same_split,same_split,same_split,same_split,same_split,same_split,same_split
pcb-ind,YOLO/images/train/5803_t_006.jpg,pcb-ind,YOLO/images/train/5830_t_020.jpg,2,0.786882,0.831232,same_split,train_val,train_val,train_val,same_split,same_split,same_split,same_split,same_split,same_split
pcb-ind,YOLO/images/train/5807_t_040.jpg,pcb-ind,YOLO/images/train/5808_t_055.jpg,4,0.900771,0.888007,train_test,train_val,val_test,val_test,same_split,same_split,train_val,train_val,same_split,same_split
pcb-ind,YOLO/images/train/5807_t_040.jpg,pcb-ind,YOLO/images/train/5809_t_043.jpg,4,0.70844,0.671763,same_split,same_split,val_test,val_test,same_split,same_split,train_val,train_val,same_split,same_split
pcb-ind,YOLO/images/train/5807_t_040.jpg,pcb-ind,YOLO/images/train/5809_t_047.jpg,0,0.831507,0.822654,same_split,same_split,val_test,val_test,same_split,same_split,train_val,train_val,same_split,same_split
pcb-ind,YOLO/images/train/5807_t_040.jpg,pcb-ind,YOLO/images/train/5830_t_020.jpg,4,0.601965,0.679515,same_split,train_val,train_test,train_test,same_split,same_split,train_val,train_val,same_split,same_split
pcb-ind,YOLO/images/train/5808_b_002.jpg,pcb-ind,YOLO/images/train/5808_b_003.jpg,4,0.909889,0.84632,train_val,same_split,same_split,same_split,same_split,same_split,same_split,same_split,same_split,same_split
pcb-ind,YOLO/images/train/5808_b_002.jpg,pcb-ind,YOLO/images/train/5808_b_005.jpg,4,0.90761,0.907603,train_val,same_split,same_split,same_split,same_split,same_split,same_split,same_split,same_split,same_split
pcb-ind,YOLO/images/train/5808_b_002.jpg,pcb-ind,YOLO/images/train/5813_b_009.jpg,2,0.825877,0.741659,train_val,same_split,train_val,train_val,train_val,train_val,same_split,same_split,same_split,same_split
pcb-ind,YOLO/images/train/5808_b_002.jpg,pcb-ind,YOLO/images/train/5813_b_010.jpg,4,0.827031,0.761539,train_val,same_split,train_val,train_val,train_val,train_val,same_split,same_split,same_split,same_split
pcb-ind,YOLO/images/train/5808_b_002.jpg,pcb-ind,YOLO/images/train/5830_b_022.jpg,4,0.781416,0.729361,train_val,same_split,train_val,train_val,same_split,same_split,same_split,same_split,same_split,same_split
pcb-ind,YOLO/images/train/5808_b_003.jpg,pcb-ind,YOLO/images/train/5811_b_025.jpg,4,0.681086,0.772018,train_test,same_split,train_val,train_val,same_split,same_split,same_split,same_split,same_split,same_split
pcb-ind,YOLO/images/train/5808_b_003.jpg,pcb-ind,YOLO/images/train/5813_b_009.jpg,2,0.763129,0.75245,same_split,same_split,train_val,train_val,train_val,train_val,same_split,same_split,same_split,same_split
pcb-ind,YOLO/images/train/5808_b_005.jpg,pcb-ind,YOLO/images/train/5808_b_009.jpg,4,0.842232,0.684293,same_split,same_split,same_split,same_split,same_split,same_split,same_split,same_split,same_split,same_split
pcb-ind,YOLO/images/train/5808_b_005.jpg,pcb-ind,YOLO/images/train/5813_b_009.jpg,4,0.855126,0.774798,same_split,same_split,train_val,train_val,train_val,train_val,same_split,same_split,same_split,same_split
pcb-ind,YOLO/images/train/5808_b_005.jpg,pcb-ind,YOLO/images/train/5813_b_010.jpg,2,0.837198,0.807785,same_split,same_split,train_val,train_val,train_val,train_val,same_split,same_split,same_split,same_split
pcb-ind,YOLO/images/train/5808_b_005.jpg,pcb-ind,YOLO/images/train/5830_b_022.jpg,2,0.81406,0.794525,same_split,same_split,train_val,train_val,same_split,same_split,same_split,same_split,same_split,same_split
pcb-ind,YOLO/images/train/5808_b_009.jpg,pcb-ind,YOLO/images/train/5813_b_010.jpg,2,0.764261,0.695512,same_split,same_split,train_val,train_val,train_val,train_val,same_split,same_split,same_split,same_split
pcb-ind,YOLO/images/train/5808_b_009.jpg,pcb-ind,YOLO/images/train/5813_b_018.jpg,2,0.801896,0.754117,train_val,same_split,train_val,train_val,train_val,train_val,same_split,same_split,same_split,same_split
pcb-ind,YOLO/images/train/5808_b_009.jpg,pcb-ind,YOLO/images/train/5830_b_022.jpg,2,0.738204,0.661295,same_split,same_split,train_val,train_val,same_split,same_split,same_split,same_split,same_split,same_split
pcb-ind,YOLO/images/train/5808_t_055.jpg,pcb-ind,YOLO/images/train/5809_t_047.jpg,4,0.86554,0.861578,train_test,train_val,same_split,same_split,same_split,same_split,same_split,same_split,same_split,same_split
pcb-ind,YOLO/images/train/5808_t_055.jpg,pcb-ind,YOLO/images/train/5830_t_020.jpg,4,0.670829,0.70135,train_test,same_split,train_val,train_val,same_split,same_split,same_split,same_split,same_split,same_split
pcb-ind,YOLO/images/train/5809_t_043.jpg,pcb-ind,YOLO/images/train/5809_t_047.jpg,4,0.817273,0.60539,same_split,same_split,same_split,same_split,same_split,same_split,same_split,same_split,same_split,same_split
pcb-ind,YOLO/images/train/5809_t_047.jpg,pcb-ind,YOLO/images/train/5830_t_020.jpg,4,0.77673,0.663381,same_split,train_val,train_val,train_val,same_split,same_split,same_split,same_split,same_split,same_split
pcb-ind,YOLO/images/train/5809_t_052.jpg,pcb-ind,YOLO/images/train/5809_t_053.jpg,4,0.787542,0.659542,train_test,same_split,same_split,same_split,same_split,same_split,same_split,same_split,same_split,same_split
pcb-ind,YOLO/images/train/5811_b_025.jpg,pcb-ind,YOLO/images/train/5813_b_009.jpg,4,0.841647,0.813713,train_test,same_split,same_split,same_split,train_val,train_val,same_split,same_split,same_split,same_split
pcb-ind,YOLO/images/train/5813_b_009.jpg,pcb-ind,YOLO/images/train/5830_b_022.jpg,4,0.855489,0.841849,same_split,same_split,same_split,same_split,train_val,train_val,same_split,same_split,same_split,same_split
pcb-ind,YOLO/images/train/5813_b_010.jpg,pcb-ind,YOLO/images/train/5813_b_018.jpg,4,0.854423,0.835296,train_val,same_split,same_split,same_split,same_split,same_split,same_split,same_split,same_split,same_split
pcb-ind,YOLO/images/train/5813_b_010.jpg,pcb-ind,YOLO/images/train/5830_b_022.jpg,0,0.824819,0.847785,same_split,same_split,same_split,same_split,train_val,train_val,same_split,same_split,same_split,same_split
pcb-ind,YOLO/images/train/5813_b_018.jpg,pcb-ind,YOLO/images/train/5830_b_022.jpg,4,0.870557,0.827503,train_val,same_split,same_split,same_split,train_val,train_val,same_split,same_split,same_split,same_split
pcb-ind,YOLO/images/train/5861_t_003.jpg,pcb-ind,YOLO/images/train/6240_b_018.jpg,4,0.7277,0.637791,train_val,same_split,same_split,same_split,train_val,train_val,same_split,same_split,same_split,same_split
pcb-ind,YOLO/images/train/5979_t_005.jpg,pcb-ind,YOLO/images/train/6225_t_046.jpg,4,0.790984,0.484134,same_split,train_val,same_split,same_split,train_val,same_split,same_split,same_split,same_split,same_split
pcb-ind,YOLO/images/train/6091_t_001.jpg,pcb-ind,YOLO/images/train/6353_t_009.jpg,4,0.761703,0.778858,same_split,same_split,train_val,train_val,same_split,same_split,same_split,same_split,same_split,same_split
pcb-ind,YOLO/images/train/6091_t_001.jpg,pcb-ind,YOLO/images/train/6375_t_003.jpg,2,0.801153,0.80016,train_test,same_split,train_val,train_val,same_split,same_split,same_split,same_split,same_split,same_split
pcb-ind,YOLO/images/train/6091_t_001.jpg,pcb-ind,YOLO/images/train/6477_t_004.jpg,0,0.769801,0.783695,same_split,same_split,train_val,train_val,same_split,same_split,same_split,same_split,same_split,same_split
pcb-ind,YOLO/images/train/6091_t_001.jpg,pcb-ind,YOLO/images/train/6491_t_007.jpg,4,0.765637,0.769315,train_val,same_split,train_val,train_val,same_split,same_split,same_split,same_split,same_split,same_split
pcb-ind,YOLO/images/train/6097_t_007.jpg,pcb-ind,YOLO/images/train/6246_t_005.jpg,4,0.814705,0.605232,same_split,same_split,same_split,not_both_assigned,same_split,same_split,same_split,same_split,same_split,same_split
pcb-ind,YOLO/images/train/6117_b_003.jpg,pcb-ind,YOLO/images/train/6153_b_005.jpg,4,0.888326,0.711272,train_val,train_val,train_val,train_val,same_split,same_split,same_split,same_split,same_split,same_split
pcb-ind,YOLO/images/train/6202_b_003.jpg,pcb-ind,YOLO/images/train/6213_b_154.jpg,4,0.874167,0.804077,same_split,val_test,same_split,same_split,same_split,same_split,same_split,same_split,same_split,same_split
pcb-ind,YOLO/images/train/6209_t_002.jpg,pcb-ind,YOLO/images/train/6225_t_043.jpg,4,0.730355,0.640791,same_split,train_test,same_split,same_split,same_split,same_split,train_val,train_val,same_split,same_split
pcb-ind,YOLO/images/train/6219_t_048.jpg,pcb-ind,YOLO/images/train/6225_b_054.jpg,4,0.572771,0.539554,train_val,same_split,same_split,same_split,same_split,same_split,same_split,same_split,same_split,same_split
pcb-ind,YOLO/images/train/6219_t_048.jpg,pcb-ind,YOLO/images/train/6240_b_018.jpg,2,0.654475,0.615685,train_val,same_split,same_split,same_split,same_split,same_split,same_split,same_split,same_split,same_split
pcb-ind,YOLO/images/train/6219_t_049.jpg,pcb-ind,YOLO/images/train/6225_t_012.jpg,4,0.767014,0.674974,same_split,same_split,not_both_assigned,same_split,same_split,same_split,same_split,same_split,same_split,same_split
pcb-ind,YOLO/images/train/6219_t_049.jpg,pcb-ind,YOLO/images/train/6225_t_026.jpg,2,0.816188,0.646148,same_split,same_split,same_split,same_split,same_split,same_split,same_split,same_split,same_split,same_split
pcb-ind,YOLO/images/train/6219_t_049.jpg,pcb-ind,YOLO/images/train/6235_b_075.jpg,4,0.780538,0.670325,same_split,same_split,same_split,same_split,same_split,same_split,same_split,same_split,same_split,same_split
pcb-ind,YOLO/images/train/6219_t_049.jpg,pcb-ind,YOLO/images/train/6240_b_012.jpg,4,0.655982,0.660272,same_split,same_split,same_split,same_split,same_split,same_split,same_split,same_split,same_split,same_split
pcb-ind,YOLO/images/train/6219_t_049.jpg,pcb-ind,YOLO/images/train/6240_b_021.jpg,4,0.853955,0.749912,same_split,same_split,same_split,same_split,same_split,same_split,same_split,same_split,same_split,same_split
pcb-ind,YOLO/images/train/6219_t_076.jpg,pcb-ind,YOLO/images/train/6225_b_215.jpg,2,0.728485,0.747728,train_val,same_split,same_split,same_split,same_split,same_split,same_split,same_split,same_split,same_split
pcb-ind,YOLO/images/train/6220_b_001.jpg,pcb-ind,YOLO/images/train/6331_t_015.jpg,2,0.56724,0.603769,same_split,same_split,same_split,not_both_assigned,train_val,train_val,same_split,same_split,same_split,same_split
pcb-ind,YOLO/images/train/6225_b_020.jpg,pcb-ind,YOLO/images/train/6225_b_061.jpg,4,0.815371,0.645908,same_split,same_split,same_split,same_split,same_split,same_split,same_split,same_split,same_split,same_split
pcb-ind,YOLO/images/train/6225_b_020.jpg,pcb-ind,YOLO/images/train/6225_b_066.jpg,4,0.771759,0.794179,same_split,same_split,same_split,same_split,same_split,same_split,same_split,same_split,same_split,same_split
pcb-ind,YOLO/images/train/6225_b_020.jpg,pcb-ind,YOLO/images/train/6226_t_009.jpg,2,0.710109,0.662249,train_val,same_split,train_val,train_val,same_split,same_split,same_split,same_split,same_split,same_split
pcb-ind,YOLO/images/train/6225_b_020.jpg,pcb-ind,YOLO/images/train/6250_t_007.jpg,4,0.753237,0.638082,same_split,same_split,train_val,train_val,same_split,same_split,same_split,same_split,same_split,same_split
pcb-ind,YOLO/images/train/6225_b_054.jpg,pcb-ind,YOLO/images/train/6240_b_018.jpg,4,0.439884,0.421763,same_split,same_split,same_split,same_split,same_split,same_split,same_split,same_split,same_split,same_split
pcb-ind,YOLO/images/train/6225_b_061.jpg,pcb-ind,YOLO/images/train/6225_b_066.jpg,4,0.875773,0.702641,same_split,same_split,same_split,same_split,same_split,same_split,same_split,same_split,same_split,same_split
pcb-ind,YOLO/images/train/6225_b_061.jpg,pcb-ind,YOLO/images/train/6225_b_141.jpg,4,0.833281,0.801408,same_split,same_split,same_split,same_split,same_split,same_split,same_split,same_split,same_split,same_split
pcb-ind,YOLO/images/train/6225_b_061.jpg,pcb-ind,YOLO/images/train/6226_t_009.jpg,4,0.832703,0.748263,train_val,same_split,train_val,train_val,same_split,same_split,same_split,same_split,same_split,same_split
pcb-ind,YOLO/images/train/6225_b_061.jpg,pcb-ind,YOLO/images/train/6250_t_007.jpg,2,0.820883,0.683249,same_split,same_split,train_val,train_val,same_split,same_split,same_split,same_split,same_split,same_split
pcb-ind,YOLO/images/train/6225_b_066.jpg,pcb-ind,YOLO/images/train/6225_b_141.jpg,4,0.855404,0.735691,same_split,same_split,same_split,same_split,same_split,same_split,same_split,same_split,same_split,same_split
pcb-ind,YOLO/images/train/6225_b_066.jpg,pcb-ind,YOLO/images/train/6226_t_009.jpg,2,0.809653,0.737431,train_val,same_split,train_val,train_val,same_split,same_split,same_split,same_split,same_split,same_split
pcb-ind,YOLO/images/train/6225_b_066.jpg,pcb-ind,YOLO/images/train/6250_t_007.jpg,2,0.759459,0.691582,same_split,same_split,train_val,train_val,same_split,same_split,same_split,same_split,same_split,same_split
pcb-ind,YOLO/images/train/6225_b_069.jpg,pcb-ind,YOLO/images/train/6225_b_215.jpg,4,0.796975,0.812174,same_split,same_split,same_split,same_split,same_split,same_split,same_split,same_split,same_split,same_split
pcb-ind,YOLO/images/train/6225_b_141.jpg,pcb-ind,YOLO/images/train/6250_t_007.jpg,4,0.75682,0.645605,same_split,same_split,train_val,train_val,same_split,same_split,same_split,same_split,same_split,same_split
pcb-ind,YOLO/images/train/6226_t_009.jpg,pcb-ind,YOLO/images/train/6250_t_007.jpg,2,0.843035,0.786042,train_val,same_split,same_split,same_split,same_split,same_split,same_split,same_split,same_split,same_split
pcb-ind,YOLO/images/train/6245_b_022.jpg,pcb-ind,YOLO/images/train/6245_b_030.jpg,4,0.579082,0.40332,same_split,same_split,same_split,same_split,same_split,same_split,same_split,same_split,same_split,same_split
pcb-ind,YOLO/images/train/6295_b_006.jpg,pcb-ind,YOLO/images/train/6482_t_005.jpg,0,0.806534,0.734921,same_split,same_split,not_both_assigned,same_split,same_split,same_split,same_split,same_split,same_split,same_split
pcb-ind,YOLO/images/train/6295_b_006.jpg,pcb-ind,YOLO/images/train/6482_t_012.jpg,4,0.752815,0.664676,train_test,same_split,not_both_assigned,same_split,same_split,same_split,same_split,same_split,same_split,same_split
pcb-ind,YOLO/images/train/6295_b_006.jpg,pcb-ind,YOLO/images/train/6639_t_010.jpg,0,0.762849,0.704428,train_val,same_split,not_both_assigned,same_split,train_val,train_val,same_split,same_split,same_split,same_split
pcb-ind,YOLO/images/train/6321_b_009.jpg,pcb-ind,YOLO/images/train/6496_b_004.jpg,2,0.782026,0.830402,same_split,same_split,same_split,same_split,same_split,same_split,same_split,same_split,same_split,same_split
pcb-ind,YOLO/images/train/6353_t_009.jpg,pcb-ind,YOLO/images/train/6375_t_003.jpg,2,0.852396,0.813951,train_test,same_split,same_split,same_split,same_split,same_split,same_split,same_split,same_split,same_split
pcb-ind,YOLO/images/train/6353_t_009.jpg,pcb-ind,YOLO/images/train/6477_t_004.jpg,4,0.904552,0.86753,same_split,same_split,same_split,same_split,same_split,same_split,same_split,same_split,same_split,same_split
pcb-ind,YOLO/images/train/6375_t_003.jpg,pcb-ind,YOLO/images/train/6477_t_004.jpg,2,0.862959,0.822048,train_test,same_split,same_split,same_split,same_split,same_split,same_split,same_split,same_split,same_split
pcb-ind,YOLO/images/train/6375_t_003.jpg,pcb-ind,YOLO/images/train/6491_t_007.jpg,4,0.846758,0.750142,val_test,same_split,same_split,same_split,same_split,same_split,same_split,same_split,same_split,same_split
pcb-ind,YOLO/images/train/6417_t_006.jpg,pcb-ind,YOLO/images/train/6461_t_007.jpg,2,0.760965,0.756537,same_split,same_split,same_split,same_split,same_split,same_split,same_split,same_split,same_split,same_split
pcb-ind,YOLO/images/train/6417_t_006.jpg,pcb-ind,YOLO/images/train/6588_t_001.jpg,2,0.722585,0.79,same_split,train_val,train_val,train_val,same_split,train_val,same_split,same_split,same_split,same_split
pcb-ind,YOLO/images/train/6417_t_006.jpg,pcb-ind,YOLO/images/val/5913_b_032.jpg,2,0.701251,0.638827,train_test,train_test,train_test,train_test,same_split,same_split,train_val,train_val,same_split,same_split
pcb-ind,YOLO/images/train/6417_t_006.jpg,pcb-ind,YOLO/images/val/6635_t_011.jpg,4,0.59888,0.751693,same_split,train_val,train_test,train_test,same_split,same_split,same_split,same_split,same_split,same_split
pcb-ind,YOLO/images/train/6433_b_014.jpg,pcb-ind,YOLO/images/val/6356_b_038.jpg,4,0.623008,0.595205,same_split,same_split,not_both_assigned,same_split,same_split,same_split,same_split,same_split,same_split,same_split
pcb-ind,YOLO/images/train/6461_t_007.jpg,pcb-ind,YOLO/images/train/6588_t_001.jpg,4,0.779473,0.83262,same_split,train_val,train_val,train_val,same_split,train_val,same_split,same_split,same_split,same_split
pcb-ind,YOLO/images/train/6461_t_007.jpg,pcb-ind,YOLO/images/val/5913_b_032.jpg,2,0.674022,0.597582,train_test,train_test,train_test,train_test,same_split,same_split,train_val,train_val,same_split,same_split
pcb-ind,YOLO/images/train/6477_t_004.jpg,pcb-ind,YOLO/images/train/6491_t_007.jpg,4,0.765794,0.7222,train_val,same_split,same_split,same_split,same_split,same_split,same_split,same_split,same_split,same_split
pcb-ind,YOLO/images/train/6482_t_005.jpg,pcb-ind,YOLO/images/train/6482_t_012.jpg,4,0.885387,0.797648,train_test,same_split,same_split,same_split,same_split,same_split,same_split,same_split,same_split,same_split
pcb-ind,YOLO/images/train/6482_t_005.jpg,pcb-ind,YOLO/images/train/6639_t_010.jpg,0,0.795055,0.782058,train_val,same_split,same_split,same_split,train_val,train_val,same_split,same_split,same_split,same_split
pcb-ind,YOLO/images/train/6482_t_012.jpg,pcb-ind,YOLO/images/train/6639_t_010.jpg,4,0.760331,0.677529,val_test,same_split,same_split,same_split,train_val,train_val,same_split,same_split,same_split,same_split
pcb-ind,YOLO/images/train/6541_b_026.jpg,pcb-ind,YOLO/images/val/6368_t_002.jpg,2,0.671949,0.48854,same_split,same_split,same_split,same_split,same_split,same_split,same_split,same_split,same_split,same_split
pcb-ind,YOLO/images/train/6588_t_001.jpg,pcb-ind,YOLO/images/val/5913_b_032.jpg,4,0.686363,0.681857,train_test,val_test,val_test,val_test,same_split,train_val,train_val,train_val,same_split,same_split
