design,rep,id,role,link,source,max_sim_C0,max_sim_C1,max_sim_mates,nearest_mate,nearest_C0,nearest_C1,delta
0,small,OI_dspcbsd-plus_010f6b274095,probe,same component,dspcbsd-plus,0.886020302772522,0.8246736526489258,0.886020302772522,OI_dspcbsd-plus_bb3e349132f6,OI_dspcbsd-plus_bb3e349132f6,OI_dspcbsd-plus_e628599ebd98,0.06134665012359619
0,small,OI_dspcbsd-plus_0202145cbca3,control,,dspcbsd-plus,0.8712367415428162,0.8754913806915283,0.7589665651321411,OI_dspcbsd-plus_09cc73bb3092,OI_dspcbsd-plus_3a3a27baa37a,OI_dspcbsd-plus_6fa0188cce13,-0.004254639148712158
0,small,OI_dspcbsd-plus_041b6c881b69,control,,dspcbsd-plus,0.7869383692741394,0.7869383692741394,0.7086241841316223,OI_pcb-ind_08c520dc372f,OI_dspcbsd-plus_9a0f2749faf3,OI_dspcbsd-plus_9a0f2749faf3,0.0
0,small,OI_dspcbsd-plus_0831476765fb,probe,similar pair,dspcbsd-plus,0.9220932126045227,0.8946804404258728,0.9220932126045227,OI_dspcbsd-plus_521d384b1334,OI_dspcbsd-plus_521d384b1334,OI_dspcbsd-plus_163bef46044d,0.027412772178649902
0,small,OI_dspcbsd-plus_0940574db3dd,probe,similar pair,dspcbsd-plus,0.9210699796676636,0.8354331254959106,0.9210699796676636,OI_dspcbsd-plus_f45929834e71,OI_dspcbsd-plus_f45929834e71,OI_dspcbsd-plus_8edd98080171,0.08563685417175293
0,small,OI_dspcbsd-plus_0c683a2c5c05,probe,similar pair,dspcbsd-plus,0.93986576795578,0.8467110395431519,0.93986576795578,OI_dspcbsd-plus_f96e2797edb2,OI_dspcbsd-plus_f96e2797edb2,OI_dspcbsd-plus_5f057b5ad81e,0.09315472841262817
0,small,OI_dspcbsd-plus_0c999480c2c7,control,,dspcbsd-plus,0.7405666708946228,0.7126568555831909,0.7405666708946228,OI_pcb-ind_e6ba7f09c2ca,OI_pcb-ind_e6ba7f09c2ca,OI_dspcbsd-plus_b1e48580f669,0.027909815311431885
0,small,OI_dspcbsd-plus_0e42c0dc35e0,probe,similar pair,dspcbsd-plus,0.9188372492790222,0.8746995329856873,0.9188372492790222,OI_dspcbsd-plus_d9aa4e54ad55,OI_dspcbsd-plus_d9aa4e54ad55,OI_dspcbsd-plus_d6599e05b4ee,0.04413771629333496
0,small,OI_dspcbsd-plus_0fa778951be0,probe,similar pair,dspcbsd-plus,0.933150053024292,0.8745930194854736,0.933150053024292,OI_dspcbsd-plus_537d500613ab,OI_dspcbsd-plus_537d500613ab,OI_dspcbsd-plus_594df4a0c5fb,0.05855703353881836
0,small,OI_dspcbsd-plus_105e16a9de12,control,,dspcbsd-plus,0.7264073491096497,0.7264073491096497,0.556904137134552,OI_dspcbsd-plus_4a302792b10b,OI_dspcbsd-plus_8ba235fef3ff,OI_dspcbsd-plus_8ba235fef3ff,0.0
0,small,OI_dspcbsd-plus_12abe0924d24,probe,same component,dspcbsd-plus,0.8664830327033997,0.8697280883789062,0.8444349765777588,OI_dspcbsd-plus_ec7d48a3c36d,OI_dspcbsd-plus_4c18abb50e7e,OI_dspcbsd-plus_064612fda073,-0.003245055675506592
0,small,OI_dspcbsd-plus_12bba18b9467,probe,same component,dspcbsd-plus,0.88492751121521,0.812239408493042,0.88492751121521,OI_dspcbsd-plus_be2c9a110964,OI_dspcbsd-plus_be2c9a110964,OI_dspcbsd-plus_6255a254618e,0.07268810272216797
0,small,OI_dspcbsd-plus_133bb32c41a8,probe,similar pair,dspcbsd-plus,0.9317517280578613,0.8278191089630127,0.9317517280578613,OI_dspcbsd-plus_c481c80a1022,OI_dspcbsd-plus_c481c80a1022,OI_dspcbsd-plus_a0dc50e55166,0.10393261909484863
0,small,OI_dspcbsd-plus_134e55ae7147,control,,dspcbsd-plus,0.8465325236320496,0.8465325236320496,0.6783788204193115,OI_dspcbsd-plus_bb3e349132f6,OI_pcb-ind_39fc58be65b5,OI_pcb-ind_39fc58be65b5,0.0
0,small,OI_dspcbsd-plus_136b278bcb5c,control,,dspcbsd-plus,0.7990400791168213,0.7990400791168213,0.6690220236778259,OI_dspcbsd-plus_cdb66e719d3a,OI_dspcbsd-plus_10b1b8284817,OI_dspcbsd-plus_10b1b8284817,0.0
0,small,OI_dspcbsd-plus_18b005344990,control,,dspcbsd-plus,0.6150578856468201,0.6338484883308411,0.5710400938987732,OI_pcb-ind_bb6d5320537d,OI_pcb-ind_63ef67aafb3b,OI_pcb-ind_8ec83f63fc60,-0.018790602684020996
0,small,OI_dspcbsd-plus_1952a6dce4f4,control,,dspcbsd-plus,0.7383529543876648,0.7383529543876648,0.6098342537879944,OI_dspcbsd-plus_bbef178a1791,OI_dspcbsd-plus_b75f42a20ffa,OI_dspcbsd-plus_b75f42a20ffa,0.0
0,small,OI_dspcbsd-plus_199e6468c157,control,,dspcbsd-plus,0.828916609287262,0.828916609287262,0.7835034132003784,OI_dspcbsd-plus_2a66eea6036d,OI_dspcbsd-plus_0e01763306a3,OI_dspcbsd-plus_0e01763306a3,0.0
0,small,OI_dspcbsd-plus_1c0b4e9a83d5,control,,dspcbsd-plus,0.6679299473762512,0.6679299473762512,0.5791801810264587,OI_pcb-ind_a8bac9d87e6f,OI_dspcbsd-plus_c0603db2dbd4,OI_dspcbsd-plus_c0603db2dbd4,0.0
0,small,OI_dspcbsd-plus_1c5b754413a8,control,,dspcbsd-plus,0.8674984574317932,0.8674984574317932,0.8045397400856018,OI_dspcbsd-plus_2a66eea6036d,OI_dspcbsd-plus_f23471b1f15d,OI_dspcbsd-plus_f23471b1f15d,0.0
0,small,OI_dspcbsd-plus_20c27af56319,control,,dspcbsd-plus,0.7574531435966492,0.7574531435966492,0.6555783152580261,OI_pcb-ind_bb6d5320537d,OI_dspcbsd-plus_dd0da4765d93,OI_dspcbsd-plus_dd0da4765d93,0.0
0,small,OI_dspcbsd-plus_21bd16b51aeb,control,,dspcbsd-plus,0.7948035001754761,0.8375024199485779,0.6718451976776123,OI_dspcbsd-plus_3c005d0965b8,OI_dspcbsd-plus_e512e1ce1c84,OI_dspcbsd-plus_16742be0ba7d,-0.04269891977310181
0,small,OI_dspcbsd-plus_233e65adae65,probe,similar pair,dspcbsd-plus,0.9341139197349548,0.8802590370178223,0.9341139197349548,OI_dspcbsd-plus_0e9fe58190c2,OI_dspcbsd-plus_0e9fe58190c2,OI_dspcbsd-plus_126204af9cfb,0.05385488271713257
0,small,OI_dspcbsd-plus_25a62020f985,probe,similar pair,dspcbsd-plus,0.946723222732544,0.868851900100708,0.946723222732544,OI_dspcbsd-plus_cc18a59105fb,OI_dspcbsd-plus_cc18a59105fb,OI_dspcbsd-plus_47e856c80699,0.07787132263183594
0,small,OI_dspcbsd-plus_26de261179ff,control,,dspcbsd-plus,0.7376119494438171,0.7376119494438171,0.6121690273284912,OI_pcb-ind_6c8b72f85fa6,OI_dspcbsd-plus_b2cd41df7868,OI_dspcbsd-plus_b2cd41df7868,0.0
0,small,OI_dspcbsd-plus_26f8cde0048f,probe,similar pair,dspcbsd-plus,0.9408562183380127,0.9028562307357788,0.9408562183380127,OI_dspcbsd-plus_ca520caede4d,OI_dspcbsd-plus_ca520caede4d,OI_dspcbsd-plus_30571ea9ef42,0.03799998760223389
0,small,OI_dspcbsd-plus_2b9c0bfc94e3,control,,dspcbsd-plus,0.810287594795227,0.810287594795227,0.7776048183441162,OI_pcb-ind_652ea8fcf0a6,OI_pcb-ind_5799f9e435bd,OI_pcb-ind_5799f9e435bd,0.0
0,small,OI_dspcbsd-plus_2cbcab4d1768,control,,dspcbsd-plus,0.8190235495567322,0.8190235495567322,0.6858693957328796,OI_dspcbsd-plus_a022f21892ab,OI_dspcbsd-plus_8ba235fef3ff,OI_dspcbsd-plus_8ba235fef3ff,0.0
0,small,OI_dspcbsd-plus_2e4e018a47a0,control,,dspcbsd-plus,0.8023057579994202,0.8023057579994202,0.7900846004486084,OI_pcb-ind_08c520dc372f,OI_pcb-ind_8c89093c8fb8,OI_pcb-ind_8c89093c8fb8,0.0
0,small,OI_dspcbsd-plus_2fe6398910f3,control,,dspcbsd-plus,0.7953819036483765,0.7953819036483765,0.6736897230148315,OI_dspcbsd-plus_2b33ab99a98f,OI_dspcbsd-plus_927ee341a778,OI_dspcbsd-plus_927ee341a778,0.0
0,small,OI_dspcbsd-plus_30727ef81f96,control,,dspcbsd-plus,0.7342800498008728,0.7342800498008728,0.6658409833908081,OI_pcb-ind_b5bb34e01ca1,OI_dspcbsd-plus_df7a904514ef,OI_dspcbsd-plus_df7a904514ef,0.0
0,small,OI_dspcbsd-plus_3216484a63e0,control,,dspcbsd-plus,0.8202677965164185,0.8202677965164185,0.781010091304779,OI_dspcbsd-plus_cdb66e719d3a,OI_dspcbsd-plus_5bc38d492c6c,OI_dspcbsd-plus_5bc38d492c6c,0.0
0,small,OI_dspcbsd-plus_36a61eb52066,probe,similar pair,dspcbsd-plus,0.9861382246017456,0.8983630537986755,0.9861382246017456,OI_dspcbsd-plus_a4d97e1bb28d,OI_dspcbsd-plus_a4d97e1bb28d,OI_dspcbsd-plus_7a79f9cc946a,0.08777517080307007
0,small,OI_dspcbsd-plus_3783cb76ad9b,control,,dspcbsd-plus,0.8409977555274963,0.8409977555274963,0.7116370797157288,OI_pcb-ind_aaeb3b3a6da9,OI_dspcbsd-plus_b14aad413a6d,OI_dspcbsd-plus_b14aad413a6d,0.0
0,small,OI_dspcbsd-plus_387eb11e88bb,probe,similar pair,dspcbsd-plus,0.959170401096344,0.8918880820274353,0.959170401096344,OI_dspcbsd-plus_7ef8c1b54634,OI_dspcbsd-plus_7ef8c1b54634,OI_dspcbsd-plus_47e856c80699,0.06728231906890869
0,small,OI_dspcbsd-plus_390f3bc9b929,probe,similar pair,dspcbsd-plus,0.9282830357551575,0.8810294270515442,0.9282830357551575,OI_dspcbsd-plus_215b40390cc7,OI_dspcbsd-plus_215b40390cc7,OI_dspcbsd-plus_a56244ee6085,0.04725360870361328
0,small,OI_dspcbsd-plus_3c6f29099357,probe,similar pair,dspcbsd-plus,0.9554426670074463,0.8534063696861267,0.9554426670074463,OI_dspcbsd-plus_3ba4fc7a7afa,OI_dspcbsd-plus_3ba4fc7a7afa,OI_dspcbsd-plus_394394c602af,0.10203629732131958
0,small,OI_dspcbsd-plus_3e9cf016f5e5,probe,similar pair,dspcbsd-plus,0.9181641936302185,0.8675518035888672,0.9181641936302185,OI_dspcbsd-plus_21cd143e3fb0,OI_dspcbsd-plus_21cd143e3fb0,OI_dspcbsd-plus_a0abd672a651,0.05061239004135132
0,small,OI_dspcbsd-plus_3eb7e261673f,probe,same component,dspcbsd-plus,0.888607382774353,0.8167069554328918,0.888607382774353,OI_dspcbsd-plus_a1d9bdad5249,OI_dspcbsd-plus_a1d9bdad5249,OI_dspcbsd-plus_8edd98080171,0.07190042734146118
0,small,OI_dspcbsd-plus_40408cca793c,control,,dspcbsd-plus,0.7378580570220947,0.7378580570220947,0.5920019745826721,OI_dspcbsd-plus_dda48a6f621d,OI_dspcbsd-plus_f98511422fde,OI_dspcbsd-plus_f98511422fde,0.0
0,small,OI_dspcbsd-plus_41006b5135f0,probe,similar pair,dspcbsd-plus,0.918363094329834,0.9065979719161987,0.918363094329834,OI_dspcbsd-plus_3f24951fcfb8,OI_dspcbsd-plus_3f24951fcfb8,OI_dspcbsd-plus_966b45827d3d,0.011765122413635254
0,small,OI_dspcbsd-plus_41be72629072,control,,dspcbsd-plus,0.7977320551872253,0.7977320551872253,0.6752263903617859,OI_dspcbsd-plus_ffff273bd969,OI_dspcbsd-plus_ceddf8cb2fca,OI_dspcbsd-plus_ceddf8cb2fca,0.0
0,small,OI_dspcbsd-plus_41c26127bfbd,control,,dspcbsd-plus,0.8566505908966064,0.8207821249961853,0.8566505908966064,OI_dspcbsd-plus_a4d97e1bb28d,OI_dspcbsd-plus_a4d97e1bb28d,OI_dspcbsd-plus_7a79f9cc946a,0.03586846590042114
0,small,OI_dspcbsd-plus_42f2e2ccb3b1,probe,similar pair,dspcbsd-plus,0.9292675852775574,0.8984115123748779,0.9292675852775574,OI_dspcbsd-plus_a4d97e1bb28d,OI_dspcbsd-plus_a4d97e1bb28d,OI_dspcbsd-plus_7a79f9cc946a,0.030856072902679443
0,small,OI_dspcbsd-plus_433b88c61737,control,,dspcbsd-plus,0.8283754587173462,0.8283754587173462,0.7082788348197937,OI_dspcbsd-plus_3c005d0965b8,OI_dspcbsd-plus_6fa1628aff78,OI_dspcbsd-plus_6fa1628aff78,0.0
0,small,OI_dspcbsd-plus_473562ea17a3,probe,similar pair,dspcbsd-plus,0.9224159717559814,0.9105284214019775,0.9224159717559814,OI_dspcbsd-plus_3c4bf1daec46,OI_dspcbsd-plus_3c4bf1daec46,OI_dspcbsd-plus_8169c451bb67,0.011887550354003906
0,small,OI_dspcbsd-plus_474756b11f13,probe,similar pair,dspcbsd-plus,0.9203361868858337,0.8458216786384583,0.9203361868858337,OI_dspcbsd-plus_2b33ab99a98f,OI_dspcbsd-plus_2b33ab99a98f,OI_pcb-ind_d9f28766fa46,0.07451450824737549
0,small,OI_dspcbsd-plus_4a310831d147,probe,same component,dspcbsd-plus,0.9075427651405334,0.8355966210365295,0.9075427651405334,OI_dspcbsd-plus_98dd22b6ed69,OI_dspcbsd-plus_98dd22b6ed69,OI_dspcbsd-plus_064612fda073,0.0719461441040039
0,small,OI_dspcbsd-plus_4b319d537fc4,probe,similar pair,dspcbsd-plus,0.9267415404319763,0.8029500246047974,0.9267415404319763,OI_dspcbsd-plus_a1d9bdad5249,OI_dspcbsd-plus_a1d9bdad5249,OI_dspcbsd-plus_afb2fb9e150b,0.12379151582717896
0,small,OI_dspcbsd-plus_4bfa310b7d17,probe,similar pair,dspcbsd-plus,0.91949063539505,0.8664079308509827,0.91949063539505,OI_dspcbsd-plus_7a70f7d5f018,OI_dspcbsd-plus_7a70f7d5f018,OI_dspcbsd-plus_5ad24f764111,0.05308270454406738
0,small,OI_dspcbsd-plus_4c90c9d061aa,probe,similar pair,dspcbsd-plus,0.9524555802345276,0.716492235660553,0.9524555802345276,OI_dspcbsd-plus_001368584365,OI_dspcbsd-plus_001368584365,OI_dspcbsd-plus_9d96e6af0b38,0.2359633445739746
0,small,OI_dspcbsd-plus_4cb795ae146b,probe,similar pair,dspcbsd-plus,0.927204430103302,0.8711975812911987,0.927204430103302,OI_dspcbsd-plus_4b28fac5f3b9,OI_dspcbsd-plus_4b28fac5f3b9,OI_dspcbsd-plus_8169c451bb67,0.05600684881210327
0,small,OI_dspcbsd-plus_4d8634a1312d,control,,dspcbsd-plus,0.8579401969909668,0.8579401969909668,0.8211215138435364,OI_dspcbsd-plus_ca520caede4d,OI_pcb-ind_8c9c5f111e1b,OI_pcb-ind_8c9c5f111e1b,0.0
0,small,OI_dspcbsd-plus_4dcb879b4f26,control,,dspcbsd-plus,0.8329114317893982,0.8329114317893982,0.7478813529014587,OI_dspcbsd-plus_cdb66e719d3a,OI_pcb-ind_9dc19ec3c9dd,OI_pcb-ind_9dc19ec3c9dd,0.0
0,small,OI_dspcbsd-plus_4dccacc42091,control,,dspcbsd-plus,0.7931423187255859,0.7931423187255859,0.7155455350875854,OI_dspcbsd-plus_1ea2754aa5d4,OI_dspcbsd-plus_3cc21747fb6f,OI_dspcbsd-plus_3cc21747fb6f,0.0
0,small,OI_dspcbsd-plus_4dd4e81d080b,control,,dspcbsd-plus,0.8379998207092285,0.8379998207092285,0.7485014796257019,OI_pcb-ind_9611eb39d06f,OI_dspcbsd-plus_c2e71922ec0a,OI_dspcbsd-plus_c2e71922ec0a,0.0
0,small,OI_dspcbsd-plus_4de906b98c8f,probe,similar pair,dspcbsd-plus,0.9384190440177917,0.9124363660812378,0.9384190440177917,OI_dspcbsd-plus_7a70f7d5f018,OI_dspcbsd-plus_7a70f7d5f018,OI_dspcbsd-plus_eee67131034f,0.025982677936553955
0,small,OI_dspcbsd-plus_4fb7b7cc1c9d,control,,dspcbsd-plus,0.6342815160751343,0.6016587615013123,0.6342815160751343,OI_dspcbsd-plus_400aa198068c,OI_dspcbsd-plus_400aa198068c,OI_pcb-ind_0cabf28a57f0,0.03262275457382202
0,small,OI_dspcbsd-plus_502763ed6098,control,,dspcbsd-plus,0.6977030634880066,0.6977030634880066,0.5879234075546265,OI_dspcbsd-plus_ffff273bd969,OI_dspcbsd-plus_dd0da4765d93,OI_dspcbsd-plus_dd0da4765d93,0.0
0,small,OI_dspcbsd-plus_524e85ea6605,control,,dspcbsd-plus,0.7805240154266357,0.7805240154266357,0.6524737477302551,OI_pcb-ind_652ea8fcf0a6,OI_pcb-ind_806d0d4904c3,OI_pcb-ind_806d0d4904c3,0.0
0,small,OI_dspcbsd-plus_52e2a4e2a44e,probe,same component,dspcbsd-plus,0.9061329960823059,0.8099966049194336,0.9061329960823059,OI_dspcbsd-plus_880fd323c90d,OI_dspcbsd-plus_880fd323c90d,OI_dspcbsd-plus_5fd5dd9668d2,0.09613639116287231
0,small,OI_dspcbsd-plus_558eab0bed43,control,,dspcbsd-plus,0.8888387084007263,0.8888387084007263,0.7588749527931213,OI_dspcbsd-plus_cdb66e719d3a,OI_dspcbsd-plus_d6dda7ae40e2,OI_dspcbsd-plus_d6dda7ae40e2,0.0
0,small,OI_dspcbsd-plus_56b026c4c387,probe,similar pair,dspcbsd-plus,0.9519312381744385,0.916175365447998,0.9519312381744385,OI_dspcbsd-plus_5f8dc5a1c5e0,OI_dspcbsd-plus_5f8dc5a1c5e0,OI_dspcbsd-plus_50ebe3783733,0.03575587272644043
0,small,OI_dspcbsd-plus_57c18a7de779,probe,same component,dspcbsd-plus,0.9010351300239563,0.7760697603225708,0.9010351300239563,OI_dspcbsd-plus_a757533c00ad,OI_dspcbsd-plus_a757533c00ad,OI_dspcbsd-plus_69fc20ae93cf,0.1249653697013855
0,small,OI_dspcbsd-plus_57cb25cbc047,probe,similar pair,dspcbsd-plus,0.9261738657951355,0.8822159171104431,0.9261738657951355,OI_dspcbsd-plus_ec7d48a3c36d,OI_dspcbsd-plus_ec7d48a3c36d,OI_dspcbsd-plus_274fb5292591,0.04395794868469238
0,small,OI_dspcbsd-plus_5c0ec22eaa5d,control,,dspcbsd-plus,0.8687207102775574,0.8687207102775574,0.7613579034805298,OI_dspcbsd-plus_806a63b1980f,OI_dspcbsd-plus_ad8c23e0dc10,OI_dspcbsd-plus_ad8c23e0dc10,0.0
0,small,OI_dspcbsd-plus_5c2d117e29a2,probe,similar pair,dspcbsd-plus,0.9449113607406616,0.8548567891120911,0.9449113607406616,OI_dspcbsd-plus_1d40ee7a0925,OI_dspcbsd-plus_1d40ee7a0925,OI_dspcbsd-plus_47e856c80699,0.09005457162857056
0,small,OI_dspcbsd-plus_5c3310761413,probe,similar pair,dspcbsd-plus,0.9336336851119995,0.8766212463378906,0.9336336851119995,OI_dspcbsd-plus_bbef178a1791,OI_dspcbsd-plus_bbef178a1791,OI_pcb-ind_764a0654181a,0.05701243877410889
0,small,OI_dspcbsd-plus_5ce3e787014e,control,,dspcbsd-plus,0.858027994632721,0.858027994632721,0.6526811122894287,OI_dspcbsd-plus_bbef178a1791,OI_pcb-ind_58aff01dd78f,OI_pcb-ind_58aff01dd78f,0.0
0,small,OI_dspcbsd-plus_5d7712fc9d90,probe,similar pair,dspcbsd-plus,0.9725437760353088,0.8087521195411682,0.9725437760353088,OI_dspcbsd-plus_9e679587e516,OI_dspcbsd-plus_9e679587e516,OI_dspcbsd-plus_fea6034c929e,0.16379165649414062
0,small,OI_dspcbsd-plus_5eff0ea136b6,control,,dspcbsd-plus,0.7863339185714722,0.7863339185714722,0.7106139659881592,OI_pcb-ind_e42920c1e78c,OI_dspcbsd-plus_65b20d0de73c,OI_dspcbsd-plus_65b20d0de73c,0.0
0,small,OI_dspcbsd-plus_5f8e748f24e4,probe,same component,dspcbsd-plus,0.8806304335594177,0.7925292253494263,0.8806304335594177,OI_dspcbsd-plus_1e5c3f1a8fb5,OI_dspcbsd-plus_1e5c3f1a8fb5,OI_dspcbsd-plus_afb2fb9e150b,0.08810120820999146
0,small,OI_dspcbsd-plus_5f9832c7e958,probe,similar pair,dspcbsd-plus,0.9493728280067444,0.9051241874694824,0.9493728280067444,OI_dspcbsd-plus_1ea2754aa5d4,OI_dspcbsd-plus_1ea2754aa5d4,OI_dspcbsd-plus_13073a87789a,0.04424864053726196
0,small,OI_dspcbsd-plus_6023c615642f,control,,dspcbsd-plus,0.8594951629638672,0.8594951629638672,0.7701935172080994,OI_pcb-ind_d7371c34b1aa,OI_dspcbsd-plus_b1b8c15849db,OI_dspcbsd-plus_b1b8c15849db,0.0
0,small,OI_dspcbsd-plus_60fbebee134e,probe,similar pair,dspcbsd-plus,0.9273711442947388,0.8535985350608826,0.9273711442947388,OI_dspcbsd-plus_f4fe64ae650d,OI_dspcbsd-plus_f4fe64ae650d,OI_dspcbsd-plus_274fb5292591,0.0737726092338562
0,small,OI_dspcbsd-plus_6156805e6cd7,probe,same component,dspcbsd-plus,0.8651803731918335,0.8651803731918335,0.8583377599716187,OI_dspcbsd-plus_402e360b0497,OI_dspcbsd-plus_4c18abb50e7e,OI_dspcbsd-plus_4c18abb50e7e,0.0
0,small,OI_dspcbsd-plus_61874e1234d6,control,,dspcbsd-plus,0.8716245293617249,0.8716245293617249,0.7157769203186035,OI_dspcbsd-plus_521d384b1334,OI_pcb-ind_aa3800b239df,OI_pcb-ind_aa3800b239df,0.0
0,small,OI_dspcbsd-plus_618b14e9cca7,probe,same component,dspcbsd-plus,0.916711688041687,0.8286814093589783,0.916711688041687,OI_dspcbsd-plus_e71906d3084c,OI_dspcbsd-plus_e71906d3084c,OI_dspcbsd-plus_43af320e9c50,0.08803027868270874
0,small,OI_dspcbsd-plus_622cb53cefdf,control,,dspcbsd-plus,0.8648518919944763,0.8585017919540405,0.8648518919944763,OI_dspcbsd-plus_cdb66e719d3a,OI_dspcbsd-plus_cdb66e719d3a,OI_dspcbsd-plus_62f191ebcd74,0.006350100040435791
0,small,OI_dspcbsd-plus_64b468de520d,control,,dspcbsd-plus,0.8259177207946777,0.8259177207946777,0.7195687294006348,OI_dspcbsd-plus_4b28fac5f3b9,OI_dspcbsd-plus_fd0e91e3584c,OI_dspcbsd-plus_fd0e91e3584c,0.0
0,small,OI_dspcbsd-plus_6691fd125546,probe,similar pair,dspcbsd-plus,0.9239572286605835,0.864618718624115,0.9239572286605835,OI_dspcbsd-plus_ec7d48a3c36d,OI_dspcbsd-plus_ec7d48a3c36d,OI_dspcbsd-plus_064612fda073,0.059338510036468506
0,small,OI_dspcbsd-plus_66c759c1989f,probe,same component,dspcbsd-plus,0.9065676927566528,0.9065676927566528,0.8641523122787476,OI_dspcbsd-plus_ec7d48a3c36d,OI_dspcbsd-plus_4c18abb50e7e,OI_dspcbsd-plus_4c18abb50e7e,0.0
0,small,OI_dspcbsd-plus_681a122c656b,control,,dspcbsd-plus,0.7786040902137756,0.7786040902137756,0.7627878189086914,OI_dspcbsd-plus_5e02b355c148,OI_dspcbsd-plus_99729846b0ba,OI_dspcbsd-plus_99729846b0ba,0.0
0,small,OI_dspcbsd-plus_685838aecc96,control,,dspcbsd-plus,0.8542137145996094,0.8542137145996094,0.6821367740631104,OI_dspcbsd-plus_2a66eea6036d,OI_dspcbsd-plus_d6dda7ae40e2,OI_dspcbsd-plus_d6dda7ae40e2,0.0
0,small,OI_dspcbsd-plus_68e22ef8c7c4,control,,dspcbsd-plus,0.6863702535629272,0.689283549785614,0.6498563289642334,OI_pcb-ind_bb6d5320537d,OI_pcb-ind_63ef67aafb3b,OI_pcb-ind_8ec83f63fc60,-0.0029132962226867676
0,small,OI_dspcbsd-plus_697e2c392959,control,,dspcbsd-plus,0.8816002607345581,0.8816002607345581,0.8081920146942139,OI_dspcbsd-plus_3f24951fcfb8,OI_dspcbsd-plus_6bf776461d3a,OI_dspcbsd-plus_6bf776461d3a,0.0
0,small,OI_dspcbsd-plus_713dba3eaea1,control,,dspcbsd-plus,0.8341414332389832,0.8341414332389832,0.7041340470314026,OI_dspcbsd-plus_9e679587e516,OI_dspcbsd-plus_fbb1f2631156,OI_dspcbsd-plus_fbb1f2631156,0.0
0,small,OI_dspcbsd-plus_7256a8070201,probe,similar pair,dspcbsd-plus,0.9525159001350403,0.6955389380455017,0.9525159001350403,OI_dspcbsd-plus_dda48a6f621d,OI_dspcbsd-plus_dda48a6f621d,OI_dspcbsd-plus_e2aa7d848d21,0.2569769620895386
0,small,OI_dspcbsd-plus_73b554a9f8d2,probe,same component,dspcbsd-plus,0.8881425261497498,0.8881425261497498,0.8642648458480835,OI_dspcbsd-plus_1b40682709ce,OI_dspcbsd-plus_03e1266b621b,OI_dspcbsd-plus_03e1266b621b,0.0
0,small,OI_dspcbsd-plus_741c0a4c7658,control,,dspcbsd-plus,0.8338982462882996,0.8338982462882996,0.6029171943664551,OI_dspcbsd-plus_400aa198068c,OI_dspcbsd-plus_315e731c7f5e,OI_dspcbsd-plus_315e731c7f5e,0.0
0,small,OI_dspcbsd-plus_76788f0e6d07,control,,dspcbsd-plus,0.8329365849494934,0.8329365849494934,0.8058719635009766,OI_dspcbsd-plus_f8341c445e6a,OI_dspcbsd-plus_ac9c0a26f3a2,OI_dspcbsd-plus_ac9c0a26f3a2,0.0
0,small,OI_dspcbsd-plus_794731f2493f,probe,similar pair,dspcbsd-plus,0.9268926382064819,0.7803649306297302,0.9268926382064819,OI_dspcbsd-plus_400aa198068c,OI_dspcbsd-plus_400aa198068c,OI_dspcbsd-plus_00e93e61bc5d,0.1465277075767517
0,small,OI_dspcbsd-plus_7be1cc20a1c2,probe,similar pair,dspcbsd-plus,0.921830952167511,0.9100671410560608,0.921830952167511,OI_dspcbsd-plus_ec7d48a3c36d,OI_dspcbsd-plus_ec7d48a3c36d,OI_dspcbsd-plus_274fb5292591,0.011763811111450195
0,small,OI_dspcbsd-plus_7c41fb1c296a,control,,dspcbsd-plus,0.7453948259353638,0.7453948259353638,0.604287326335907,OI_pcb-ind_ebbfd2a8caec,OI_pcb-ind_9bac6ab7ad7e,OI_pcb-ind_9bac6ab7ad7e,0.0
0,small,OI_dspcbsd-plus_7cb53cab0c20,probe,similar pair,dspcbsd-plus,0.9266095161437988,0.9130247831344604,0.9266095161437988,OI_dspcbsd-plus_2a66eea6036d,OI_dspcbsd-plus_2a66eea6036d,OI_dspcbsd-plus_9aec937cdf1a,0.013584733009338379
0,small,OI_dspcbsd-plus_7d1fcfd9a1db,control,,dspcbsd-plus,0.8826194405555725,0.8826194405555725,0.8126283884048462,OI_dspcbsd-plus_3f24951fcfb8,OI_dspcbsd-plus_5ff1b4d3b0dd,OI_dspcbsd-plus_5ff1b4d3b0dd,0.0
0,small,OI_dspcbsd-plus_7f25fc788332,probe,similar pair,dspcbsd-plus,0.9268270134925842,0.8594974875450134,0.9268270134925842,OI_dspcbsd-plus_85474c3f47d4,OI_dspcbsd-plus_85474c3f47d4,OI_dspcbsd-plus_6adcf3976034,0.0673295259475708
0,small,OI_dspcbsd-plus_803e67f684e5,control,,dspcbsd-plus,0.7981874942779541,0.7981874942779541,0.7181472182273865,OI_dspcbsd-plus_b5c6855fe517,OI_dspcbsd-plus_0e5f109b9a67,OI_dspcbsd-plus_0e5f109b9a67,0.0
0,small,OI_dspcbsd-plus_82eede3a2ff9,control,,dspcbsd-plus,0.7807883024215698,0.7821091413497925,0.7178704738616943,OI_dspcbsd-plus_cdb66e719d3a,OI_dspcbsd-plus_9bfd955445c2,OI_dspcbsd-plus_b1d7bd5c7626,-0.0013208389282226562
0,small,OI_dspcbsd-plus_86d6904064a2,probe,similar pair,dspcbsd-plus,0.944914698600769,0.9104673266410828,0.944914698600769,OI_dspcbsd-plus_09cc73bb3092,OI_dspcbsd-plus_09cc73bb3092,OI_dspcbsd-plus_0a56a6650a57,0.03444737195968628
0,small,OI_dspcbsd-plus_8775e1fc27ad,control,,dspcbsd-plus,0.697242021560669,0.697242021560669,0.6705537438392639,OI_pcb-ind_c86a4c072a1a,OI_dspcbsd-plus_28b1e0d2dade,OI_dspcbsd-plus_28b1e0d2dade,0.0
0,small,OI_dspcbsd-plus_88a7ac995bde,probe,same component,dspcbsd-plus,0.8990959525108337,0.8250181674957275,0.8990959525108337,OI_dspcbsd-plus_5e02b355c148,OI_dspcbsd-plus_5e02b355c148,OI_dspcbsd-plus_8edd98080171,0.0740777850151062
0,small,OI_dspcbsd-plus_8a39cf260c6a,control,,dspcbsd-plus,0.8055862784385681,0.8055862784385681,0.668601930141449,OI_pcb-ind_08c520dc372f,OI_dspcbsd-plus_f1d6900124c2,OI_dspcbsd-plus_f1d6900124c2,0.0
0,small,OI_dspcbsd-plus_8e37652fb174,probe,similar pair,dspcbsd-plus,0.9228256940841675,0.8275429606437683,0.9228256940841675,OI_dspcbsd-plus_93d5b92757c7,OI_dspcbsd-plus_93d5b92757c7,OI_dspcbsd-plus_f1ffac7d3bc8,0.09528273344039917
0,small,OI_dspcbsd-plus_8ec63981d503,probe,similar pair,dspcbsd-plus,0.9629589319229126,0.853830099105835,0.9629589319229126,OI_dspcbsd-plus_f44a00eaa665,OI_dspcbsd-plus_f44a00eaa665,OI_dspcbsd-plus_e614cd8be7b6,0.10912883281707764
0,small,OI_dspcbsd-plus_8ecd8f208c68,probe,similar pair,dspcbsd-plus,0.9323473572731018,0.8895739316940308,0.9323473572731018,OI_dspcbsd-plus_083f9bb00d27,OI_dspcbsd-plus_083f9bb00d27,OI_dspcbsd-plus_3ea89fbe7a98,0.042773425579071045
0,small,OI_dspcbsd-plus_8fbfaabaaf62,probe,similar pair,dspcbsd-plus,0.9242896437644958,0.8189446926116943,0.9242896437644958,OI_dspcbsd-plus_1e5c3f1a8fb5,OI_dspcbsd-plus_1e5c3f1a8fb5,OI_dspcbsd-plus_afb2fb9e150b,0.10534495115280151
0,small,OI_dspcbsd-plus_9364cf026c72,control,,dspcbsd-plus,0.8962187170982361,0.8962187170982361,0.7263282537460327,OI_dspcbsd-plus_521d384b1334,OI_dspcbsd-plus_02abdb83f542,OI_dspcbsd-plus_02abdb83f542,0.0
0,small,OI_dspcbsd-plus_96dde8a944d1,probe,similar pair,dspcbsd-plus,0.9370343089103699,0.7952051162719727,0.9370343089103699,OI_dspcbsd-plus_22641973d7e7,OI_dspcbsd-plus_22641973d7e7,OI_dspcbsd-plus_1d6b945817c5,0.14182919263839722
0,small,OI_dspcbsd-plus_98767ef1bcb0,probe,similar pair,dspcbsd-plus,0.9410702586174011,0.7642571926116943,0.9410702586174011,OI_dspcbsd-plus_fd51e5ebd339,OI_dspcbsd-plus_fd51e5ebd339,OI_dspcbsd-plus_50b154410c4a,0.1768130660057068
0,small,OI_dspcbsd-plus_98ba7fb73bd6,control,,dspcbsd-plus,0.8508508801460266,0.8177253007888794,0.8508508801460266,OI_dspcbsd-plus_ec7d48a3c36d,OI_dspcbsd-plus_ec7d48a3c36d,OI_dspcbsd-plus_4c18abb50e7e,0.03312557935714722
0,small,OI_dspcbsd-plus_9ad7cdfaa6d7,control,,dspcbsd-plus,0.7404835820198059,0.7182966470718384,0.7404835820198059,OI_pcb-ind_b5bb34e01ca1,OI_pcb-ind_b5bb34e01ca1,OI_pcb-ind_d9dc152a523d,0.02218693494796753
0,small,OI_dspcbsd-plus_9b1d4a40fe5b,control,,dspcbsd-plus,0.8236297369003296,0.8236297369003296,0.7285354137420654,OI_pcb-ind_c86a4c072a1a,OI_dspcbsd-plus_4733f99a33f7,OI_dspcbsd-plus_4733f99a33f7,0.0
0,small,OI_dspcbsd-plus_9ede34aace44,control,,dspcbsd-plus,0.7179049253463745,0.7179049253463745,0.5277122259140015,OI_pcb-ind_a8bac9d87e6f,OI_dspcbsd-plus_551a5b7aef9b,OI_dspcbsd-plus_551a5b7aef9b,0.0
0,small,OI_dspcbsd-plus_9f8272043024,control,,dspcbsd-plus,0.7019481658935547,0.7019481658935547,0.6440386176109314,OI_pcb-ind_b7c079d56451,OI_dspcbsd-plus_9662587f89da,OI_dspcbsd-plus_9662587f89da,0.0
0,small,OI_dspcbsd-plus_a091aa3a105f,control,,dspcbsd-plus,0.8609611392021179,0.843192994594574,0.8609611392021179,OI_dspcbsd-plus_ec7d48a3c36d,OI_dspcbsd-plus_ec7d48a3c36d,OI_dspcbsd-plus_4c18abb50e7e,0.017768144607543945
0,small,OI_dspcbsd-plus_a1c516500ff7,probe,same component,dspcbsd-plus,0.9029681086540222,0.7368746995925903,0.9029681086540222,OI_dspcbsd-plus_9ba529913caf,OI_dspcbsd-plus_9ba529913caf,OI_dspcbsd-plus_e42ed176bcb9,0.16609340906143188
0,small,OI_dspcbsd-plus_a297cf6b3527,control,,dspcbsd-plus,0.7805842757225037,0.7847810387611389,0.7803657650947571,OI_dspcbsd-plus_f8341c445e6a,OI_dspcbsd-plus_4a3514845aeb,OI_dspcbsd-plus_ab9574785b45,-0.004196763038635254
0,small,OI_dspcbsd-plus_a29d78fbd295,probe,similar pair,dspcbsd-plus,0.9308311939239502,0.9105045199394226,0.9308311939239502,OI_dspcbsd-plus_3c5d112f7fd5,OI_dspcbsd-plus_3c5d112f7fd5,OI_dspcbsd-plus_03cead8c4238,0.020326673984527588
0,small,OI_dspcbsd-plus_a2f9dc8bf3c4,probe,similar pair,dspcbsd-plus,0.9266456961631775,0.9025077223777771,0.9266456961631775,OI_dspcbsd-plus_cdb66e719d3a,OI_dspcbsd-plus_cdb66e719d3a,OI_dspcbsd-plus_9ff562168582,0.02413797378540039
0,small,OI_dspcbsd-plus_a6f493e08d9c,probe,same component,dspcbsd-plus,0.899702787399292,0.871925413608551,0.899702787399292,OI_dspcbsd-plus_a447cf91b72f,OI_dspcbsd-plus_a447cf91b72f,OI_dspcbsd-plus_afb2fb9e150b,0.027777373790740967
0,small,OI_dspcbsd-plus_a84af65f3f5d,control,,dspcbsd-plus,0.8592565655708313,0.8592565655708313,0.725400984287262,OI_pcb-ind_aa32e2ca35ca,OI_dspcbsd-plus_3d163df75c0c,OI_dspcbsd-plus_3d163df75c0c,0.0
0,small,OI_dspcbsd-plus_aab8b8266436,probe,similar pair,dspcbsd-plus,0.9334954023361206,0.8601952791213989,0.9334954023361206,OI_dspcbsd-plus_af42cb7e1bcf,OI_dspcbsd-plus_af42cb7e1bcf,OI_dspcbsd-plus_4343782c9480,0.07330012321472168
0,small,OI_dspcbsd-plus_ad289f319e8a,control,,dspcbsd-plus,0.8332319855690002,0.8332319855690002,0.6443644762039185,OI_pcb-ind_c86a4c072a1a,OI_dspcbsd-plus_b519e73d42e7,OI_dspcbsd-plus_b519e73d42e7,0.0
0,small,OI_dspcbsd-plus_ad9f0c3d9ae9,control,,dspcbsd-plus,0.8670336604118347,0.8670336604118347,0.7413368225097656,OI_dspcbsd-plus_600e0bb4b349,OI_dspcbsd-plus_0e327acb9057,OI_dspcbsd-plus_0e327acb9057,0.0
0,small,OI_dspcbsd-plus_aecaafe6ea19,probe,same component,dspcbsd-plus,0.8703376650810242,0.8612492680549622,0.8703376650810242,OI_dspcbsd-plus_be2c9a110964,OI_dspcbsd-plus_be2c9a110964,OI_dspcbsd-plus_afb2fb9e150b,0.009088397026062012
0,small,OI_dspcbsd-plus_b06e069417e8,control,,dspcbsd-plus,0.8662127256393433,0.8637548685073853,0.8662127256393433,OI_dspcbsd-plus_3c005d0965b8,OI_dspcbsd-plus_3c005d0965b8,OI_dspcbsd-plus_84f4f167ee3e,0.002457857131958008
0,small,OI_dspcbsd-plus_b6583c6d1c5f,control,,dspcbsd-plus,0.8309659361839294,0.7588320374488831,0.8309659361839294,OI_dspcbsd-plus_f44a00eaa665,OI_dspcbsd-plus_f44a00eaa665,OI_dspcbsd-plus_f3d2a48f7e43,0.07213389873504639
0,small,OI_dspcbsd-plus_b85b5e071b18,probe,same component,dspcbsd-plus,0.8702519536018372,0.797662615776062,0.8702519536018372,OI_dspcbsd-plus_1e5c3f1a8fb5,OI_dspcbsd-plus_1e5c3f1a8fb5,OI_pcb-ind_445bddbd7e01,0.07258933782577515
0,small,OI_dspcbsd-plus_baa2a2c91a3d,probe,similar pair,dspcbsd-plus,0.9634810090065002,0.7688395380973816,0.9634810090065002,OI_dspcbsd-plus_1311a2cec296,OI_dspcbsd-plus_1311a2cec296,OI_pcb-ind_105c87270289,0.19464147090911865
0,small,OI_dspcbsd-plus_bb30017df2ca,control,,dspcbsd-plus,0.8754398822784424,0.8754398822784424,0.8595909476280212,OI_dspcbsd-plus_2a66eea6036d,OI_dspcbsd-plus_ec67b4e497c4,OI_dspcbsd-plus_ec67b4e497c4,0.0
0,small,OI_dspcbsd-plus_bb31b6410d9f,control,,dspcbsd-plus,0.8288538455963135,0.763774573802948,0.8288538455963135,OI_dspcbsd-plus_600e0bb4b349,OI_dspcbsd-plus_600e0bb4b349,OI_pcb-ind_b7f185b4d4d5,0.06507927179336548
0,small,OI_dspcbsd-plus_bcdc17d39f24,control,,dspcbsd-plus,0.8290066123008728,0.8290066123008728,0.7686320543289185,OI_dspcbsd-plus_e81eb183706e,OI_dspcbsd-plus_6a4f177a63ee,OI_dspcbsd-plus_6a4f177a63ee,0.0
0,small,OI_dspcbsd-plus_bcedffdf5c91,probe,same component,dspcbsd-plus,0.8911890387535095,0.8525517582893372,0.8911890387535095,OI_dspcbsd-plus_3edebf881e8d,OI_dspcbsd-plus_3edebf881e8d,OI_dspcbsd-plus_4c01badd52a4,0.03863728046417236
0,small,OI_dspcbsd-plus_bd77cb67b9cc,probe,similar pair,dspcbsd-plus,0.9711529612541199,0.7840284109115601,0.9711529612541199,OI_dspcbsd-plus_6cb498e1cc95,OI_dspcbsd-plus_6cb498e1cc95,OI_dspcbsd-plus_041aba3a462e,0.18712455034255981
0,small,OI_dspcbsd-plus_bdef5e1dd133,control,,dspcbsd-plus,0.704015851020813,0.704015851020813,0.6469990611076355,OI_dspcbsd-plus_bb3e349132f6,OI_dspcbsd-plus_103adbdbf738,OI_dspcbsd-plus_103adbdbf738,0.0
0,small,OI_dspcbsd-plus_bfa2bb933a68,probe,similar pair,dspcbsd-plus,0.9227728247642517,0.8667094707489014,0.9227728247642517,OI_dspcbsd-plus_3c005d0965b8,OI_dspcbsd-plus_3c005d0965b8,OI_dspcbsd-plus_394394c602af,0.05606335401535034
0,small,OI_dspcbsd-plus_bfbe7941bc0b,control,,dspcbsd-plus,0.7652066946029663,0.7652066946029663,0.7093924880027771,OI_pcb-ind_98c6a9152784,OI_dspcbsd-plus_64e712e268a8,OI_dspcbsd-plus_64e712e268a8,0.0
0,small,OI_dspcbsd-plus_c038d894bbe6,probe,same component,dspcbsd-plus,0.8375263214111328,0.864664614200592,0.8344724774360657,OI_dspcbsd-plus_9ba529913caf,OI_dspcbsd-plus_4c18abb50e7e,OI_dspcbsd-plus_064612fda073,-0.02713829278945923
0,small,OI_dspcbsd-plus_c0bc68b43caa,control,,dspcbsd-plus,0.8899890780448914,0.8899890780448914,0.8239933848381042,OI_dspcbsd-plus_cdb66e719d3a,OI_dspcbsd-plus_eefbd2a73bcb,OI_dspcbsd-plus_eefbd2a73bcb,0.0
0,small,OI_dspcbsd-plus_c119e2995e0e,control,,dspcbsd-plus,0.8822284936904907,0.8822284936904907,0.7891972064971924,OI_pcb-ind_6eda45eb769c,OI_dspcbsd-plus_598cf2d4e283,OI_dspcbsd-plus_598cf2d4e283,0.0
0,small,OI_dspcbsd-plus_c159fd3141bc,control,,dspcbsd-plus,0.8633666634559631,0.8633666634559631,0.786422073841095,OI_dspcbsd-plus_3f24951fcfb8,OI_dspcbsd-plus_4a323f42ebbf,OI_dspcbsd-plus_4a323f42ebbf,0.0
0,small,OI_dspcbsd-plus_c23649ab455b,control,,dspcbsd-plus,0.8309155702590942,0.8309155702590942,0.7785254120826721,OI_dspcbsd-plus_af42cb7e1bcf,OI_dspcbsd-plus_4343782c9480,OI_dspcbsd-plus_4343782c9480,0.0
0,small,OI_dspcbsd-plus_c383a96ca16b,control,,dspcbsd-plus,0.8417103290557861,0.8417103290557861,0.6673596501350403,OI_dspcbsd-plus_cdb66e719d3a,OI_dspcbsd-plus_f5476613160c,OI_dspcbsd-plus_f5476613160c,0.0
0,small,OI_dspcbsd-plus_c384a24c308d,probe,same component,dspcbsd-plus,0.8948279619216919,0.876676619052887,0.8948279619216919,OI_dspcbsd-plus_a4d97e1bb28d,OI_dspcbsd-plus_a4d97e1bb28d,OI_dspcbsd-plus_1d6b945817c5,0.01815134286880493
0,small,OI_dspcbsd-plus_c492a3f0fc4f,control,,dspcbsd-plus,0.8027963042259216,0.8027963042259216,0.7199793457984924,OI_dspcbsd-plus_521d384b1334,OI_dspcbsd-plus_f40142a42514,OI_dspcbsd-plus_f40142a42514,0.0
0,small,OI_dspcbsd-plus_c5c737f691f6,probe,same component,dspcbsd-plus,0.891503632068634,0.8415112495422363,0.891503632068634,OI_dspcbsd-plus_be2c9a110964,OI_dspcbsd-plus_be2c9a110964,OI_dspcbsd-plus_afb2fb9e150b,0.049992382526397705
0,small,OI_dspcbsd-plus_c5eeb9ce0f1b,control,,dspcbsd-plus,0.8032289743423462,0.8032289743423462,0.7775914669036865,OI_pcb-ind_08c520dc372f,OI_dspcbsd-plus_ca27fc699e97,OI_dspcbsd-plus_ca27fc699e97,0.0
0,small,OI_dspcbsd-plus_caa5479bbb7c,control,,dspcbsd-plus,0.8593898415565491,0.8593898415565491,0.8510515689849854,OI_dspcbsd-plus_3f24951fcfb8,OI_dspcbsd-plus_0849bb222278,OI_dspcbsd-plus_0849bb222278,0.0
0,small,OI_dspcbsd-plus_cb1d7e5227ff,control,,dspcbsd-plus,0.8510950207710266,0.7848917245864868,0.8510950207710266,OI_dspcbsd-plus_537d500613ab,OI_dspcbsd-plus_537d500613ab,OI_dspcbsd-plus_594df4a0c5fb,0.0662032961845398
0,small,OI_dspcbsd-plus_cbf51e227660,control,,dspcbsd-plus,0.7202457189559937,0.7202457189559937,0.6807171702384949,OI_pcb-ind_a8bac9d87e6f,OI_dspcbsd-plus_60d6192f3cc0,OI_dspcbsd-plus_60d6192f3cc0,0.0
0,small,OI_dspcbsd-plus_d0a339272a80,control,,dspcbsd-plus,0.8446221351623535,0.8446221351623535,0.7730774879455566,OI_dspcbsd-plus_2a66eea6036d,OI_dspcbsd-plus_fac9b98936c3,OI_dspcbsd-plus_fac9b98936c3,0.0
0,small,OI_dspcbsd-plus_d3ba21aba78b,control,,dspcbsd-plus,0.7666901350021362,0.7666901350021362,0.6632974743843079,OI_dspcbsd-plus_d53dfbb7813d,OI_dspcbsd-plus_029f1ec12a8a,OI_dspcbsd-plus_029f1ec12a8a,0.0
0,small,OI_dspcbsd-plus_d3cf44381c59,control,,dspcbsd-plus,0.8640490770339966,0.8640490770339966,0.7989712357521057,OI_dspcbsd-plus_521d384b1334,OI_dspcbsd-plus_db0792e17889,OI_dspcbsd-plus_db0792e17889,0.0
0,small,OI_dspcbsd-plus_d66fb9e98b43,probe,similar pair,dspcbsd-plus,0.9305294156074524,0.8844138979911804,0.9305294156074524,OI_dspcbsd-plus_215b40390cc7,OI_dspcbsd-plus_215b40390cc7,OI_dspcbsd-plus_06c3d0f7560d,0.04611551761627197
0,small,OI_dspcbsd-plus_de38b28bfccc,probe,same component,dspcbsd-plus,0.914965808391571,0.8946056365966797,0.914965808391571,OI_dspcbsd-plus_c6f5b5eb7a09,OI_dspcbsd-plus_c6f5b5eb7a09,OI_dspcbsd-plus_274fb5292591,0.020360171794891357
0,small,OI_dspcbsd-plus_df8fe470ee1d,control,,dspcbsd-plus,0.8852755427360535,0.8852755427360535,0.6892335414886475,OI_pcb-ind_08c520dc372f,OI_dspcbsd-plus_21e694b8f8bd,OI_dspcbsd-plus_21e694b8f8bd,0.0
0,small,OI_dspcbsd-plus_dfb5eb53fcf7,probe,similar pair,dspcbsd-plus,0.9338036179542542,0.7170045971870422,0.9338036179542542,OI_dspcbsd-plus_deda38b4f276,OI_dspcbsd-plus_deda38b4f276,OI_dspcbsd-plus_4c18abb50e7e,0.21679902076721191
0,small,OI_dspcbsd-plus_e1159a76cdef,control,,dspcbsd-plus,0.8562431931495667,0.8562431931495667,0.7023288607597351,OI_dspcbsd-plus_a022f21892ab,OI_dspcbsd-plus_4862aef5080a,OI_dspcbsd-plus_4862aef5080a,0.0
0,small,OI_dspcbsd-plus_e2692329fa2c,probe,same component,dspcbsd-plus,0.8864679336547852,0.8031472563743591,0.8864679336547852,OI_dspcbsd-plus_40f96a086555,OI_dspcbsd-plus_40f96a086555,OI_dspcbsd-plus_533a4d023a5e,0.08332067728042603
0,small,OI_dspcbsd-plus_e3ca4da893e8,control,,dspcbsd-plus,0.7700530290603638,0.7700530290603638,0.7162315845489502,OI_pcb-ind_aaeb3b3a6da9,OI_dspcbsd-plus_0a3ff2ac3395,OI_dspcbsd-plus_0a3ff2ac3395,0.0
0,small,OI_dspcbsd-plus_e75f1121caf0,probe,similar pair,dspcbsd-plus,0.9492689967155457,0.7752554416656494,0.9492689967155457,OI_dspcbsd-plus_600e0bb4b349,OI_dspcbsd-plus_600e0bb4b349,OI_dspcbsd-plus_9826aa799b39,0.17401355504989624
0,small,OI_dspcbsd-plus_e7ac24419352,probe,same component,dspcbsd-plus,0.9092571139335632,0.8785515427589417,0.9092571139335632,OI_dspcbsd-plus_13564c3d33ad,OI_dspcbsd-plus_13564c3d33ad,OI_dspcbsd-plus_f5d35dd6b6a0,0.030705571174621582
0,small,OI_dspcbsd-plus_e8f7cbc14a71,probe,same component,dspcbsd-plus,0.8772024512290955,0.8263674974441528,0.8772024512290955,OI_dspcbsd-plus_dc00d4ec33cc,OI_dspcbsd-plus_dc00d4ec33cc,OI_dspcbsd-plus_7a870ba1fb49,0.05083495378494263
0,small,OI_dspcbsd-plus_eb55fb0409e3,probe,similar pair,dspcbsd-plus,0.9672276377677917,0.6859629154205322,0.9672276377677917,OI_dspcbsd-plus_9f641e675df7,OI_dspcbsd-plus_9f641e675df7,OI_pcb-ind_d62b792cb663,0.2812647223472595
0,small,OI_dspcbsd-plus_ed3013de37bc,probe,same component,dspcbsd-plus,0.8189040422439575,0.8418392539024353,0.816929817199707,OI_dspcbsd-plus_402e360b0497,OI_dspcbsd-plus_4c18abb50e7e,OI_dspcbsd-plus_064612fda073,-0.022935211658477783
0,small,OI_dspcbsd-plus_edde3f8b9b7e,probe,similar pair,dspcbsd-plus,0.9749383330345154,0.8591055870056152,0.9749383330345154,OI_dspcbsd-plus_ffff273bd969,OI_dspcbsd-plus_ffff273bd969,OI_dspcbsd-plus_d543a2eb0d69,0.11583274602890015
0,small,OI_dspcbsd-plus_ee30ea6a6339,probe,similar pair,dspcbsd-plus,0.9344431757926941,0.8381239175796509,0.9344431757926941,OI_dspcbsd-plus_e52170558078,OI_dspcbsd-plus_e52170558078,OI_dspcbsd-plus_1f26d9ed4f59,0.09631925821304321
0,small,OI_dspcbsd-plus_f30edac9fa8b,probe,similar pair,dspcbsd-plus,0.9203874468803406,0.8657163977622986,0.9203874468803406,OI_dspcbsd-plus_a022f21892ab,OI_dspcbsd-plus_a022f21892ab,OI_dspcbsd-plus_4967505ca5de,0.05467104911804199
0,small,OI_dspcbsd-plus_f4d3095bbcbf,probe,same component,dspcbsd-plus,0.8525011539459229,0.9051637053489685,0.8525011539459229,OI_dspcbsd-plus_402e360b0497,OI_dspcbsd-plus_402e360b0497,OI_dspcbsd-plus_064612fda073,-0.052662551403045654
0,small,OI_dspcbsd-plus_f5187fcc140e,probe,similar pair,dspcbsd-plus,0.926324188709259,0.8070775866508484,0.926324188709259,OI_dspcbsd-plus_e81eb183706e,OI_dspcbsd-plus_e81eb183706e,OI_pcb-ind_794d622a7ac2,0.11924660205841064
0,small,OI_dspcbsd-plus_f6d949db7661,control,,dspcbsd-plus,0.6323565244674683,0.6323565244674683,0.586154043674469,OI_dspcbsd-plus_ab25c96abd6e,OI_dspcbsd-plus_17e39edbbbc3,OI_dspcbsd-plus_17e39edbbbc3,0.0
0,small,OI_dspcbsd-plus_f7e22be66f4d,probe,similar pair,dspcbsd-plus,0.9247381687164307,0.7491735816001892,0.9247381687164307,OI_dspcbsd-plus_600e0bb4b349,OI_dspcbsd-plus_600e0bb4b349,OI_dspcbsd-plus_3d315383ff3a,0.17556458711624146
0,small,OI_dspcbsd-plus_f7fa401df228,probe,similar pair,dspcbsd-plus,0.954649806022644,0.8630250692367554,0.954649806022644,OI_dspcbsd-plus_6a79caf94abd,OI_dspcbsd-plus_6a79caf94abd,OI_pcb-ind_b622ff2e8b67,0.09162473678588867
0,small,OI_dspcbsd-plus_f9403e4af9a5,probe,similar pair,dspcbsd-plus,0.9222126007080078,0.8752676248550415,0.9222126007080078,OI_dspcbsd-plus_1e2da007deae,OI_dspcbsd-plus_1e2da007deae,OI_dspcbsd-plus_43af320e9c50,0.04694497585296631
0,small,OI_dspcbsd-plus_fde221a2f6c4,control,,dspcbsd-plus,0.7574428915977478,0.7679174542427063,0.7494391798973083,OI_dspcbsd-plus_600e0bb4b349,OI_pcb-ind_92c169e073cc,OI_dspcbsd-plus_a530f6559094,-0.010474562644958496
0,small,OI_dspcbsd-plus_fe4d5298873b,probe,similar pair,dspcbsd-plus,0.95932936668396,0.7159262895584106,0.95932936668396,OI_dspcbsd-plus_001368584365,OI_dspcbsd-plus_001368584365,OI_dspcbsd-plus_9d96e6af0b38,0.24340307712554932
0,small,OI_pcb-defect_0362aeae2db7,control,,pcb-defect,0.9205158352851868,0.9205158352851868,0.9028666615486145,OI_pcb-defect_037a6c5a88c0,OI_pcb-defect_6aa0ec85a9e9,OI_pcb-defect_6aa0ec85a9e9,0.0
0,small,OI_pcb-defect_075ac19b0299,control,,pcb-defect,0.9133154153823853,0.9133154153823853,0.8972320556640625,OI_pcb-defect_f43d04d586d2,OI_pcb-defect_1cb90d5aee16,OI_pcb-defect_1cb90d5aee16,0.0
0,small,OI_pcb-defect_08d6daf092dc,control,,pcb-defect,0.920863926410675,0.920863926410675,0.9054279923439026,OI_pcb-defect_cee167eb9b50,OI_pcb-defect_51a740d7e7ac,OI_pcb-defect_51a740d7e7ac,0.0
0,small,OI_pcb-defect_0ab8220b2561,probe,crop sibling,pcb-defect,1.0,0.9147000908851624,1.0,OI_pcb-defect_7acfa3a9d349,OI_pcb-defect_7acfa3a9d349,OI_pcb-defect_3a5ccf071233,0.08529990911483765
0,small,OI_pcb-defect_10df1c72bffd,control,,pcb-defect,0.9242404699325562,0.9242404699325562,0.8941289186477661,OI_pcb-defect_037a6c5a88c0,OI_pcb-defect_209be83fc398,OI_pcb-defect_209be83fc398,0.0
0,small,OI_pcb-defect_157fb4b54395,control,,pcb-defect,0.9194797873497009,0.9194797873497009,0.9048271179199219,OI_pcb-defect_037a6c5a88c0,OI_pcb-defect_1cb90d5aee16,OI_pcb-defect_1cb90d5aee16,0.0
0,small,OI_pcb-defect_1a75dbbd5fd3,control,,pcb-defect,0.9242404699325562,0.9242404699325562,0.8941289186477661,OI_pcb-defect_037a6c5a88c0,OI_pcb-defect_209be83fc398,OI_pcb-defect_209be83fc398,0.0
0,small,OI_pcb-defect_1e295719c544,control,,pcb-defect,0.920863926410675,0.920863926410675,0.9054279923439026,OI_pcb-defect_cee167eb9b50,OI_pcb-defect_51a740d7e7ac,OI_pcb-defect_51a740d7e7ac,0.0
0,small,OI_pcb-defect_1e97e020edd9,control,,pcb-defect,0.9242404699325562,0.9242404699325562,0.8941289186477661,OI_pcb-defect_037a6c5a88c0,OI_pcb-defect_209be83fc398,OI_pcb-defect_209be83fc398,0.0
0,small,OI_pcb-defect_29e7eaf5b889,control,,pcb-defect,0.920863926410675,0.920863926410675,0.9054279923439026,OI_pcb-defect_cee167eb9b50,OI_pcb-defect_51a740d7e7ac,OI_pcb-defect_51a740d7e7ac,0.0
0,small,OI_pcb-defect_2d7dfd4da9ba,control,,pcb-defect,0.921443521976471,0.921443521976471,0.9153428077697754,OI_pcb-defect_262b441de501,OI_pcb-defect_51a740d7e7ac,OI_pcb-defect_51a740d7e7ac,0.0
0,small,OI_pcb-defect_2e6d3e686e03,control,,pcb-defect,0.9100069999694824,0.9100069999694824,0.883963942527771,OI_pcb-defect_f43d04d586d2,OI_pcb-defect_be7ff166bc20,OI_pcb-defect_be7ff166bc20,0.0
0,small,OI_pcb-defect_2eb168684bdd,control,,pcb-defect,0.920863926410675,0.920863926410675,0.9054279923439026,OI_pcb-defect_cee167eb9b50,OI_pcb-defect_51a740d7e7ac,OI_pcb-defect_51a740d7e7ac,0.0
0,small,OI_pcb-defect_2fb2336b03c7,probe,crop sibling,pcb-defect,1.000000238418579,0.8937453627586365,1.000000238418579,OI_pcb-defect_cee167eb9b50,OI_pcb-defect_cee167eb9b50,OI_pcb-defect_3a5ccf071233,0.10625487565994263
0,small,OI_pcb-defect_36db30c1bbeb,probe,crop sibling,pcb-defect,1.000000238418579,0.8937453627586365,1.000000238418579,OI_pcb-defect_cee167eb9b50,OI_pcb-defect_cee167eb9b50,OI_pcb-defect_3a5ccf071233,0.10625487565994263
0,small,OI_pcb-defect_3f2c1d6626b3,probe,crop sibling,pcb-defect,1.0000001192092896,0.9132957458496094,1.0000001192092896,OI_pcb-defect_6c2287d5af28,OI_pcb-defect_6c2287d5af28,OI_pcb-defect_0bfdb4e36984,0.08670437335968018
0,small,OI_pcb-defect_3f77134145ed,control,,pcb-defect,0.9133154153823853,0.9133154153823853,0.8972320556640625,OI_pcb-defect_f43d04d586d2,OI_pcb-defect_1cb90d5aee16,OI_pcb-defect_1cb90d5aee16,0.0
0,small,OI_pcb-defect_44825592ab3e,control,,pcb-defect,0.9242404699325562,0.9242404699325562,0.8941289186477661,OI_pcb-defect_037a6c5a88c0,OI_pcb-defect_209be83fc398,OI_pcb-defect_209be83fc398,0.0
0,small,OI_pcb-defect_46a9f53f0700,control,,pcb-defect,0.9100069999694824,0.9100069999694824,0.883963942527771,OI_pcb-defect_f43d04d586d2,OI_pcb-defect_be7ff166bc20,OI_pcb-defect_be7ff166bc20,0.0
0,small,OI_pcb-defect_4af03c9a751e,probe,similar pair,pcb-defect,0.9732114672660828,0.915865957736969,0.9732114672660828,OI_pcb-defect_60f112c4adea,OI_pcb-defect_60f112c4adea,OI_pcb-defect_4d0992b8e86a,0.05734550952911377
0,small,OI_pcb-defect_4b98cea2c1df,probe,crop sibling,pcb-defect,1.000000238418579,0.8937453627586365,1.000000238418579,OI_pcb-defect_cee167eb9b50,OI_pcb-defect_cee167eb9b50,OI_pcb-defect_3a5ccf071233,0.10625487565994263
0,small,OI_pcb-defect_4efa8044f387,control,,pcb-defect,0.9205158352851868,0.9205158352851868,0.9028666615486145,OI_pcb-defect_037a6c5a88c0,OI_pcb-defect_6aa0ec85a9e9,OI_pcb-defect_6aa0ec85a9e9,0.0
0,small,OI_pcb-defect_55349e68e55c,control,,pcb-defect,0.9133154153823853,0.9133154153823853,0.8972320556640625,OI_pcb-defect_f43d04d586d2,OI_pcb-defect_1cb90d5aee16,OI_pcb-defect_1cb90d5aee16,0.0
0,small,OI_pcb-defect_56ab66e6743f,control,,pcb-defect,0.921443521976471,0.921443521976471,0.9153428077697754,OI_pcb-defect_262b441de501,OI_pcb-defect_51a740d7e7ac,OI_pcb-defect_51a740d7e7ac,0.0
0,small,OI_pcb-defect_6f1dcb3615a0,control,,pcb-defect,0.9251635074615479,0.9251635074615479,0.8877583146095276,OI_pcb-defect_037a6c5a88c0,OI_pcb-defect_6aa0ec85a9e9,OI_pcb-defect_6aa0ec85a9e9,0.0
0,small,OI_pcb-defect_7339d2a40d51,probe,crop sibling,pcb-defect,1.0000003576278687,0.9152632355690002,1.0000003576278687,OI_pcb-defect_60f112c4adea,OI_pcb-defect_60f112c4adea,OI_pcb-defect_4d0992b8e86a,0.08473712205886841
0,small,OI_pcb-defect_793d3c139aba,probe,similar pair,pcb-defect,0.9732114672660828,0.915865957736969,0.9732114672660828,OI_pcb-defect_60f112c4adea,OI_pcb-defect_60f112c4adea,OI_pcb-defect_4d0992b8e86a,0.05734550952911377
0,small,OI_pcb-defect_7b86f207586d,control,,pcb-defect,0.9133154153823853,0.9133154153823853,0.8972320556640625,OI_pcb-defect_f43d04d586d2,OI_pcb-defect_1cb90d5aee16,OI_pcb-defect_1cb90d5aee16,0.0
0,small,OI_pcb-defect_7b9af5947c7d,control,,pcb-defect,0.9242404699325562,0.9242404699325562,0.8941289186477661,OI_pcb-defect_037a6c5a88c0,OI_pcb-defect_209be83fc398,OI_pcb-defect_209be83fc398,0.0
0,small,OI_pcb-defect_8420432f007a,control,,pcb-defect,0.9133154153823853,0.9133154153823853,0.8972320556640625,OI_pcb-defect_f43d04d586d2,OI_pcb-defect_1cb90d5aee16,OI_pcb-defect_1cb90d5aee16,0.0
0,small,OI_pcb-defect_890e41c13fcb,probe,similar pair,pcb-defect,0.9732114672660828,0.915865957736969,0.9732114672660828,OI_pcb-defect_60f112c4adea,OI_pcb-defect_60f112c4adea,OI_pcb-defect_4d0992b8e86a,0.05734550952911377
0,small,OI_pcb-defect_8a08dd270c38,control,,pcb-defect,0.9133154153823853,0.9133154153823853,0.8972320556640625,OI_pcb-defect_f43d04d586d2,OI_pcb-defect_1cb90d5aee16,OI_pcb-defect_1cb90d5aee16,0.0
0,small,OI_pcb-defect_93d932219308,control,,pcb-defect,0.921443521976471,0.921443521976471,0.9153428077697754,OI_pcb-defect_262b441de501,OI_pcb-defect_51a740d7e7ac,OI_pcb-defect_51a740d7e7ac,0.0
0,small,OI_pcb-defect_9739672c8ed7,control,,pcb-defect,0.920863926410675,0.920863926410675,0.9054279923439026,OI_pcb-defect_cee167eb9b50,OI_pcb-defect_51a740d7e7ac,OI_pcb-defect_51a740d7e7ac,0.0
0,small,OI_pcb-defect_9a495444d514,control,,pcb-defect,0.921443521976471,0.921443521976471,0.9153428077697754,OI_pcb-defect_262b441de501,OI_pcb-defect_51a740d7e7ac,OI_pcb-defect_51a740d7e7ac,0.0
0,small,OI_pcb-defect_9a780eb8fce5,probe,crop sibling,pcb-defect,1.000000238418579,0.9141695499420166,1.000000238418579,OI_pcb-defect_a9934270897e,OI_pcb-defect_a9934270897e,OI_pcb-defect_3a5ccf071233,0.0858306884765625
0,small,OI_pcb-defect_9ade3a1f2136,control,,pcb-defect,0.9205158352851868,0.9205158352851868,0.9028666615486145,OI_pcb-defect_037a6c5a88c0,OI_pcb-defect_6aa0ec85a9e9,OI_pcb-defect_6aa0ec85a9e9,0.0
0,small,OI_pcb-defect_9bf650087988,probe,crop sibling,pcb-defect,1.0000001192092896,0.899608314037323,1.0000001192092896,OI_pcb-defect_661504452187,OI_pcb-defect_661504452187,OI_pcb-defect_5292a09b6a80,0.10039180517196655
0,small,OI_pcb-defect_9e15850a4fac,probe,crop sibling,pcb-defect,1.0000003576278687,0.9152632355690002,1.0000003576278687,OI_pcb-defect_60f112c4adea,OI_pcb-defect_60f112c4adea,OI_pcb-defect_4d0992b8e86a,0.08473712205886841
0,small,OI_pcb-defect_9e7356cb8645,control,,pcb-defect,0.9100069999694824,0.9100069999694824,0.883963942527771,OI_pcb-defect_f43d04d586d2,OI_pcb-defect_be7ff166bc20,OI_pcb-defect_be7ff166bc20,0.0
0,small,OI_pcb-defect_9f061c914d36,control,,pcb-defect,0.9194797873497009,0.9194797873497009,0.9048271179199219,OI_pcb-defect_037a6c5a88c0,OI_pcb-defect_1cb90d5aee16,OI_pcb-defect_1cb90d5aee16,0.0
0,small,OI_pcb-defect_a330a8e53fbf,probe,crop sibling,pcb-defect,1.0,0.901799201965332,1.0,OI_pcb-defect_131a637c140e,OI_pcb-defect_131a637c140e,OI_pcb-defect_5baa2168820e,0.09820079803466797
0,small,OI_pcb-defect_b7c7bc0b2e33,control,,pcb-defect,0.9100069999694824,0.9100069999694824,0.883963942527771,OI_pcb-defect_f43d04d586d2,OI_pcb-defect_be7ff166bc20,OI_pcb-defect_be7ff166bc20,0.0
0,small,OI_pcb-defect_b7eff2a20d83,control,,pcb-defect,0.9194797873497009,0.9194797873497009,0.9048271179199219,OI_pcb-defect_037a6c5a88c0,OI_pcb-defect_1cb90d5aee16,OI_pcb-defect_1cb90d5aee16,0.0
0,small,OI_pcb-defect_bce51c116712,control,,pcb-defect,0.9100069999694824,0.9100069999694824,0.883963942527771,OI_pcb-defect_f43d04d586d2,OI_pcb-defect_be7ff166bc20,OI_pcb-defect_be7ff166bc20,0.0
0,small,OI_pcb-defect_c2616dae2f53,control,,pcb-defect,0.9100069999694824,0.9100069999694824,0.883963942527771,OI_pcb-defect_f43d04d586d2,OI_pcb-defect_be7ff166bc20,OI_pcb-defect_be7ff166bc20,0.0
0,small,OI_pcb-defect_c464f487ec04,control,,pcb-defect,0.921443521976471,0.921443521976471,0.9153428077697754,OI_pcb-defect_262b441de501,OI_pcb-defect_51a740d7e7ac,OI_pcb-defect_51a740d7e7ac,0.0
0,small,OI_pcb-defect_c4e63f40ae4e,probe,crop sibling,pcb-defect,1.0,0.9147000908851624,1.0,OI_pcb-defect_7acfa3a9d349,OI_pcb-defect_7acfa3a9d349,OI_pcb-defect_3a5ccf071233,0.08529990911483765
0,small,OI_pcb-defect_c9706a3521da,probe,crop sibling,pcb-defect,1.0000001192092896,0.9132957458496094,1.0000001192092896,OI_pcb-defect_6c2287d5af28,OI_pcb-defect_6c2287d5af28,OI_pcb-defect_0bfdb4e36984,0.08670437335968018
0,small,OI_pcb-defect_ce5b2d80283f,probe,crop sibling,pcb-defect,1.000000238418579,0.9141695499420166,1.000000238418579,OI_pcb-defect_a9934270897e,OI_pcb-defect_a9934270897e,OI_pcb-defect_3a5ccf071233,0.0858306884765625
0,small,OI_pcb-defect_d2d57596e2dc,probe,crop sibling,pcb-defect,1.0000003576278687,0.9243281483650208,1.0000003576278687,OI_pcb-defect_f43d04d586d2,OI_pcb-defect_f43d04d586d2,OI_pcb-defect_313b70563876,0.0756722092628479
0,small,OI_pcb-defect_d7b76b5ab431,probe,crop sibling,pcb-defect,0.9999996423721313,0.9291986227035522,0.9999996423721313,OI_pcb-defect_037a6c5a88c0,OI_pcb-defect_037a6c5a88c0,OI_pcb-defect_12933ccb2cf4,0.0708010196685791
0,small,OI_pcb-defect_d8df6c8c6a35,control,,pcb-defect,0.9251635074615479,0.9251635074615479,0.8877583146095276,OI_pcb-defect_037a6c5a88c0,OI_pcb-defect_6aa0ec85a9e9,OI_pcb-defect_6aa0ec85a9e9,0.0
0,small,OI_pcb-defect_dad6db61d950,control,,pcb-defect,0.9242404699325562,0.9242404699325562,0.8941289186477661,OI_pcb-defect_037a6c5a88c0,OI_pcb-defect_209be83fc398,OI_pcb-defect_209be83fc398,0.0
0,small,OI_pcb-defect_db0d42f5eab9,control,,pcb-defect,0.9251635074615479,0.9251635074615479,0.8877583146095276,OI_pcb-defect_037a6c5a88c0,OI_pcb-defect_6aa0ec85a9e9,OI_pcb-defect_6aa0ec85a9e9,0.0
0,small,OI_pcb-defect_dca7df2e9f35,probe,crop sibling,pcb-defect,0.9999996423721313,0.9291986227035522,0.9999996423721313,OI_pcb-defect_037a6c5a88c0,OI_pcb-defect_037a6c5a88c0,OI_pcb-defect_12933ccb2cf4,0.0708010196685791
0,small,OI_pcb-defect_e2dcd6c87f7f,control,,pcb-defect,0.9194797873497009,0.9194797873497009,0.9048271179199219,OI_pcb-defect_037a6c5a88c0,OI_pcb-defect_1cb90d5aee16,OI_pcb-defect_1cb90d5aee16,0.0
0,small,OI_pcb-defect_f29b6eca06b3,control,,pcb-defect,0.9205158352851868,0.9205158352851868,0.9028666615486145,OI_pcb-defect_037a6c5a88c0,OI_pcb-defect_6aa0ec85a9e9,OI_pcb-defect_6aa0ec85a9e9,0.0
0,small,OI_pcb-defect_f763c03f8fd1,probe,crop sibling,pcb-defect,0.9999996423721313,0.9291986227035522,0.9999996423721313,OI_pcb-defect_037a6c5a88c0,OI_pcb-defect_037a6c5a88c0,OI_pcb-defect_12933ccb2cf4,0.0708010196685791
0,small,OI_pcb-ind_0239eff680af,control,,pcb-ind,0.797035276889801,0.797035276889801,0.6994794011116028,OI_pcb-ind_08c520dc372f,OI_pcb-ind_33a381237775,OI_pcb-ind_33a381237775,0.0
0,small,OI_pcb-ind_0359e931f437,control,,pcb-ind,0.7057229280471802,0.7032990455627441,0.7057229280471802,OI_pcb-ind_8cc93f5f0217,OI_pcb-ind_8cc93f5f0217,OI_pcb-ind_c1a7f3d84385,0.002423882484436035
0,small,OI_pcb-ind_0e424a5b447e,probe,similar pair,pcb-ind,0.9516001343727112,0.7670020461082458,0.9516001343727112,OI_pcb-ind_98c6a9152784,OI_pcb-ind_98c6a9152784,OI_pcb-ind_ab5ed075a316,0.18459808826446533
0,small,OI_pcb-ind_0fd3cc97cb10,probe,same metadata group,pcb-ind,0.844418466091156,0.6420539617538452,0.844418466091156,OI_pcb-ind_2ff3b50a57e7,OI_pcb-ind_2ff3b50a57e7,OI_pcb-ind_1b29bc1ed4ea,0.2023645043373108
0,small,OI_pcb-ind_11e65a717723,probe,same metadata group,pcb-ind,0.7288334965705872,0.7854599356651306,0.6920774579048157,OI_pcb-ind_4642d51814eb,OI_pcb-ind_2c9a0599a5c7,OI_pcb-ind_139491843e69,-0.05662643909454346
0,small,OI_pcb-ind_130ea9c243cc,control,,pcb-ind,0.7202960848808289,0.7202960848808289,0.6243540048599243,OI_pcb-ind_82c2d347dd58,OI_pcb-ind_109259ad4074,OI_pcb-ind_109259ad4074,0.0
0,small,OI_pcb-ind_136acb83fa59,probe,same metadata group,pcb-ind,0.7254836559295654,0.7429475784301758,0.7254836559295654,OI_pcb-ind_a9e83ea4cfd9,OI_pcb-ind_a9e83ea4cfd9,OI_pcb-ind_bf3b2453aa33,-0.01746392250061035
0,small,OI_pcb-ind_13a5e4d019e9,probe,same metadata group,pcb-ind,0.7723971605300903,0.7723971605300903,0.6839855909347534,OI_pcb-ind_489ded0ffa57,OI_pcb-ind_b74e407b3fbd,OI_pcb-ind_b74e407b3fbd,0.0
0,small,OI_pcb-ind_15ef06eb0a3f,probe,same metadata group,pcb-ind,0.8064486384391785,0.7013576626777649,0.8064486384391785,OI_pcb-ind_2ff3b50a57e7,OI_pcb-ind_2ff3b50a57e7,OI_pcb-ind_5db77f9beebe,0.10509097576141357
0,small,OI_pcb-ind_1633bb842c25,control,,pcb-ind,0.756430983543396,0.756430983543396,0.6983714699745178,OI_dspcbsd-plus_2fe414263e4e,OI_pcb-ind_764c9ec14276,OI_pcb-ind_764c9ec14276,0.0
0,small,OI_pcb-ind_165a30d0d9e8,probe,same metadata group,pcb-ind,0.7078678607940674,0.7078678607940674,0.694065511226654,OI_pcb-ind_cfa2bd2a413c,OI_pcb-ind_1b4ccf77f00e,OI_pcb-ind_1b4ccf77f00e,0.0
0,small,OI_pcb-ind_16e3000576c6,probe,same metadata group,pcb-ind,0.773838460445404,0.773838460445404,0.7551481127738953,OI_pcb-ind_c029ea2d3c69,OI_pcb-ind_af40fd881070,OI_pcb-ind_af40fd881070,0.0
0,small,OI_pcb-ind_1a28c0db8b69,probe,same metadata group,pcb-ind,0.7807120084762573,0.7807120084762573,0.7450103163719177,OI_pcb-ind_6c8b72f85fa6,OI_dspcbsd-plus_6e30cb3c4786,OI_dspcbsd-plus_6e30cb3c4786,0.0
0,small,OI_pcb-ind_1b44b1c7fb9f,control,,pcb-ind,0.8695951104164124,0.8695951104164124,0.8073453307151794,OI_pcb-ind_d3869b9e07ee,OI_pcb-ind_188d43c4f6aa,OI_pcb-ind_188d43c4f6aa,0.0
0,small,OI_pcb-ind_1b5e82aa8eec,control,,pcb-ind,0.7164047956466675,0.7164047956466675,0.7132784128189087,OI_pcb-ind_7493772ea2ea,OI_pcb-ind_601e118ddeb3,OI_pcb-ind_601e118ddeb3,0.0
0,small,OI_pcb-ind_1c5507815ada,probe,same metadata group,pcb-ind,0.8153747320175171,0.8153747320175171,0.7895134687423706,OI_pcb-ind_c86a4c072a1a,OI_pcb-ind_03614b686bfb,OI_pcb-ind_03614b686bfb,0.0
0,small,OI_pcb-ind_1c5c03420437,probe,same metadata group,pcb-ind,0.8151068091392517,0.8151068091392517,0.7229163646697998,OI_pcb-ind_6eda45eb769c,OI_pcb-ind_97095db6e72b,OI_pcb-ind_97095db6e72b,0.0
0,small,OI_pcb-ind_1cd5ce5b35f3,control,,pcb-ind,0.6759817004203796,0.6759817004203796,0.607667863368988,OI_pcb-ind_e8f50eef7e5d,OI_pcb-ind_33c6fd9915d3,OI_pcb-ind_33c6fd9915d3,0.0
0,small,OI_pcb-ind_1de1b231957e,control,,pcb-ind,0.6543002724647522,0.6543002724647522,0.6417636871337891,OI_pcb-ind_ab9e9979958c,OI_pcb-ind_29c424bf7ca6,OI_pcb-ind_29c424bf7ca6,0.0
0,small,OI_pcb-ind_1f7ae6db263a,probe,same metadata group,pcb-ind,0.7157942056655884,0.7157942056655884,0.6353696584701538,OI_pcb-ind_22d67529de97,OI_pcb-ind_fa0136cb10f7,OI_pcb-ind_fa0136cb10f7,0.0
0,small,OI_pcb-ind_21ecfe0fa13a,control,,pcb-ind,0.8963820934295654,0.8963820934295654,0.808998167514801,OI_pcb-ind_d7371c34b1aa,OI_pcb-ind_4a8a95bea6a2,OI_pcb-ind_4a8a95bea6a2,0.0
0,small,OI_pcb-ind_220992446fe4,probe,same metadata group,pcb-ind,0.8759950399398804,0.8114290237426758,0.8759950399398804,OI_pcb-ind_c1569843f29f,OI_pcb-ind_c1569843f29f,OI_pcb-ind_1331f00fa638,0.06456601619720459
0,small,OI_pcb-ind_2625a4df9223,probe,similar pair,pcb-ind,0.9204403162002563,0.7996463179588318,0.9204403162002563,OI_pcb-ind_08c520dc372f,OI_pcb-ind_08c520dc372f,OI_pcb-ind_536758105efe,0.12079399824142456
0,small,OI_pcb-ind_27a26b2ad9e1,control,,pcb-ind,0.7569752931594849,0.7569752931594849,0.7527886033058167,OI_pcb-ind_6d8980dee6e2,OI_pcb-ind_3593c9a7388c,OI_pcb-ind_3593c9a7388c,0.0
0,small,OI_pcb-ind_2938301d286f,control,,pcb-ind,0.8883618116378784,0.8883618116378784,0.8791441917419434,OI_pcb-ind_f2d9a1df54f8,OI_pcb-ind_c1d5a0911216,OI_pcb-ind_c1d5a0911216,0.0
0,small,OI_pcb-ind_29b6befb52c6,probe,same metadata group,pcb-ind,0.9045140743255615,0.9045140743255615,0.8725243210792542,OI_dspcbsd-plus_85474c3f47d4,OI_pcb-ind_75ee39abbcd7,OI_pcb-ind_75ee39abbcd7,0.0
0,small,OI_pcb-ind_2b737a4631b7,control,,pcb-ind,0.7398110032081604,0.6870787739753723,0.7398110032081604,OI_pcb-ind_e8f50eef7e5d,OI_pcb-ind_e8f50eef7e5d,OI_pcb-ind_5f770a8c62dc,0.052732229232788086
0,small,OI_pcb-ind_2bd0437ae7e7,probe,same metadata group,pcb-ind,0.7494985461235046,0.7494985461235046,0.649251401424408,OI_pcb-ind_d317cb67cdf5,OI_dspcbsd-plus_a6feb356dba8,OI_dspcbsd-plus_a6feb356dba8,0.0
0,small,OI_pcb-ind_2dd1b64ce262,probe,same metadata group,pcb-ind,0.8544647097587585,0.7735689878463745,0.8544647097587585,OI_pcb-ind_e94ee6eac05a,OI_pcb-ind_e94ee6eac05a,OI_pcb-ind_f41bc085040f,0.08089572191238403
0,small,OI_pcb-ind_2ec40dd459ed,probe,same metadata group,pcb-ind,0.9006783962249756,0.9006783962249756,0.820989727973938,OI_pcb-ind_b8ebaf954dd1,OI_pcb-ind_77c03a28e099,OI_pcb-ind_77c03a28e099,0.0
0,small,OI_pcb-ind_2fa54a890398,probe,same metadata group,pcb-ind,0.8069804310798645,0.7155284285545349,0.8069804310798645,OI_pcb-ind_3512d1fc7bb5,OI_pcb-ind_3512d1fc7bb5,OI_pcb-ind_1b29bc1ed4ea,0.09145200252532959
0,small,OI_pcb-ind_30197c21f2b4,probe,same metadata group,pcb-ind,0.7028329372406006,0.7028329372406006,0.6917803287506104,OI_pcb-ind_3c5c9f71e89b,OI_pcb-ind_00ed303e1323,OI_pcb-ind_00ed303e1323,0.0
0,small,OI_pcb-ind_32239b9ff1d6,probe,same metadata group,pcb-ind,0.852443516254425,0.852443516254425,0.8045477867126465,OI_pcb-ind_4a1a51fd610e,OI_pcb-ind_a5294368ec00,OI_pcb-ind_a5294368ec00,0.0
0,small,OI_pcb-ind_344811f6a26b,control,,pcb-ind,0.9045507311820984,0.9045507311820984,0.8485584855079651,OI_dspcbsd-plus_09cc73bb3092,OI_pcb-ind_5f0f22239f46,OI_pcb-ind_5f0f22239f46,0.0
0,small,OI_pcb-ind_35bc74187e98,probe,same metadata group,pcb-ind,0.847206711769104,0.847206711769104,0.7590435743331909,OI_pcb-ind_59e7b846197e,OI_pcb-ind_221e3634f25e,OI_pcb-ind_221e3634f25e,0.0
0,small,OI_pcb-ind_362bfef0b3a2,control,,pcb-ind,0.8021784424781799,0.8021784424781799,0.6509755253791809,OI_dspcbsd-plus_402e360b0497,OI_pcb-ind_a5cedf822a8a,OI_pcb-ind_a5cedf822a8a,0.0
0,small,OI_pcb-ind_36a1c7ae55c8,probe,same metadata group,pcb-ind,0.7608243227005005,0.7608243227005005,0.7003175020217896,OI_pcb-ind_c992c089337b,OI_pcb-ind_d0211eca3dfc,OI_pcb-ind_d0211eca3dfc,0.0
0,small,OI_pcb-ind_36a2d9f76942,probe,same metadata group,pcb-ind,0.8850768804550171,0.8850768804550171,0.8732357025146484,OI_dspcbsd-plus_85474c3f47d4,OI_pcb-ind_3ce490f0bc87,OI_pcb-ind_3ce490f0bc87,0.0
0,small,OI_pcb-ind_3754d429d766,probe,same metadata group,pcb-ind,0.7008702754974365,0.5726713538169861,0.7008702754974365,OI_pcb-ind_6d60a52cafd3,OI_pcb-ind_6d60a52cafd3,OI_pcb-ind_8a8b65f4bf6e,0.12819892168045044
0,small,OI_pcb-ind_39cc65b8fd1a,probe,same metadata group,pcb-ind,0.7657976746559143,0.6535807847976685,0.7657976746559143,OI_pcb-ind_35e021f58fb2,OI_pcb-ind_35e021f58fb2,OI_pcb-ind_3ec85e0413ba,0.11221688985824585
0,small,OI_pcb-ind_3a6fedd4d63a,control,,pcb-ind,0.8795174360275269,0.8795174360275269,0.8233883380889893,OI_pcb-ind_effff63f0c5e,OI_pcb-ind_ee36b8e78cff,OI_pcb-ind_ee36b8e78cff,0.0
0,small,OI_pcb-ind_3b65d32b3559,probe,same metadata group,pcb-ind,0.8869505524635315,0.7351320385932922,0.8869505524635315,OI_pcb-ind_e03ed9080d9a,OI_pcb-ind_e03ed9080d9a,OI_pcb-ind_bff574037ea9,0.15181851387023926
0,small,OI_pcb-ind_3f1640937639,control,,pcb-ind,0.7109324336051941,0.7109324336051941,0.6379122734069824,OI_pcb-ind_4642d51814eb,OI_pcb-ind_9db1a4731cb8,OI_pcb-ind_9db1a4731cb8,0.0
0,small,OI_pcb-ind_428aea697bb9,control,,pcb-ind,0.7883023619651794,0.7883023619651794,0.6880102157592773,OI_pcb-ind_c992c089337b,OI_pcb-ind_ede12aba1599,OI_pcb-ind_ede12aba1599,0.0
0,small,OI_pcb-ind_433422a92b15,probe,same metadata group,pcb-ind,0.7474644184112549,0.6881396770477295,0.7474644184112549,OI_pcb-ind_8d6e703f5f5b,OI_pcb-ind_8d6e703f5f5b,OI_pcb-ind_ba6e12438f14,0.05932474136352539
0,small,OI_pcb-ind_45848e6e03f4,control,,pcb-ind,0.7410898208618164,0.7299003005027771,0.7410898208618164,OI_pcb-ind_45cefb7cf428,OI_pcb-ind_45cefb7cf428,OI_pcb-ind_cc4f64f8eccb,0.011189520359039307
0,small,OI_pcb-ind_45a578ffebd3,probe,same metadata group,pcb-ind,0.884419858455658,0.6926860213279724,0.884419858455658,OI_pcb-ind_e0884a11bb4e,OI_pcb-ind_e0884a11bb4e,OI_pcb-ind_9bac6ab7ad7e,0.19173383712768555
0,small,OI_pcb-ind_45a80b5a51be,control,,pcb-ind,0.6252408623695374,0.6252408623695374,0.5886761546134949,OI_pcb-ind_607d9400fe6b,OI_pcb-ind_d950ea498214,OI_pcb-ind_d950ea498214,0.0
0,small,OI_pcb-ind_461310e3fa51,probe,same metadata group,pcb-ind,0.7879798412322998,0.731948971748352,0.7879798412322998,OI_pcb-ind_82c2d347dd58,OI_pcb-ind_82c2d347dd58,OI_pcb-ind_10f8db385da4,0.056030869483947754
0,small,OI_pcb-ind_4700946fe7cf,control,,pcb-ind,0.7774601578712463,0.7774601578712463,0.6648731827735901,OI_pcb-ind_b1c1c2c6a814,OI_pcb-ind_855c0c9097c0,OI_pcb-ind_855c0c9097c0,0.0
0,small,OI_pcb-ind_47bef90fb4ab,control,,pcb-ind,0.8391715884208679,0.8391715884208679,0.7162697315216064,OI_pcb-ind_25bfbdf18dad,OI_pcb-ind_d713572b8d21,OI_pcb-ind_d713572b8d21,0.0
0,small,OI_pcb-ind_488b1483f727,control,,pcb-ind,0.8008933067321777,0.8008933067321777,0.7004449367523193,OI_pcb-ind_652ea8fcf0a6,OI_pcb-ind_f0aaf484ce68,OI_pcb-ind_f0aaf484ce68,0.0
0,small,OI_pcb-ind_49a4ede64130,control,,pcb-ind,0.7207092642784119,0.7207092642784119,0.6814343333244324,OI_pcb-ind_b5bb34e01ca1,OI_pcb-ind_9928e1c64798,OI_pcb-ind_9928e1c64798,0.0
0,small,OI_pcb-ind_4da09c796b73,control,,pcb-ind,0.7867165207862854,0.7867165207862854,0.7380849123001099,OI_dspcbsd-plus_537d500613ab,OI_pcb-ind_b25edfb4b0dd,OI_pcb-ind_b25edfb4b0dd,0.0
0,small,OI_pcb-ind_523286c04ccc,control,,pcb-ind,0.6006226539611816,0.6006226539611816,0.5115413069725037,OI_pcb-ind_b1c1c2c6a814,OI_pcb-ind_9b2c4774f2f9,OI_pcb-ind_9b2c4774f2f9,0.0
0,small,OI_pcb-ind_57f2d975c1a0,probe,same metadata group,pcb-ind,0.7949322462081909,0.7949322462081909,0.6871830821037292,OI_pcb-ind_aa32e2ca35ca,OI_pcb-ind_740d3c9b17e5,OI_pcb-ind_740d3c9b17e5,0.0
0,small,OI_pcb-ind_588d5dc31bc3,control,,pcb-ind,0.7121028900146484,0.7121028900146484,0.665287435054779,OI_dspcbsd-plus_dda48a6f621d,OI_pcb-ind_b2e3bc5de626,OI_pcb-ind_b2e3bc5de626,0.0
0,small,OI_pcb-ind_58d784b82af1,control,,pcb-ind,0.8602834343910217,0.8212800621986389,0.8602834343910217,OI_pcb-ind_1d6b0588a249,OI_pcb-ind_1d6b0588a249,OI_dspcbsd-plus_2b5fe4a02d13,0.03900337219238281
0,small,OI_pcb-ind_59de028a12fc,probe,same metadata group,pcb-ind,0.8481073379516602,0.8481073379516602,0.6748819947242737,OI_pcb-ind_489ded0ffa57,OI_pcb-ind_ddb735668038,OI_pcb-ind_ddb735668038,0.0
0,small,OI_pcb-ind_5b9259203dc2,control,,pcb-ind,0.9017503261566162,0.9017503261566162,0.7429646849632263,OI_pcb-ind_489ded0ffa57,OI_pcb-ind_3e14599e93fc,OI_pcb-ind_3e14599e93fc,0.0
0,small,OI_pcb-ind_5c070b4c9b1e,control,,pcb-ind,0.7203683853149414,0.7203683853149414,0.6351197957992554,OI_pcb-ind_4642d51814eb,OI_pcb-ind_c1a7f3d84385,OI_pcb-ind_c1a7f3d84385,0.0
0,small,OI_pcb-ind_5c29b11bb8ff,probe,same metadata group,pcb-ind,0.6084123253822327,0.6084123253822327,0.5725544095039368,OI_pcb-ind_a79b9085c1ac,OI_pcb-ind_e0432c4a1dcb,OI_pcb-ind_e0432c4a1dcb,0.0
0,small,OI_pcb-ind_5cd30dbb5a71,probe,same metadata group,pcb-ind,0.7871261835098267,0.7871261835098267,0.7540100812911987,OI_pcb-ind_f0016d64f8ed,OI_pcb-ind_0917720583f8,OI_pcb-ind_0917720583f8,0.0
0,small,OI_pcb-ind_5f88a4bb62c9,control,,pcb-ind,0.7176704406738281,0.7176704406738281,0.704619824886322,OI_pcb-ind_9b68ebda0fc7,OI_pcb-ind_47f1e6e7dc27,OI_pcb-ind_47f1e6e7dc27,0.0
0,small,OI_pcb-ind_609b1b64cc9e,control,,pcb-ind,0.7061035633087158,0.7061035633087158,0.5653589963912964,OI_dspcbsd-plus_6cb498e1cc95,OI_pcb-ind_fbee6f37dfb8,OI_pcb-ind_fbee6f37dfb8,0.0
0,small,OI_pcb-ind_61164e6ebb9a,probe,same metadata group,pcb-ind,0.9083666801452637,0.9083666801452637,0.7615959048271179,OI_dspcbsd-plus_2a66eea6036d,OI_pcb-ind_40f0b54765f3,OI_pcb-ind_40f0b54765f3,0.0
0,small,OI_pcb-ind_61e6317dc7ec,control,,pcb-ind,0.858588457107544,0.858588457107544,0.8255295157432556,OI_pcb-ind_f0016d64f8ed,OI_pcb-ind_af075b454214,OI_pcb-ind_af075b454214,0.0
0,small,OI_pcb-ind_650f2401eac8,control,,pcb-ind,0.7797304391860962,0.7797304391860962,0.7694137692451477,OI_pcb-ind_4642d51814eb,OI_dspcbsd-plus_4ac8cb3475f7,OI_dspcbsd-plus_4ac8cb3475f7,0.0
0,small,OI_pcb-ind_668899762cbd,probe,same metadata group,pcb-ind,0.8937892317771912,0.7876760363578796,0.8937892317771912,OI_pcb-ind_a8bac9d87e6f,OI_pcb-ind_a8bac9d87e6f,OI_dspcbsd-plus_d42ed7196754,0.10611319541931152
0,small,OI_pcb-ind_669c77ab449a,probe,same metadata group,pcb-ind,0.7515700459480286,0.7515700459480286,0.7253179550170898,OI_pcb-ind_9cca0808fdc4,OI_pcb-ind_4b659ef56cbc,OI_pcb-ind_4b659ef56cbc,0.0
0,small,OI_pcb-ind_66f90185322c,control,,pcb-ind,0.7199243307113647,0.7199243307113647,0.7011091709136963,OI_pcb-ind_b8ebaf954dd1,OI_pcb-ind_68c295ee13e1,OI_pcb-ind_68c295ee13e1,0.0
0,small,OI_pcb-ind_68b8ed2a3dd6,control,,pcb-ind,0.9028066396713257,0.9028066396713257,0.675645649433136,OI_pcb-ind_25bfbdf18dad,OI_pcb-ind_33a381237775,OI_pcb-ind_33a381237775,0.0
0,small,OI_pcb-ind_69c41b6a4bc4,probe,same metadata group,pcb-ind,0.6519836187362671,0.6519836187362671,0.590836763381958,OI_pcb-ind_82c2d347dd58,OI_pcb-ind_0f6735c9818b,OI_pcb-ind_0f6735c9818b,0.0
0,small,OI_pcb-ind_6ada68a07442,probe,same metadata group,pcb-ind,0.8751612305641174,0.8751612305641174,0.8096840381622314,OI_pcb-ind_d7371c34b1aa,OI_dspcbsd-plus_689736202c17,OI_dspcbsd-plus_689736202c17,0.0
0,small,OI_pcb-ind_6d1da5c9adee,probe,same metadata group,pcb-ind,0.8771159648895264,0.8771159648895264,0.7934814691543579,OI_pcb-ind_aa32e2ca35ca,OI_pcb-ind_4817cf2147c0,OI_pcb-ind_4817cf2147c0,0.0
0,small,OI_pcb-ind_6dcb3d84c044,control,,pcb-ind,0.7067481279373169,0.7067481279373169,0.6230186820030212,OI_pcb-ind_8cc93f5f0217,OI_pcb-ind_956255c493f4,OI_pcb-ind_956255c493f4,0.0
0,small,OI_pcb-ind_6fc8fa6842e8,probe,same metadata group,pcb-ind,0.846274733543396,0.8541432619094849,0.7989929914474487,OI_dspcbsd-plus_2a66eea6036d,OI_pcb-ind_892d4aa20b2f,OI_pcb-ind_eed90f232f56,-0.007868528366088867
0,small,OI_pcb-ind_702ab8a47cd6,control,,pcb-ind,0.8823283910751343,0.8823283910751343,0.7013464570045471,OI_pcb-ind_6c8b72f85fa6,OI_pcb-ind_f979dfcad56b,OI_pcb-ind_f979dfcad56b,0.0
0,small,OI_pcb-ind_7281e4d62823,control,,pcb-ind,0.8894632458686829,0.8144393563270569,0.8894632458686829,OI_pcb-ind_607d9400fe6b,OI_pcb-ind_607d9400fe6b,OI_pcb-ind_fcbc87dd7505,0.07502388954162598
0,small,OI_pcb-ind_72dc02a94096,probe,same metadata group,pcb-ind,0.6123139262199402,0.6123139262199402,0.6113502979278564,OI_pcb-ind_e03ed9080d9a,OI_pcb-ind_6ee198a897dd,OI_pcb-ind_6ee198a897dd,0.0
0,small,OI_pcb-ind_736974a21f3d,probe,same metadata group,pcb-ind,0.8550509214401245,0.8078120946884155,0.8550509214401245,OI_pcb-ind_f0016d64f8ed,OI_pcb-ind_f0016d64f8ed,OI_pcb-ind_af075b454214,0.047238826751708984
0,small,OI_pcb-ind_749dffbd3b46,probe,same metadata group,pcb-ind,0.8173941373825073,0.8173941373825073,0.6733108162879944,OI_pcb-ind_6c8b72f85fa6,OI_pcb-ind_b56056a11ed7,OI_pcb-ind_b56056a11ed7,0.0
0,small,OI_pcb-ind_753fadd54f2e,control,,pcb-ind,0.7838894724845886,0.7838894724845886,0.7226090431213379,OI_pcb-ind_7493772ea2ea,OI_pcb-ind_e4abdaf4eb46,OI_pcb-ind_e4abdaf4eb46,0.0
0,small,OI_pcb-ind_75f5b1e655de,control,,pcb-ind,0.8202540874481201,0.8202540874481201,0.81418377161026,OI_dspcbsd-plus_ceccb2174cb4,OI_pcb-ind_0e50ff4e88cc,OI_pcb-ind_0e50ff4e88cc,0.0
0,small,OI_pcb-ind_7ddca5617426,probe,same metadata group,pcb-ind,0.8425394892692566,0.8425394892692566,0.7872110605239868,OI_pcb-ind_22d67529de97,OI_pcb-ind_cef19b805585,OI_pcb-ind_cef19b805585,0.0
0,small,OI_pcb-ind_80ac97508bc3,probe,same metadata group,pcb-ind,0.6583898663520813,0.6583898663520813,0.6202630400657654,OI_pcb-ind_c1569843f29f,OI_pcb-ind_a649a3a9bd03,OI_pcb-ind_a649a3a9bd03,0.0
0,small,OI_pcb-ind_80b7c38e9298,probe,same metadata group,pcb-ind,0.8663334846496582,0.6792398691177368,0.8663334846496582,OI_pcb-ind_a79b9085c1ac,OI_pcb-ind_a79b9085c1ac,OI_pcb-ind_e0432c4a1dcb,0.1870936155319214
0,small,OI_pcb-ind_84130aea9b7b,control,,pcb-ind,0.8469155430793762,0.8469155430793762,0.7589391469955444,OI_pcb-ind_c86a4c072a1a,OI_pcb-ind_2f28bbca2657,OI_pcb-ind_2f28bbca2657,0.0
0,small,OI_pcb-ind_8483ea5299bd,control,,pcb-ind,0.8574767112731934,0.8836318254470825,0.7241130471229553,OI_pcb-ind_489ded0ffa57,OI_pcb-ind_77cb5dd78c4c,OI_pcb-ind_20039bf64f61,-0.02615511417388916
0,small,OI_pcb-ind_86ae5af772a3,probe,same metadata group,pcb-ind,0.6957075595855713,0.6906959414482117,0.6957075595855713,OI_pcb-ind_89a92041ecbc,OI_pcb-ind_89a92041ecbc,OI_pcb-ind_19bd4d2bb5df,0.005011618137359619
0,small,OI_pcb-ind_86c6ee2bd9b4,control,,pcb-ind,0.8407762050628662,0.832089900970459,0.8407762050628662,OI_pcb-ind_a6c448e4ce31,OI_pcb-ind_a6c448e4ce31,OI_pcb-ind_b94100b81096,0.008686304092407227
0,small,OI_pcb-ind_870d70c239d2,control,,pcb-ind,0.8611472845077515,0.8611472845077515,0.7895503640174866,OI_pcb-ind_d7371c34b1aa,OI_pcb-ind_2f5902acfcf4,OI_pcb-ind_2f5902acfcf4,0.0
0,small,OI_pcb-ind_8b66099fc90c,probe,same metadata group,pcb-ind,0.8089867234230042,0.8089867234230042,0.733314573764801,OI_pcb-ind_6aab8f42f064,OI_pcb-ind_a567ba069359,OI_pcb-ind_a567ba069359,0.0
0,small,OI_pcb-ind_8f7e1dae5fb1,probe,same metadata group,pcb-ind,0.7728344798088074,0.7471244931221008,0.7728344798088074,OI_pcb-ind_1318263c9179,OI_pcb-ind_1318263c9179,OI_pcb-ind_29fa23e03726,0.025709986686706543
0,small,OI_pcb-ind_9008577bdefb,control,,pcb-ind,0.8019745349884033,0.8019745349884033,0.7838072180747986,OI_dspcbsd-plus_c6f5b5eb7a09,OI_pcb-ind_5ac8b7b16e63,OI_pcb-ind_5ac8b7b16e63,0.0
0,small,OI_pcb-ind_91fb937df0da,control,,pcb-ind,0.7688742876052856,0.7845147848129272,0.7616882920265198,OI_dspcbsd-plus_537d500613ab,OI_pcb-ind_f2fb0ecf82f2,OI_pcb-ind_21ae2ccef461,-0.0156404972076416
0,small,OI_pcb-ind_94fb078e90ec,control,,pcb-ind,0.874864935874939,0.874864935874939,0.8101148009300232,OI_dspcbsd-plus_09cc73bb3092,OI_pcb-ind_c958e7fc5936,OI_pcb-ind_c958e7fc5936,0.0
0,small,OI_pcb-ind_9664f591db46,probe,same metadata group,pcb-ind,0.8802118301391602,0.8802118301391602,0.8446952700614929,OI_pcb-ind_d7371c34b1aa,OI_pcb-ind_40fb27484080,OI_pcb-ind_40fb27484080,0.0
0,small,OI_pcb-ind_989e9110bf39,control,,pcb-ind,0.809196412563324,0.809196412563324,0.762776255607605,OI_pcb-ind_489ded0ffa57,OI_pcb-ind_5f9aed361346,OI_pcb-ind_5f9aed361346,0.0
0,small,OI_pcb-ind_99ae1eaf5300,control,,pcb-ind,0.7363095879554749,0.7363095879554749,0.7025544047355652,OI_pcb-ind_7493772ea2ea,OI_pcb-ind_2c7af35093c2,OI_pcb-ind_2c7af35093c2,0.0
0,small,OI_pcb-ind_99b77187eadf,probe,same metadata group,pcb-ind,0.8045159578323364,0.7695087194442749,0.8045159578323364,OI_pcb-ind_e8f50eef7e5d,OI_pcb-ind_e8f50eef7e5d,OI_pcb-ind_c562c84fdae2,0.03500723838806152
0,small,OI_pcb-ind_9a749bb738c5,probe,same metadata group,pcb-ind,0.760988712310791,0.760988712310791,0.6527586579322815,OI_pcb-ind_bb6d5320537d,OI_pcb-ind_2c9a0599a5c7,OI_pcb-ind_2c9a0599a5c7,0.0
0,small,OI_pcb-ind_9bb86d058c18,control,,pcb-ind,0.6154162287712097,0.5717934370040894,0.6154162287712097,OI_pcb-ind_8d6e703f5f5b,OI_pcb-ind_8d6e703f5f5b,OI_dspcbsd-plus_0775cc6cdd74,0.04362279176712036
0,small,OI_pcb-ind_9d7e69a622e9,probe,same metadata group,pcb-ind,0.7950288653373718,0.7950288653373718,0.6911163330078125,OI_dspcbsd-plus_ec7d48a3c36d,OI_pcb-ind_e4abdaf4eb46,OI_pcb-ind_e4abdaf4eb46,0.0
0,small,OI_pcb-ind_9dd9a43a9501,probe,same metadata group,pcb-ind,0.8580803871154785,0.7446266412734985,0.8580803871154785,OI_pcb-ind_c1569843f29f,OI_pcb-ind_c1569843f29f,OI_pcb-ind_1331f00fa638,0.11345374584197998
0,small,OI_pcb-ind_a17e1467f420,probe,same metadata group,pcb-ind,0.8031119108200073,0.8031119108200073,0.6109466552734375,OI_pcb-ind_652ea8fcf0a6,OI_pcb-ind_55ea2d8d46ca,OI_pcb-ind_55ea2d8d46ca,0.0
0,small,OI_pcb-ind_a2df770a3fae,control,,pcb-ind,0.8888311386108398,0.8888311386108398,0.8402168154716492,OI_dspcbsd-plus_d9aa4e54ad55,OI_pcb-ind_245a694b6ceb,OI_pcb-ind_245a694b6ceb,0.0
0,small,OI_pcb-ind_a36ae2a2adbc,probe,same metadata group,pcb-ind,0.8335955142974854,0.8335955142974854,0.7687051296234131,OI_pcb-ind_6d8980dee6e2,OI_pcb-ind_57a45ff56d34,OI_pcb-ind_57a45ff56d34,0.0
0,small,OI_pcb-ind_a80138456a2f,control,,pcb-ind,0.6722657084465027,0.6722657084465027,0.5820852518081665,OI_pcb-ind_22d67529de97,OI_pcb-ind_2b09f081cdbe,OI_pcb-ind_2b09f081cdbe,0.0
0,small,OI_pcb-ind_a8c5bbef4550,control,,pcb-ind,0.7828068137168884,0.7828068137168884,0.6840371489524841,OI_pcb-ind_6aab8f42f064,OI_pcb-ind_bff574037ea9,OI_pcb-ind_bff574037ea9,0.0
0,small,OI_pcb-ind_a8d80ea0ee0b,probe,same metadata group,pcb-ind,0.736833930015564,0.7013599276542664,0.736833930015564,OI_pcb-ind_5ff757c370a5,OI_pcb-ind_5ff757c370a5,OI_pcb-ind_b3b9ef6935ae,0.03547400236129761
0,small,OI_pcb-ind_a9e785bddae9,probe,same metadata group,pcb-ind,0.823556661605835,0.823556661605835,0.73517906665802,OI_pcb-ind_e8f50eef7e5d,OI_pcb-ind_435bb9194525,OI_pcb-ind_435bb9194525,0.0
0,small,OI_pcb-ind_aba103edd57d,control,,pcb-ind,0.7188124060630798,0.7188124060630798,0.6553387641906738,OI_pcb-ind_e8f50eef7e5d,OI_pcb-ind_2a8d3603b50d,OI_pcb-ind_2a8d3603b50d,0.0
0,small,OI_pcb-ind_ad98dbf5645d,probe,same metadata group,pcb-ind,0.7733320593833923,0.7733320593833923,0.705479621887207,OI_pcb-ind_4a1a51fd610e,OI_pcb-ind_86a99380d326,OI_pcb-ind_86a99380d326,0.0
0,small,OI_pcb-ind_b140fd1cab9b,probe,same metadata group,pcb-ind,0.7583929300308228,0.7583929300308228,0.6919415593147278,OI_pcb-ind_aaeb3b3a6da9,OI_dspcbsd-plus_934c784eba0e,OI_dspcbsd-plus_934c784eba0e,0.0
0,small,OI_pcb-ind_b29a09abc632,control,,pcb-ind,0.7999175786972046,0.7999175786972046,0.6958935856819153,OI_pcb-ind_b5bb34e01ca1,OI_dspcbsd-plus_3d8d5f0c1663,OI_dspcbsd-plus_3d8d5f0c1663,0.0
0,small,OI_pcb-ind_b30aeb9a961b,probe,same metadata group,pcb-ind,0.7623734474182129,0.7609745264053345,0.7623734474182129,OI_pcb-ind_1003d92302d7,OI_pcb-ind_1003d92302d7,OI_pcb-ind_4bede3e15b8f,0.001398921012878418
0,small,OI_pcb-ind_b342a8d57dcc,control,,pcb-ind,0.8146096467971802,0.8146096467971802,0.7357004880905151,OI_pcb-ind_6c8b72f85fa6,OI_pcb-ind_764a0654181a,OI_pcb-ind_764a0654181a,0.0
0,small,OI_pcb-ind_b48ace894ae9,probe,same metadata group,pcb-ind,0.8982605934143066,0.8982605934143066,0.8688474297523499,OI_pcb-ind_59e7b846197e,OI_pcb-ind_ca429ed0bfe5,OI_pcb-ind_ca429ed0bfe5,0.0
0,small,OI_pcb-ind_b51afceccf45,control,,pcb-ind,0.774878978729248,0.774878978729248,0.6562627553939819,OI_dspcbsd-plus_537d500613ab,OI_pcb-ind_c1a7f3d84385,OI_pcb-ind_c1a7f3d84385,0.0
0,small,OI_pcb-ind_b5cec1e181e7,probe,same metadata group,pcb-ind,0.8149188160896301,0.7710753083229065,0.8149188160896301,OI_pcb-ind_ba73e8de24ae,OI_pcb-ind_ba73e8de24ae,OI_pcb-ind_5db77f9beebe,0.04384350776672363
0,small,OI_pcb-ind_b639a4bdf44f,control,,pcb-ind,0.8024494647979736,0.7771517038345337,0.8024494647979736,OI_pcb-ind_1d6b0588a249,OI_pcb-ind_1d6b0588a249,OI_pcb-ind_e98235123213,0.02529776096343994
0,small,OI_pcb-ind_b6e9d493bcba,control,,pcb-ind,0.9000712633132935,0.9000712633132935,0.8396468162536621,OI_pcb-ind_b8ebaf954dd1,OI_pcb-ind_5add620a7f33,OI_pcb-ind_5add620a7f33,0.0
0,small,OI_pcb-ind_ba02441e48b8,control,,pcb-ind,0.7156757712364197,0.7156757712364197,0.5891972780227661,OI_dspcbsd-plus_fd51e5ebd339,OI_pcb-ind_95daa61352f1,OI_pcb-ind_95daa61352f1,0.0
0,small,OI_pcb-ind_c24a04933f85,control,,pcb-ind,0.7597625851631165,0.7752183079719543,0.7597625851631165,OI_dspcbsd-plus_537d500613ab,OI_dspcbsd-plus_537d500613ab,OI_pcb-ind_21ae2ccef461,-0.01545572280883789
0,small,OI_pcb-ind_c2c3b955b200,control,,pcb-ind,0.87356036901474,0.87356036901474,0.7639992833137512,OI_pcb-ind_82c2d347dd58,OI_pcb-ind_5f770a8c62dc,OI_pcb-ind_5f770a8c62dc,0.0
0,small,OI_pcb-ind_c4ec377ec89f,probe,same metadata group,pcb-ind,0.8093170523643494,0.803170919418335,0.8093170523643494,OI_pcb-ind_489ded0ffa57,OI_pcb-ind_489ded0ffa57,OI_pcb-ind_5f9aed361346,0.006146132946014404
0,small,OI_pcb-ind_c53206adafc6,probe,same metadata group,pcb-ind,0.8363922238349915,0.8363922238349915,0.7078261375427246,OI_pcb-ind_652ea8fcf0a6,OI_pcb-ind_3a6cc83a9ad1,OI_pcb-ind_3a6cc83a9ad1,0.0
0,small,OI_pcb-ind_c5404f163f01,control,,pcb-ind,0.849280595779419,0.849280595779419,0.7594332695007324,OI_pcb-ind_6aab8f42f064,OI_pcb-ind_74fd781975ae,OI_pcb-ind_74fd781975ae,0.0
0,small,OI_pcb-ind_c65a84606afd,probe,same metadata group,pcb-ind,0.9013169407844543,0.9013169407844543,0.7593367695808411,OI_dspcbsd-plus_d9aa4e54ad55,OI_pcb-ind_133ecd807d8c,OI_pcb-ind_133ecd807d8c,0.0
0,small,OI_pcb-ind_c6c99052d467,probe,same metadata group,pcb-ind,0.7998919486999512,0.7998919486999512,0.723517119884491,OI_pcb-ind_25bfbdf18dad,OI_pcb-ind_9d3bcd5c9e7e,OI_pcb-ind_9d3bcd5c9e7e,0.0
0,small,OI_pcb-ind_c7f192d3f710,control,,pcb-ind,0.8793970346450806,0.8793970346450806,0.8178619146347046,OI_pcb-ind_652ea8fcf0a6,OI_pcb-ind_5799f9e435bd,OI_pcb-ind_5799f9e435bd,0.0
0,small,OI_pcb-ind_cac16183ff99,control,,pcb-ind,0.6736500263214111,0.6736500263214111,0.6611354351043701,OI_pcb-ind_6aab8f42f064,OI_pcb-ind_a6cdf5e25ee1,OI_pcb-ind_a6cdf5e25ee1,0.0
0,small,OI_pcb-ind_cbbf5f680f3b,probe,same metadata group,pcb-ind,0.8271140456199646,0.8271140456199646,0.7351527214050293,OI_pcb-ind_e42920c1e78c,OI_pcb-ind_c562c84fdae2,OI_pcb-ind_c562c84fdae2,0.0
0,small,OI_pcb-ind_cbc0bd8ef5e2,control,,pcb-ind,0.775902509689331,0.775902509689331,0.6417097449302673,OI_pcb-ind_08c520dc372f,OI_dspcbsd-plus_ca27fc699e97,OI_dspcbsd-plus_ca27fc699e97,0.0
0,small,OI_pcb-ind_cf3e15512266,control,,pcb-ind,0.7990480065345764,0.7990480065345764,0.7379270792007446,OI_pcb-ind_b1c1c2c6a814,OI_pcb-ind_8743195da008,OI_pcb-ind_8743195da008,0.0
0,small,OI_pcb-ind_d202ff7b7cdd,control,,pcb-ind,0.8196397423744202,0.8196397423744202,0.6886618137359619,OI_pcb-ind_59e7b846197e,OI_pcb-ind_6835e55dbfb9,OI_pcb-ind_6835e55dbfb9,0.0
0,small,OI_pcb-ind_d280e970584b,probe,same metadata group,pcb-ind,0.7464302778244019,0.7032170295715332,0.7464302778244019,OI_pcb-ind_c1569843f29f,OI_pcb-ind_c1569843f29f,OI_dspcbsd-plus_a3d72109611f,0.04321324825286865
0,small,OI_pcb-ind_d35d3611b589,control,,pcb-ind,0.787148118019104,0.8019019365310669,0.7574308514595032,OI_pcb-ind_d2c3572c9c9e,OI_pcb-ind_952f1d19fd13,OI_dspcbsd-plus_72226e91dda3,-0.01475381851196289
0,small,OI_pcb-ind_d3f24aad5811,control,,pcb-ind,0.7452790141105652,0.7452790141105652,0.6616561412811279,OI_pcb-ind_1d6b0588a249,OI_pcb-ind_2e7b1fbadc27,OI_pcb-ind_2e7b1fbadc27,0.0
0,small,OI_pcb-ind_d582644e2e57,control,,pcb-ind,0.7705176472663879,0.8277402520179749,0.7264288663864136,OI_pcb-ind_6c8b72f85fa6,OI_pcb-ind_4c396183f695,OI_pcb-ind_f3650f53ac6c,-0.057222604751586914
0,small,OI_pcb-ind_d78da257efef,probe,same metadata group,pcb-ind,0.8687478303909302,0.901914119720459,0.8160904049873352,OI_pcb-ind_d2c3572c9c9e,OI_pcb-ind_40fb27484080,OI_pcb-ind_a44671dd246f,-0.03316628932952881
0,small,OI_pcb-ind_d897e78ee311,probe,same metadata group,pcb-ind,0.8847355842590332,0.8847355842590332,0.749321699142456,OI_pcb-ind_6c8b72f85fa6,OI_pcb-ind_7d9ac5c49a39,OI_pcb-ind_7d9ac5c49a39,0.0
0,small,OI_pcb-ind_dc27800bcce4,control,,pcb-ind,0.782031238079071,0.782031238079071,0.7815112471580505,OI_pcb-ind_e8f50eef7e5d,OI_pcb-ind_03f3d1c7f03d,OI_pcb-ind_03f3d1c7f03d,0.0
0,small,OI_pcb-ind_dc93d690c6d9,probe,same metadata group,pcb-ind,0.7317954301834106,0.7294172048568726,0.7317954301834106,OI_pcb-ind_98c6a9152784,OI_pcb-ind_98c6a9152784,OI_dspcbsd-plus_2c1de32d55ef,0.002378225326538086
0,small,OI_pcb-ind_de55fdc55c6f,probe,same metadata group,pcb-ind,0.7847481966018677,0.7847481966018677,0.7670989036560059,OI_pcb-ind_cfa2bd2a413c,OI_pcb-ind_927643ed9b39,OI_pcb-ind_927643ed9b39,0.0
0,small,OI_pcb-ind_df2700718181,control,,pcb-ind,0.8817760348320007,0.8817760348320007,0.8227960467338562,OI_pcb-ind_9611eb39d06f,OI_pcb-ind_75ee39abbcd7,OI_pcb-ind_75ee39abbcd7,0.0
0,small,OI_pcb-ind_e048bf4ee61d,control,,pcb-ind,0.9109877943992615,0.9028885960578918,0.9109877943992615,OI_pcb-ind_d7371c34b1aa,OI_pcb-ind_d7371c34b1aa,OI_pcb-ind_c958e7fc5936,0.008099198341369629
0,small,OI_pcb-ind_e0ab6576e60a,control,,pcb-ind,0.8388415575027466,0.8388415575027466,0.5320842266082764,OI_pcb-ind_07b8c25ec587,OI_pcb-ind_a3b2faa65edb,OI_pcb-ind_a3b2faa65edb,0.0
0,small,OI_pcb-ind_e27e5a61d48b,control,,pcb-ind,0.6744193434715271,0.6744193434715271,0.6259183287620544,OI_pcb-ind_22d67529de97,OI_pcb-ind_d6e2329fcede,OI_pcb-ind_d6e2329fcede,0.0
0,small,OI_pcb-ind_e311abcdca04,control,,pcb-ind,0.8589876890182495,0.8589876890182495,0.7374359965324402,OI_pcb-ind_59e7b846197e,OI_pcb-ind_f51089ba070f,OI_pcb-ind_f51089ba070f,0.0
0,small,OI_pcb-ind_e4cf23fdb421,probe,same metadata group,pcb-ind,0.8597186803817749,0.7073683142662048,0.8597186803817749,OI_pcb-ind_1318263c9179,OI_pcb-ind_1318263c9179,OI_pcb-ind_5db77f9beebe,0.15235036611557007
0,small,OI_pcb-ind_e9008d55ff07,control,,pcb-ind,0.8200169205665588,0.7937990427017212,0.8200169205665588,OI_pcb-ind_cf77843cb7da,OI_pcb-ind_cf77843cb7da,OI_pcb-ind_dfd677628054,0.026217877864837646
0,small,OI_pcb-ind_e96f1f07938a,probe,same metadata group,pcb-ind,0.7695067524909973,0.669223427772522,0.7695067524909973,OI_pcb-ind_ef65623a36a4,OI_pcb-ind_ef65623a36a4,OI_pcb-ind_ba6e12438f14,0.10028332471847534
0,small,OI_pcb-ind_eaecfef3c93b,control,,pcb-ind,0.660841166973114,0.660841166973114,0.5401548743247986,OI_pcb-ind_e6ba7f09c2ca,OI_pcb-ind_c1a7f3d84385,OI_pcb-ind_c1a7f3d84385,0.0
0,small,OI_pcb-ind_ef52c7ab8efb,probe,same metadata group,pcb-ind,0.8888331651687622,0.8396421670913696,0.8888331651687622,OI_pcb-ind_fce8411a02fc,OI_pcb-ind_fce8411a02fc,OI_dspcbsd-plus_91e84390d1e9,0.04919099807739258
0,small,OI_pcb-ind_f13509bc2293,probe,same metadata group,pcb-ind,0.7361685037612915,0.7124027013778687,0.7361685037612915,OI_pcb-ind_1d6b0588a249,OI_pcb-ind_1d6b0588a249,OI_pcb-ind_e67d759144e6,0.02376580238342285
0,small,OI_pcb-ind_f136ffedfc0b,control,,pcb-ind,0.8429211378097534,0.8429211378097534,0.7345749735832214,OI_pcb-ind_b8ebaf954dd1,OI_pcb-ind_6b71c26c22b6,OI_pcb-ind_6b71c26c22b6,0.0
0,small,OI_pcb-ind_f193dc797685,control,,pcb-ind,0.814560055732727,0.814560055732727,0.7490371465682983,OI_pcb-ind_6aab8f42f064,OI_pcb-ind_bff574037ea9,OI_pcb-ind_bff574037ea9,0.0
0,small,OI_pcb-ind_f1edfe22bada,probe,same metadata group,pcb-ind,0.7018744945526123,0.7018744945526123,0.6527992486953735,OI_pcb-ind_ef65623a36a4,OI_pcb-ind_0525d8e5efe8,OI_pcb-ind_0525d8e5efe8,0.0
0,small,OI_pcb-ind_f5a7fdf1bcff,probe,similar pair,pcb-ind,0.9535633325576782,0.8130958080291748,0.9535633325576782,OI_pcb-ind_489ded0ffa57,OI_pcb-ind_489ded0ffa57,OI_pcb-ind_2f760453c36c,0.14046752452850342
0,small,OI_pcb-ind_f6eb9255bef7,probe,same metadata group,pcb-ind,0.8297492861747742,0.7517736554145813,0.8297492861747742,OI_pcb-ind_1d6b0588a249,OI_pcb-ind_1d6b0588a249,OI_pcb-ind_e67d759144e6,0.07797563076019287
0,small,OI_pcb-ind_f86ebdaa6bd9,probe,same metadata group,pcb-ind,0.7788432836532593,0.7788432836532593,0.6296756863594055,OI_pcb-ind_a9e83ea4cfd9,OI_pcb-ind_8b05337233f9,OI_pcb-ind_8b05337233f9,0.0
0,small,OI_pcb-ind_f897ab0c032a,control,,pcb-ind,0.8855123519897461,0.8855123519897461,0.7052044868469238,OI_dspcbsd-plus_bbef178a1791,OI_pcb-ind_bd06a18c5db2,OI_pcb-ind_bd06a18c5db2,0.0
0,small,OI_pcb-ind_f89f809c1c37,control,,pcb-ind,0.7626038193702698,0.7626038193702698,0.6699777245521545,OI_pcb-ind_4642d51814eb,OI_pcb-ind_0e9cbd9d80b2,OI_pcb-ind_0e9cbd9d80b2,0.0
0,small,OI_pcb-ind_f97b3dd44f6a,probe,same metadata group,pcb-ind,0.7358098030090332,0.6304959058761597,0.7358098030090332,OI_pcb-ind_8cc93f5f0217,OI_pcb-ind_8cc93f5f0217,OI_pcb-ind_29c424bf7ca6,0.10531389713287354
0,small,OI_pcb-ind_fa8eb47e0c94,probe,same metadata group,pcb-ind,0.8780903816223145,0.8792628049850464,0.7225659489631653,OI_dspcbsd-plus_11750cfbb173,OI_pcb-ind_6c54a9973895,OI_pcb-ind_e951cb5ea104,-0.0011724233627319336
0,small,OI_pcb-ind_fb37baaa751b,control,,pcb-ind,0.822755753993988,0.822755753993988,0.7880464792251587,OI_pcb-ind_f0016d64f8ed,OI_pcb-ind_3e242fb729b7,OI_pcb-ind_3e242fb729b7,0.0
0,small,OI_pcb-ind_fcb0e2e2a011,probe,same metadata group,pcb-ind,0.8603001236915588,0.7184587121009827,0.8603001236915588,OI_pcb-ind_c1569843f29f,OI_pcb-ind_c1569843f29f,OI_pcb-ind_1331f00fa638,0.14184141159057617
0,small,OI_pcb-ind_fed02ccc81e1,probe,same metadata group,pcb-ind,0.7766546607017517,0.7666597366333008,0.7766546607017517,OI_pcb-ind_cf77843cb7da,OI_pcb-ind_cf77843cb7da,OI_pcb-ind_9db537cc59c1,0.009994924068450928
0,small,OI_pcb-ind_ffdc100fbc99,control,,pcb-ind,0.7898930311203003,0.7898930311203003,0.5934202075004578,OI_pcb-ind_652ea8fcf0a6,OI_pcb-ind_198d98ac55c7,OI_pcb-ind_198d98ac55c7,0.0
0,base,OI_dspcbsd-plus_010f6b274095,probe,same component,dspcbsd-plus,0.7761375904083252,0.7761375904083252,0.7594391107559204,OI_dspcbsd-plus_bb3e349132f6,OI_dspcbsd-plus_9bf637b56bb3,OI_dspcbsd-plus_9bf637b56bb3,0.0
0,base,OI_dspcbsd-plus_0202145cbca3,control,,dspcbsd-plus,0.8916467428207397,0.9484415650367737,0.8417496085166931,OI_pcb-ind_d7371c34b1aa,OI_dspcbsd-plus_db78a39fd791,OI_dspcbsd-plus_6fa0188cce13,-0.056794822216033936
0,base,OI_dspcbsd-plus_041b6c881b69,control,,dspcbsd-plus,0.7257323861122131,0.7257323861122131,0.6007683277130127,OI_dspcbsd-plus_6cb498e1cc95,OI_dspcbsd-plus_c484681430cd,OI_dspcbsd-plus_c484681430cd,0.0
0,base,OI_dspcbsd-plus_0831476765fb,probe,similar pair,dspcbsd-plus,0.8269786238670349,0.8264849185943604,0.8269786238670349,OI_dspcbsd-plus_a022f21892ab,OI_dspcbsd-plus_a022f21892ab,OI_dspcbsd-plus_163bef46044d,0.0004937052726745605
0,base,OI_dspcbsd-plus_0940574db3dd,probe,similar pair,dspcbsd-plus,0.896068274974823,0.7838467359542847,0.896068274974823,OI_dspcbsd-plus_f45929834e71,OI_dspcbsd-plus_f45929834e71,OI_dspcbsd-plus_b3a56274dd84,0.11222153902053833
0,base,OI_dspcbsd-plus_0c683a2c5c05,probe,similar pair,dspcbsd-plus,0.8911686539649963,0.8853750228881836,0.8911686539649963,OI_dspcbsd-plus_f96e2797edb2,OI_dspcbsd-plus_f96e2797edb2,OI_dspcbsd-plus_5f057b5ad81e,0.005793631076812744
0,base,OI_dspcbsd-plus_0c999480c2c7,control,,dspcbsd-plus,0.718735933303833,0.718735933303833,0.6368353366851807,OI_pcb-ind_e6ba7f09c2ca,OI_dspcbsd-plus_c8308c469400,OI_dspcbsd-plus_c8308c469400,0.0
0,base,OI_dspcbsd-plus_0e42c0dc35e0,probe,similar pair,dspcbsd-plus,0.9174451231956482,0.8252933025360107,0.9174451231956482,OI_dspcbsd-plus_d9aa4e54ad55,OI_dspcbsd-plus_d9aa4e54ad55,OI_dspcbsd-plus_013a7e7401ac,0.09215182065963745
0,base,OI_dspcbsd-plus_0fa778951be0,probe,similar pair,dspcbsd-plus,0.8371281623840332,0.8261203765869141,0.8371281623840332,OI_dspcbsd-plus_537d500613ab,OI_dspcbsd-plus_537d500613ab,OI_dspcbsd-plus_594df4a0c5fb,0.01100778579711914
0,base,OI_dspcbsd-plus_105e16a9de12,control,,dspcbsd-plus,0.6437274217605591,0.6437274217605591,0.5347278118133545,OI_dspcbsd-plus_3edebf881e8d,OI_dspcbsd-plus_8ba235fef3ff,OI_dspcbsd-plus_8ba235fef3ff,0.0
0,base,OI_dspcbsd-plus_12abe0924d24,probe,same component,dspcbsd-plus,0.8790654540061951,0.8234719038009644,0.8790654540061951,OI_dspcbsd-plus_9ba529913caf,OI_dspcbsd-plus_9ba529913caf,OI_dspcbsd-plus_4c18abb50e7e,0.05559355020523071
0,base,OI_dspcbsd-plus_12bba18b9467,probe,same component,dspcbsd-plus,0.8863126039505005,0.7503410577774048,0.8863126039505005,OI_dspcbsd-plus_880fd323c90d,OI_dspcbsd-plus_880fd323c90d,OI_dspcbsd-plus_b3a56274dd84,0.1359715461730957
0,base,OI_dspcbsd-plus_133bb32c41a8,probe,similar pair,dspcbsd-plus,0.8655227422714233,0.7151383757591248,0.8655227422714233,OI_dspcbsd-plus_c481c80a1022,OI_dspcbsd-plus_c481c80a1022,OI_dspcbsd-plus_a0dc50e55166,0.15038436651229858
0,base,OI_dspcbsd-plus_134e55ae7147,control,,dspcbsd-plus,0.7832493782043457,0.7832493782043457,0.6849212646484375,OI_dspcbsd-plus_bb3e349132f6,OI_pcb-ind_81b85e9d5636,OI_pcb-ind_81b85e9d5636,0.0
0,base,OI_dspcbsd-plus_136b278bcb5c,control,,dspcbsd-plus,0.8465946316719055,0.8465946316719055,0.6027547121047974,OI_dspcbsd-plus_1ea2754aa5d4,OI_dspcbsd-plus_186b97066429,OI_dspcbsd-plus_186b97066429,0.0
0,base,OI_dspcbsd-plus_18b005344990,control,,dspcbsd-plus,0.5925443172454834,0.6126111149787903,0.5827738046646118,OI_pcb-ind_bb6d5320537d,OI_pcb-ind_93c5824de1ce,OI_pcb-ind_0599e3db6da7,-0.020066797733306885
0,base,OI_dspcbsd-plus_1952a6dce4f4,control,,dspcbsd-plus,0.6569984555244446,0.6626738905906677,0.5364833474159241,OI_dspcbsd-plus_bb3e349132f6,OI_dspcbsd-plus_b75f42a20ffa,OI_dspcbsd-plus_4a0bd6ab9533,-0.0056754350662231445
0,base,OI_dspcbsd-plus_199e6468c157,control,,dspcbsd-plus,0.7646377086639404,0.7646377086639404,0.7324233055114746,OI_dspcbsd-plus_2a66eea6036d,OI_dspcbsd-plus_009a9317de3b,OI_dspcbsd-plus_009a9317de3b,0.0
0,base,OI_dspcbsd-plus_1c0b4e9a83d5,control,,dspcbsd-plus,0.583477258682251,0.583477258682251,0.42209795117378235,OI_pcb-ind_22d67529de97,OI_dspcbsd-plus_a8f3acb9e18e,OI_dspcbsd-plus_a8f3acb9e18e,0.0
0,base,OI_dspcbsd-plus_1c5b754413a8,control,,dspcbsd-plus,0.897168755531311,0.897168755531311,0.8597334623336792,OI_dspcbsd-plus_2a66eea6036d,OI_dspcbsd-plus_936a7e8f0621,OI_dspcbsd-plus_936a7e8f0621,0.0
0,base,OI_dspcbsd-plus_20c27af56319,control,,dspcbsd-plus,0.7276031970977783,0.7276031970977783,0.5381172299385071,OI_dspcbsd-plus_ffff273bd969,OI_dspcbsd-plus_21ee40ae8210,OI_dspcbsd-plus_21ee40ae8210,0.0
0,base,OI_dspcbsd-plus_21bd16b51aeb,control,,dspcbsd-plus,0.8079389333724976,0.8509782552719116,0.7136647701263428,OI_pcb-ind_d7371c34b1aa,OI_dspcbsd-plus_8179cca3decc,OI_dspcbsd-plus_16742be0ba7d,-0.04303932189941406
0,base,OI_dspcbsd-plus_233e65adae65,probe,similar pair,dspcbsd-plus,0.7998768091201782,0.7999265193939209,0.7446556091308594,OI_dspcbsd-plus_0e9fe58190c2,OI_dspcbsd-plus_126204af9cfb,OI_dspcbsd-plus_f71b0342a09a,-4.971027374267578e-05
0,base,OI_dspcbsd-plus_25a62020f985,probe,similar pair,dspcbsd-plus,0.9499365091323853,0.8849371671676636,0.9499365091323853,OI_dspcbsd-plus_0152dc94095e,OI_dspcbsd-plus_0152dc94095e,OI_dspcbsd-plus_7a79f9cc946a,0.06499934196472168
0,base,OI_dspcbsd-plus_26de261179ff,control,,dspcbsd-plus,0.7247482538223267,0.7247482538223267,0.5603317022323608,OI_dspcbsd-plus_e81eb183706e,OI_dspcbsd-plus_300387f2ae71,OI_dspcbsd-plus_300387f2ae71,0.0
0,base,OI_dspcbsd-plus_26f8cde0048f,probe,similar pair,dspcbsd-plus,0.9361139535903931,0.8640046119689941,0.9361139535903931,OI_dspcbsd-plus_ca520caede4d,OI_dspcbsd-plus_ca520caede4d,OI_dspcbsd-plus_aa8bc6138582,0.07210934162139893
0,base,OI_dspcbsd-plus_2b9c0bfc94e3,control,,dspcbsd-plus,0.7865853905677795,0.7865853905677795,0.7346273064613342,OI_pcb-ind_652ea8fcf0a6,OI_pcb-ind_458aba13f55e,OI_pcb-ind_458aba13f55e,0.0
0,base,OI_dspcbsd-plus_2cbcab4d1768,control,,dspcbsd-plus,0.7047866582870483,0.7047866582870483,0.5124945640563965,OI_dspcbsd-plus_a022f21892ab,OI_dspcbsd-plus_cad831f1a3a9,OI_dspcbsd-plus_cad831f1a3a9,0.0
0,base,OI_dspcbsd-plus_2e4e018a47a0,control,,dspcbsd-plus,0.797737717628479,0.797737717628479,0.7680102586746216,OI_pcb-ind_08c520dc372f,OI_pcb-ind_8c89093c8fb8,OI_pcb-ind_8c89093c8fb8,0.0
0,base,OI_dspcbsd-plus_2fe6398910f3,control,,dspcbsd-plus,0.7672348022460938,0.7672348022460938,0.6003886461257935,OI_dspcbsd-plus_ab25c96abd6e,OI_dspcbsd-plus_b45031b94c81,OI_dspcbsd-plus_b45031b94c81,0.0
0,base,OI_dspcbsd-plus_30727ef81f96,control,,dspcbsd-plus,0.7399231195449829,0.73786860704422,0.7399231195449829,OI_pcb-ind_b5bb34e01ca1,OI_pcb-ind_b5bb34e01ca1,OI_pcb-ind_0b36351abeb7,0.0020545125007629395
0,base,OI_dspcbsd-plus_3216484a63e0,control,,dspcbsd-plus,0.8966458439826965,0.8966458439826965,0.8852323293685913,OI_dspcbsd-plus_cdb66e719d3a,OI_dspcbsd-plus_f0a4190f2ce5,OI_dspcbsd-plus_f0a4190f2ce5,0.0
0,base,OI_dspcbsd-plus_36a61eb52066,probe,similar pair,dspcbsd-plus,0.9698944091796875,0.9652742147445679,0.9698944091796875,OI_dspcbsd-plus_a4d97e1bb28d,OI_dspcbsd-plus_a4d97e1bb28d,OI_dspcbsd-plus_7a79f9cc946a,0.004620194435119629
0,base,OI_dspcbsd-plus_3783cb76ad9b,control,,dspcbsd-plus,0.752458930015564,0.752458930015564,0.653928816318512,OI_dspcbsd-plus_3ba4fc7a7afa,OI_dspcbsd-plus_d7d2a23b357a,OI_dspcbsd-plus_d7d2a23b357a,0.0
0,base,OI_dspcbsd-plus_387eb11e88bb,probe,similar pair,dspcbsd-plus,0.9007623791694641,0.8475528955459595,0.9007623791694641,OI_dspcbsd-plus_7ef8c1b54634,OI_dspcbsd-plus_7ef8c1b54634,OI_dspcbsd-plus_7a79f9cc946a,0.05320948362350464
0,base,OI_dspcbsd-plus_390f3bc9b929,probe,similar pair,dspcbsd-plus,0.8939539194107056,0.8552828431129456,0.8939539194107056,OI_dspcbsd-plus_f4fe64ae650d,OI_dspcbsd-plus_f4fe64ae650d,OI_dspcbsd-plus_7a870ba1fb49,0.03867107629776001
0,base,OI_dspcbsd-plus_3c6f29099357,probe,similar pair,dspcbsd-plus,0.9136359691619873,0.8481838703155518,0.9136359691619873,OI_dspcbsd-plus_3ba4fc7a7afa,OI_dspcbsd-plus_3ba4fc7a7afa,OI_dspcbsd-plus_bfbde6c42304,0.06545209884643555
0,base,OI_dspcbsd-plus_3e9cf016f5e5,probe,similar pair,dspcbsd-plus,0.8552021980285645,0.8033414483070374,0.8552021980285645,OI_dspcbsd-plus_21cd143e3fb0,OI_dspcbsd-plus_21cd143e3fb0,OI_dspcbsd-plus_a0abd672a651,0.0518607497215271
0,base,OI_dspcbsd-plus_3eb7e261673f,probe,same component,dspcbsd-plus,0.8474639654159546,0.8403936624526978,0.8474639654159546,OI_dspcbsd-plus_a447cf91b72f,OI_dspcbsd-plus_a447cf91b72f,OI_dspcbsd-plus_8edd98080171,0.007070302963256836
0,base,OI_dspcbsd-plus_40408cca793c,control,,dspcbsd-plus,0.7140214443206787,0.7140214443206787,0.4819972515106201,OI_dspcbsd-plus_bb3e349132f6,OI_dspcbsd-plus_191c3467c37a,OI_dspcbsd-plus_191c3467c37a,0.0
0,base,OI_dspcbsd-plus_41006b5135f0,probe,similar pair,dspcbsd-plus,0.9509096741676331,0.9509096741676331,0.8996175527572632,OI_dspcbsd-plus_2a66eea6036d,OI_dspcbsd-plus_5058c9f763f9,OI_dspcbsd-plus_5058c9f763f9,0.0
0,base,OI_dspcbsd-plus_41be72629072,control,,dspcbsd-plus,0.6962636113166809,0.6962636113166809,0.5413151979446411,OI_dspcbsd-plus_ffff273bd969,OI_dspcbsd-plus_ceddf8cb2fca,OI_dspcbsd-plus_ceddf8cb2fca,0.0
0,base,OI_dspcbsd-plus_41c26127bfbd,control,,dspcbsd-plus,0.898787260055542,0.898787260055542,0.8843616247177124,OI_dspcbsd-plus_342f42125741,OI_dspcbsd-plus_029f1ec12a8a,OI_dspcbsd-plus_029f1ec12a8a,0.0
0,base,OI_dspcbsd-plus_42f2e2ccb3b1,probe,similar pair,dspcbsd-plus,0.9312089681625366,0.9217000603675842,0.9312089681625366,OI_dspcbsd-plus_0152dc94095e,OI_dspcbsd-plus_0152dc94095e,OI_dspcbsd-plus_7a79f9cc946a,0.009508907794952393
0,base,OI_dspcbsd-plus_433b88c61737,control,,dspcbsd-plus,0.7298994064331055,0.7298994064331055,0.6238501071929932,OI_pcb-ind_b1c1c2c6a814,OI_dspcbsd-plus_09eee908887a,OI_dspcbsd-plus_09eee908887a,0.0
0,base,OI_dspcbsd-plus_473562ea17a3,probe,similar pair,dspcbsd-plus,0.8239784240722656,0.8239784240722656,0.8234566450119019,OI_dspcbsd-plus_4b28fac5f3b9,OI_dspcbsd-plus_8169c451bb67,OI_dspcbsd-plus_8169c451bb67,0.0
0,base,OI_dspcbsd-plus_474756b11f13,probe,similar pair,dspcbsd-plus,0.8899132013320923,0.7714162468910217,0.8899132013320923,OI_dspcbsd-plus_2b33ab99a98f,OI_dspcbsd-plus_2b33ab99a98f,OI_dspcbsd-plus_71bf259eb12a,0.11849695444107056
0,base,OI_dspcbsd-plus_4a310831d147,probe,same component,dspcbsd-plus,0.8376070857048035,0.8443702459335327,0.8376070857048035,OI_dspcbsd-plus_9ba529913caf,OI_dspcbsd-plus_9ba529913caf,OI_dspcbsd-plus_064612fda073,-0.006763160228729248
0,base,OI_dspcbsd-plus_4b319d537fc4,probe,similar pair,dspcbsd-plus,0.9048393964767456,0.8262733221054077,0.9048393964767456,OI_dspcbsd-plus_245cfc2c89a7,OI_dspcbsd-plus_245cfc2c89a7,OI_dspcbsd-plus_afb2fb9e150b,0.07856607437133789
0,base,OI_dspcbsd-plus_4bfa310b7d17,probe,similar pair,dspcbsd-plus,0.8730164766311646,0.8730164766311646,0.8169158697128296,OI_dspcbsd-plus_b5c6855fe517,OI_dspcbsd-plus_c9f1ed3c089f,OI_dspcbsd-plus_c9f1ed3c089f,0.0
0,base,OI_dspcbsd-plus_4c90c9d061aa,probe,similar pair,dspcbsd-plus,0.9319407939910889,0.6729964017868042,0.9319407939910889,OI_dspcbsd-plus_40b98edd579e,OI_dspcbsd-plus_40b98edd579e,OI_dspcbsd-plus_9d96e6af0b38,0.25894439220428467
0,base,OI_dspcbsd-plus_4cb795ae146b,probe,similar pair,dspcbsd-plus,0.8838136196136475,0.8627742528915405,0.8838136196136475,OI_dspcbsd-plus_4b28fac5f3b9,OI_dspcbsd-plus_4b28fac5f3b9,OI_dspcbsd-plus_3e0dc6239fab,0.021039366722106934
0,base,OI_dspcbsd-plus_4d8634a1312d,control,,dspcbsd-plus,0.8849558234214783,0.8849558234214783,0.84775710105896,OI_dspcbsd-plus_ca520caede4d,OI_dspcbsd-plus_30ec572fc048,OI_dspcbsd-plus_30ec572fc048,0.0
0,base,OI_dspcbsd-plus_4dcb879b4f26,control,,dspcbsd-plus,0.8708852529525757,0.8708852529525757,0.8441192507743835,OI_pcb-ind_d7371c34b1aa,OI_pcb-ind_9c4648334bd5,OI_pcb-ind_9c4648334bd5,0.0
0,base,OI_dspcbsd-plus_4dccacc42091,control,,dspcbsd-plus,0.755183219909668,0.755183219909668,0.7353511452674866,OI_dspcbsd-plus_cdb66e719d3a,OI_dspcbsd-plus_260c3e509b2a,OI_dspcbsd-plus_260c3e509b2a,0.0
0,base,OI_dspcbsd-plus_4dd4e81d080b,control,,dspcbsd-plus,0.8952983617782593,0.8952983617782593,0.8550148010253906,OI_pcb-ind_c029ea2d3c69,OI_pcb-ind_882f4e2cffaf,OI_pcb-ind_882f4e2cffaf,0.0
0,base,OI_dspcbsd-plus_4de906b98c8f,probe,similar pair,dspcbsd-plus,0.8798025846481323,0.8494632244110107,0.8798025846481323,OI_dspcbsd-plus_7a70f7d5f018,OI_dspcbsd-plus_7a70f7d5f018,OI_dspcbsd-plus_71d5c77bc2da,0.030339360237121582
0,base,OI_dspcbsd-plus_4fb7b7cc1c9d,control,,dspcbsd-plus,0.6112565994262695,0.6112565994262695,0.5164867043495178,OI_dspcbsd-plus_400aa198068c,OI_dspcbsd-plus_ca3c6f6a776d,OI_dspcbsd-plus_ca3c6f6a776d,0.0
0,base,OI_dspcbsd-plus_502763ed6098,control,,dspcbsd-plus,0.6366612911224365,0.6366612911224365,0.5157131552696228,OI_dspcbsd-plus_537d500613ab,OI_dspcbsd-plus_dd0da4765d93,OI_dspcbsd-plus_dd0da4765d93,0.0
0,base,OI_dspcbsd-plus_524e85ea6605,control,,dspcbsd-plus,0.7086969614028931,0.7086969614028931,0.6343441605567932,OI_pcb-ind_a9e83ea4cfd9,OI_pcb-ind_806d0d4904c3,OI_pcb-ind_806d0d4904c3,0.0
0,base,OI_dspcbsd-plus_52e2a4e2a44e,probe,same component,dspcbsd-plus,0.8329707384109497,0.8040366172790527,0.8329707384109497,OI_dspcbsd-plus_456edf1c023a,OI_dspcbsd-plus_456edf1c023a,OI_dspcbsd-plus_8edd98080171,0.028934121131896973
0,base,OI_dspcbsd-plus_558eab0bed43,control,,dspcbsd-plus,0.9040173292160034,0.9040173292160034,0.8235718607902527,OI_dspcbsd-plus_cdb66e719d3a,OI_dspcbsd-plus_d6dda7ae40e2,OI_dspcbsd-plus_d6dda7ae40e2,0.0
0,base,OI_dspcbsd-plus_56b026c4c387,probe,similar pair,dspcbsd-plus,0.943997859954834,0.9241966009140015,0.943997859954834,OI_dspcbsd-plus_5f8dc5a1c5e0,OI_dspcbsd-plus_5f8dc5a1c5e0,OI_dspcbsd-plus_50ebe3783733,0.01980125904083252
0,base,OI_dspcbsd-plus_57c18a7de779,probe,same component,dspcbsd-plus,0.8705833554267883,0.7340466380119324,0.8705833554267883,OI_dspcbsd-plus_93d5b92757c7,OI_dspcbsd-plus_93d5b92757c7,OI_dspcbsd-plus_f1ffac7d3bc8,0.13653671741485596
0,base,OI_dspcbsd-plus_57cb25cbc047,probe,similar pair,dspcbsd-plus,0.8619416952133179,0.8619416952133179,0.8204416036605835,OI_dspcbsd-plus_ff9708cee904,OI_dspcbsd-plus_67243aef71d8,OI_dspcbsd-plus_67243aef71d8,0.0
0,base,OI_dspcbsd-plus_5c0ec22eaa5d,control,,dspcbsd-plus,0.7738246917724609,0.7738246917724609,0.5823640823364258,OI_dspcbsd-plus_806a63b1980f,OI_dspcbsd-plus_ad8c23e0dc10,OI_dspcbsd-plus_ad8c23e0dc10,0.0
0,base,OI_dspcbsd-plus_5c2d117e29a2,probe,similar pair,dspcbsd-plus,0.9602118730545044,0.9148749709129333,0.9602118730545044,OI_dspcbsd-plus_1d40ee7a0925,OI_dspcbsd-plus_1d40ee7a0925,OI_dspcbsd-plus_7a79f9cc946a,0.045336902141571045
0,base,OI_dspcbsd-plus_5c3310761413,probe,similar pair,dspcbsd-plus,0.913211464881897,0.8610856533050537,0.913211464881897,OI_dspcbsd-plus_bbef178a1791,OI_dspcbsd-plus_bbef178a1791,OI_pcb-ind_764a0654181a,0.05212581157684326
0,base,OI_dspcbsd-plus_5ce3e787014e,control,,dspcbsd-plus,0.7488930225372314,0.7488930225372314,0.5661889314651489,OI_pcb-ind_489ded0ffa57,OI_pcb-ind_d713572b8d21,OI_pcb-ind_d713572b8d21,0.0
0,base,OI_dspcbsd-plus_5d7712fc9d90,probe,similar pair,dspcbsd-plus,0.9234241247177124,0.7298439741134644,0.9234241247177124,OI_dspcbsd-plus_9e679587e516,OI_dspcbsd-plus_9e679587e516,OI_dspcbsd-plus_fea6034c929e,0.19358015060424805
0,base,OI_dspcbsd-plus_5eff0ea136b6,control,,dspcbsd-plus,0.673810601234436,0.673810601234436,0.6090282201766968,OI_pcb-ind_e42920c1e78c,OI_dspcbsd-plus_7b545ca1b70f,OI_dspcbsd-plus_7b545ca1b70f,0.0
0,base,OI_dspcbsd-plus_5f8e748f24e4,probe,same component,dspcbsd-plus,0.915317952632904,0.7952847480773926,0.915317952632904,OI_dspcbsd-plus_f45929834e71,OI_dspcbsd-plus_f45929834e71,OI_dspcbsd-plus_afb2fb9e150b,0.12003320455551147
0,base,OI_dspcbsd-plus_5f9832c7e958,probe,similar pair,dspcbsd-plus,0.9342055916786194,0.9342055916786194,0.904781699180603,OI_pcb-ind_7493772ea2ea,OI_dspcbsd-plus_13073a87789a,OI_dspcbsd-plus_13073a87789a,0.0
0,base,OI_dspcbsd-plus_6023c615642f,control,,dspcbsd-plus,0.8510187268257141,0.8510187268257141,0.7766410708427429,OI_dspcbsd-plus_cdb66e719d3a,OI_dspcbsd-plus_846ef2b43ab3,OI_dspcbsd-plus_846ef2b43ab3,0.0
0,base,OI_dspcbsd-plus_60fbebee134e,probe,similar pair,dspcbsd-plus,0.8635205030441284,0.8410458564758301,0.8635205030441284,OI_dspcbsd-plus_215b40390cc7,OI_dspcbsd-plus_215b40390cc7,OI_dspcbsd-plus_67243aef71d8,0.02247464656829834
0,base,OI_dspcbsd-plus_6156805e6cd7,probe,same component,dspcbsd-plus,0.8524329662322998,0.8524329662322998,0.8455820083618164,OI_dspcbsd-plus_9ba529913caf,OI_dspcbsd-plus_4c18abb50e7e,OI_dspcbsd-plus_4c18abb50e7e,0.0
0,base,OI_dspcbsd-plus_61874e1234d6,control,,dspcbsd-plus,0.8507256507873535,0.8507256507873535,0.6692419052124023,OI_pcb-ind_aa32e2ca35ca,OI_dspcbsd-plus_886c7342b7bb,OI_dspcbsd-plus_886c7342b7bb,0.0
0,base,OI_dspcbsd-plus_618b14e9cca7,probe,same component,dspcbsd-plus,0.8960288763046265,0.8175636529922485,0.8960288763046265,OI_dspcbsd-plus_1e2da007deae,OI_dspcbsd-plus_1e2da007deae,OI_dspcbsd-plus_afb2fb9e150b,0.07846522331237793
0,base,OI_dspcbsd-plus_622cb53cefdf,control,,dspcbsd-plus,0.9036157131195068,0.9036157131195068,0.7750493288040161,OI_dspcbsd-plus_cdb66e719d3a,OI_dspcbsd-plus_93e5310d5397,OI_dspcbsd-plus_93e5310d5397,0.0
0,base,OI_dspcbsd-plus_64b468de520d,control,,dspcbsd-plus,0.8260904550552368,0.8351539373397827,0.8207485675811768,OI_dspcbsd-plus_3f24951fcfb8,OI_dspcbsd-plus_cbc8f0a79c37,OI_dspcbsd-plus_0da72eb91788,-0.009063482284545898
0,base,OI_dspcbsd-plus_6691fd125546,probe,similar pair,dspcbsd-plus,0.8088929057121277,0.8088929057121277,0.7985416054725647,OI_dspcbsd-plus_ff9708cee904,OI_dspcbsd-plus_274fb5292591,OI_dspcbsd-plus_274fb5292591,0.0
0,base,OI_dspcbsd-plus_66c759c1989f,probe,same component,dspcbsd-plus,0.8909323215484619,0.8909323215484619,0.8719971179962158,OI_dspcbsd-plus_9ba529913caf,OI_dspcbsd-plus_4c18abb50e7e,OI_dspcbsd-plus_4c18abb50e7e,0.0
0,base,OI_dspcbsd-plus_681a122c656b,control,,dspcbsd-plus,0.6972807049751282,0.6857925653457642,0.6972807049751282,OI_dspcbsd-plus_5e02b355c148,OI_dspcbsd-plus_5e02b355c148,OI_dspcbsd-plus_99729846b0ba,0.011488139629364014
0,base,OI_dspcbsd-plus_685838aecc96,control,,dspcbsd-plus,0.8674702644348145,0.8674702644348145,0.7831412553787231,OI_pcb-ind_2fa4e2fc7de1,OI_dspcbsd-plus_b3ac114a44a7,OI_dspcbsd-plus_b3ac114a44a7,0.0
0,base,OI_dspcbsd-plus_68e22ef8c7c4,control,,dspcbsd-plus,0.6347049474716187,0.6347049474716187,0.6067911386489868,OI_pcb-ind_bb6d5320537d,OI_dspcbsd-plus_a6feb356dba8,OI_dspcbsd-plus_a6feb356dba8,0.0
0,base,OI_dspcbsd-plus_697e2c392959,control,,dspcbsd-plus,0.9428693056106567,0.9428693056106567,0.8659813404083252,OI_dspcbsd-plus_2a66eea6036d,OI_dspcbsd-plus_6bf776461d3a,OI_dspcbsd-plus_6bf776461d3a,0.0
0,base,OI_dspcbsd-plus_713dba3eaea1,control,,dspcbsd-plus,0.7644596099853516,0.7644596099853516,0.6603551506996155,OI_dspcbsd-plus_a022f21892ab,OI_dspcbsd-plus_4862aef5080a,OI_dspcbsd-plus_4862aef5080a,0.0
0,base,OI_dspcbsd-plus_7256a8070201,probe,similar pair,dspcbsd-plus,0.9396772384643555,0.6727466583251953,0.9396772384643555,OI_dspcbsd-plus_dda48a6f621d,OI_dspcbsd-plus_dda48a6f621d,OI_dspcbsd-plus_c06df8016b9e,0.26693058013916016
0,base,OI_dspcbsd-plus_73b554a9f8d2,probe,same component,dspcbsd-plus,0.868678092956543,0.868678092956543,0.8299927711486816,OI_dspcbsd-plus_1b40682709ce,OI_dspcbsd-plus_03e1266b621b,OI_dspcbsd-plus_03e1266b621b,0.0
0,base,OI_dspcbsd-plus_741c0a4c7658,control,,dspcbsd-plus,0.8095228672027588,0.8095228672027588,0.6128933429718018,OI_dspcbsd-plus_ab25c96abd6e,OI_dspcbsd-plus_e512e1ce1c84,OI_dspcbsd-plus_e512e1ce1c84,0.0
0,base,OI_dspcbsd-plus_76788f0e6d07,control,,dspcbsd-plus,0.7838519811630249,0.7838519811630249,0.649590253829956,OI_dspcbsd-plus_3c4bf1daec46,OI_dspcbsd-plus_a6ba8a5ab41f,OI_dspcbsd-plus_a6ba8a5ab41f,0.0
0,base,OI_dspcbsd-plus_794731f2493f,probe,similar pair,dspcbsd-plus,0.8744869232177734,0.7404985427856445,0.8744869232177734,OI_dspcbsd-plus_ab25c96abd6e,OI_dspcbsd-plus_ab25c96abd6e,OI_dspcbsd-plus_00e93e61bc5d,0.1339883804321289
0,base,OI_dspcbsd-plus_7be1cc20a1c2,probe,similar pair,dspcbsd-plus,0.8178414106369019,0.8178414106369019,0.771919846534729,OI_dspcbsd-plus_ff9708cee904,OI_dspcbsd-plus_67243aef71d8,OI_dspcbsd-plus_67243aef71d8,0.0
0,base,OI_dspcbsd-plus_7c41fb1c296a,control,,dspcbsd-plus,0.6879562139511108,0.6879562139511108,0.56224125623703,OI_pcb-ind_ebbfd2a8caec,OI_pcb-ind_71235fcee911,OI_pcb-ind_71235fcee911,0.0
0,base,OI_dspcbsd-plus_7cb53cab0c20,probe,similar pair,dspcbsd-plus,0.9391199350357056,0.9391199350357056,0.9362205862998962,OI_dspcbsd-plus_2a66eea6036d,OI_dspcbsd-plus_9aec937cdf1a,OI_dspcbsd-plus_9aec937cdf1a,0.0
0,base,OI_dspcbsd-plus_7d1fcfd9a1db,control,,dspcbsd-plus,0.9184607863426208,0.9184607863426208,0.8719167709350586,OI_dspcbsd-plus_2a66eea6036d,OI_dspcbsd-plus_5ff1b4d3b0dd,OI_dspcbsd-plus_5ff1b4d3b0dd,0.0
0,base,OI_dspcbsd-plus_7f25fc788332,probe,similar pair,dspcbsd-plus,0.9331276416778564,0.8638510704040527,0.9331276416778564,OI_dspcbsd-plus_85474c3f47d4,OI_dspcbsd-plus_85474c3f47d4,OI_dspcbsd-plus_6adcf3976034,0.06927657127380371
0,base,OI_dspcbsd-plus_803e67f684e5,control,,dspcbsd-plus,0.7895667552947998,0.7895667552947998,0.7092515230178833,OI_dspcbsd-plus_4a302792b10b,OI_dspcbsd-plus_220877ef13a2,OI_dspcbsd-plus_220877ef13a2,0.0
0,base,OI_dspcbsd-plus_82eede3a2ff9,control,,dspcbsd-plus,0.7796486616134644,0.7873071432113647,0.715878963470459,OI_pcb-ind_2fa4e2fc7de1,OI_dspcbsd-plus_2656906d799b,OI_dspcbsd-plus_0d2413c9b9f4,-0.007658481597900391
0,base,OI_dspcbsd-plus_86d6904064a2,probe,similar pair,dspcbsd-plus,0.9686141014099121,0.9428690671920776,0.9686141014099121,OI_dspcbsd-plus_09cc73bb3092,OI_dspcbsd-plus_09cc73bb3092,OI_pcb-ind_7ad9a122b38c,0.025745034217834473
0,base,OI_dspcbsd-plus_8775e1fc27ad,control,,dspcbsd-plus,0.6309825778007507,0.6309825778007507,0.5207147002220154,OI_pcb-ind_c86a4c072a1a,OI_dspcbsd-plus_300387f2ae71,OI_dspcbsd-plus_300387f2ae71,0.0
0,base,OI_dspcbsd-plus_88a7ac995bde,probe,same component,dspcbsd-plus,0.8816992044448853,0.8207352161407471,0.8816992044448853,OI_dspcbsd-plus_880fd323c90d,OI_dspcbsd-plus_880fd323c90d,OI_dspcbsd-plus_8edd98080171,0.060963988304138184
0,base,OI_dspcbsd-plus_8a39cf260c6a,control,,dspcbsd-plus,0.6738812923431396,0.6738812923431396,0.5256571769714355,OI_dspcbsd-plus_6cb498e1cc95,OI_dspcbsd-plus_2534fcff999d,OI_dspcbsd-plus_2534fcff999d,0.0
0,base,OI_dspcbsd-plus_8e37652fb174,probe,similar pair,dspcbsd-plus,0.878636360168457,0.7992560863494873,0.878636360168457,OI_dspcbsd-plus_93d5b92757c7,OI_dspcbsd-plus_93d5b92757c7,OI_dspcbsd-plus_f1ffac7d3bc8,0.07938027381896973
0,base,OI_dspcbsd-plus_8ec63981d503,probe,similar pair,dspcbsd-plus,0.9495900869369507,0.8567522764205933,0.9495900869369507,OI_dspcbsd-plus_f44a00eaa665,OI_dspcbsd-plus_f44a00eaa665,OI_dspcbsd-plus_0849bb222278,0.09283781051635742
0,base,OI_dspcbsd-plus_8ecd8f208c68,probe,similar pair,dspcbsd-plus,0.9165384769439697,0.9165384769439697,0.9135490655899048,OI_dspcbsd-plus_a4d97e1bb28d,OI_dspcbsd-plus_7a79f9cc946a,OI_dspcbsd-plus_7a79f9cc946a,0.0
0,base,OI_dspcbsd-plus_8fbfaabaaf62,probe,similar pair,dspcbsd-plus,0.9265530705451965,0.816590428352356,0.9265530705451965,OI_dspcbsd-plus_1e5c3f1a8fb5,OI_dspcbsd-plus_1e5c3f1a8fb5,OI_dspcbsd-plus_afb2fb9e150b,0.10996264219284058
0,base,OI_dspcbsd-plus_9364cf026c72,control,,dspcbsd-plus,0.817175030708313,0.817175030708313,0.7149091958999634,OI_dspcbsd-plus_521d384b1334,OI_dspcbsd-plus_e9f3c22c08a8,OI_dspcbsd-plus_e9f3c22c08a8,0.0
0,base,OI_dspcbsd-plus_96dde8a944d1,probe,similar pair,dspcbsd-plus,0.8674794435501099,0.6615153551101685,0.8674794435501099,OI_dspcbsd-plus_22641973d7e7,OI_dspcbsd-plus_22641973d7e7,OI_pcb-ind_3ccea58222cc,0.2059640884399414
0,base,OI_dspcbsd-plus_98767ef1bcb0,probe,similar pair,dspcbsd-plus,0.9129315614700317,0.6934586763381958,0.9129315614700317,OI_dspcbsd-plus_fd51e5ebd339,OI_dspcbsd-plus_fd51e5ebd339,OI_dspcbsd-plus_50b154410c4a,0.21947288513183594
0,base,OI_dspcbsd-plus_98ba7fb73bd6,control,,dspcbsd-plus,0.819493293762207,0.819493293762207,0.7411025762557983,OI_dspcbsd-plus_215b40390cc7,OI_dspcbsd-plus_a56244ee6085,OI_dspcbsd-plus_a56244ee6085,0.0
0,base,OI_dspcbsd-plus_9ad7cdfaa6d7,control,,dspcbsd-plus,0.6610708236694336,0.6610708236694336,0.5062688589096069,OI_pcb-ind_ab9e9979958c,OI_dspcbsd-plus_b9f2a7c4adce,OI_dspcbsd-plus_b9f2a7c4adce,0.0
0,base,OI_dspcbsd-plus_9b1d4a40fe5b,control,,dspcbsd-plus,0.853836715221405,0.853836715221405,0.8025031089782715,OI_pcb-ind_2fa4e2fc7de1,OI_dspcbsd-plus_a16cbf96de39,OI_dspcbsd-plus_a16cbf96de39,0.0
0,base,OI_dspcbsd-plus_9ede34aace44,control,,dspcbsd-plus,0.690300703048706,0.690300703048706,0.5433740615844727,OI_dspcbsd-plus_6cb498e1cc95,OI_pcb-ind_a4c170a79973,OI_pcb-ind_a4c170a79973,0.0
0,base,OI_dspcbsd-plus_9f8272043024,control,,dspcbsd-plus,0.6634315848350525,0.6634315848350525,0.6223990321159363,OI_pcb-ind_0deca25f10f2,OI_dspcbsd-plus_934c784eba0e,OI_dspcbsd-plus_934c784eba0e,0.0
0,base,OI_dspcbsd-plus_a091aa3a105f,control,,dspcbsd-plus,0.8504102230072021,0.8504102230072021,0.8057698011398315,OI_dspcbsd-plus_9ba529913caf,OI_dspcbsd-plus_4c18abb50e7e,OI_dspcbsd-plus_4c18abb50e7e,0.0
0,base,OI_dspcbsd-plus_a1c516500ff7,probe,same component,dspcbsd-plus,0.9187681078910828,0.7844992876052856,0.9187681078910828,OI_dspcbsd-plus_9ba529913caf,OI_dspcbsd-plus_9ba529913caf,OI_dspcbsd-plus_064612fda073,0.13426882028579712
0,base,OI_dspcbsd-plus_a297cf6b3527,control,,dspcbsd-plus,0.6845861673355103,0.6949019432067871,0.6845861673355103,OI_dspcbsd-plus_f8341c445e6a,OI_dspcbsd-plus_f8341c445e6a,OI_dspcbsd-plus_012eb8082b2f,-0.010315775871276855
0,base,OI_dspcbsd-plus_a29d78fbd295,probe,similar pair,dspcbsd-plus,0.9268596768379211,0.9268596768379211,0.8996690511703491,OI_dspcbsd-plus_3f24951fcfb8,OI_dspcbsd-plus_83187907cef1,OI_dspcbsd-plus_83187907cef1,0.0
0,base,OI_dspcbsd-plus_a2f9dc8bf3c4,probe,similar pair,dspcbsd-plus,0.9378198981285095,0.9319534301757812,0.9378198981285095,OI_dspcbsd-plus_cdb66e719d3a,OI_dspcbsd-plus_cdb66e719d3a,OI_dspcbsd-plus_0a56a6650a57,0.0058664679527282715
0,base,OI_dspcbsd-plus_a6f493e08d9c,probe,same component,dspcbsd-plus,0.8682060241699219,0.8440020084381104,0.8682060241699219,OI_dspcbsd-plus_8ec7736ccb84,OI_dspcbsd-plus_8ec7736ccb84,OI_dspcbsd-plus_afb2fb9e150b,0.024204015731811523
0,base,OI_dspcbsd-plus_a84af65f3f5d,control,,dspcbsd-plus,0.808580756187439,0.808580756187439,0.6832903623580933,OI_pcb-ind_aa32e2ca35ca,OI_dspcbsd-plus_4faf4bd0b9b7,OI_dspcbsd-plus_4faf4bd0b9b7,0.0
0,base,OI_dspcbsd-plus_aab8b8266436,probe,similar pair,dspcbsd-plus,0.9198985695838928,0.8008637428283691,0.9198985695838928,OI_dspcbsd-plus_af42cb7e1bcf,OI_dspcbsd-plus_af42cb7e1bcf,OI_dspcbsd-plus_49bfd6243861,0.11903482675552368
0,base,OI_dspcbsd-plus_ad289f319e8a,control,,dspcbsd-plus,0.8691614270210266,0.8691614270210266,0.7514618635177612,OI_dspcbsd-plus_cdb66e719d3a,OI_dspcbsd-plus_d6dda7ae40e2,OI_dspcbsd-plus_d6dda7ae40e2,0.0
0,base,OI_dspcbsd-plus_ad9f0c3d9ae9,control,,dspcbsd-plus,0.8028181791305542,0.8028181791305542,0.6044998168945312,OI_dspcbsd-plus_600e0bb4b349,OI_dspcbsd-plus_0e327acb9057,OI_dspcbsd-plus_0e327acb9057,0.0
0,base,OI_dspcbsd-plus_aecaafe6ea19,probe,same component,dspcbsd-plus,0.8735648393630981,0.8584156036376953,0.8735648393630981,OI_dspcbsd-plus_a1d9bdad5249,OI_dspcbsd-plus_a1d9bdad5249,OI_dspcbsd-plus_b3a56274dd84,0.015149235725402832
0,base,OI_dspcbsd-plus_b06e069417e8,control,,dspcbsd-plus,0.8264934420585632,0.8264934420585632,0.7742546796798706,OI_dspcbsd-plus_3ba4fc7a7afa,OI_dspcbsd-plus_b9f622bd3342,OI_dspcbsd-plus_b9f622bd3342,0.0
0,base,OI_dspcbsd-plus_b6583c6d1c5f,control,,dspcbsd-plus,0.7325705289840698,0.7325705289840698,0.6949648857116699,OI_dspcbsd-plus_9ba529913caf,OI_dspcbsd-plus_7053b899dfcf,OI_dspcbsd-plus_7053b899dfcf,0.0
0,base,OI_dspcbsd-plus_b85b5e071b18,probe,same component,dspcbsd-plus,0.8330188989639282,0.7651653289794922,0.8330188989639282,OI_dspcbsd-plus_1e5c3f1a8fb5,OI_dspcbsd-plus_1e5c3f1a8fb5,OI_dspcbsd-plus_8edd98080171,0.06785356998443604
0,base,OI_dspcbsd-plus_baa2a2c91a3d,probe,similar pair,dspcbsd-plus,0.927515983581543,0.7612832188606262,0.927515983581543,OI_dspcbsd-plus_1311a2cec296,OI_dspcbsd-plus_1311a2cec296,OI_dspcbsd-plus_b11b97356110,0.16623276472091675
0,base,OI_dspcbsd-plus_bb30017df2ca,control,,dspcbsd-plus,0.8881745338439941,0.9107911586761475,0.8627221584320068,OI_pcb-ind_aaeb3b3a6da9,OI_dspcbsd-plus_966b45827d3d,OI_dspcbsd-plus_8d1edd2768c9,-0.02261662483215332
0,base,OI_dspcbsd-plus_bb31b6410d9f,control,,dspcbsd-plus,0.7095075845718384,0.7095075845718384,0.6144652962684631,OI_dspcbsd-plus_ab25c96abd6e,OI_dspcbsd-plus_ef440df82210,OI_dspcbsd-plus_ef440df82210,0.0
0,base,OI_dspcbsd-plus_bcdc17d39f24,control,,dspcbsd-plus,0.7623276114463806,0.7623276114463806,0.679469645023346,OI_dspcbsd-plus_e81eb183706e,OI_dspcbsd-plus_6a4f177a63ee,OI_dspcbsd-plus_6a4f177a63ee,0.0
0,base,OI_dspcbsd-plus_bcedffdf5c91,probe,same component,dspcbsd-plus,0.871995210647583,0.8123989105224609,0.871995210647583,OI_dspcbsd-plus_3edebf881e8d,OI_dspcbsd-plus_3edebf881e8d,OI_dspcbsd-plus_93f8674ab1f5,0.05959630012512207
0,base,OI_dspcbsd-plus_bd77cb67b9cc,probe,similar pair,dspcbsd-plus,0.9596022367477417,0.772150993347168,0.9596022367477417,OI_dspcbsd-plus_6cb498e1cc95,OI_dspcbsd-plus_6cb498e1cc95,OI_dspcbsd-plus_e242ada2a66e,0.18745124340057373
0,base,OI_dspcbsd-plus_bdef5e1dd133,control,,dspcbsd-plus,0.672006368637085,0.672006368637085,0.559962272644043,OI_dspcbsd-plus_bb3e349132f6,OI_dspcbsd-plus_103adbdbf738,OI_dspcbsd-plus_103adbdbf738,0.0
0,base,OI_dspcbsd-plus_bfa2bb933a68,probe,similar pair,dspcbsd-plus,0.8375368118286133,0.8375368118286133,0.8121427297592163,OI_dspcbsd-plus_3c005d0965b8,OI_dspcbsd-plus_8965d461692b,OI_dspcbsd-plus_8965d461692b,0.0
0,base,OI_dspcbsd-plus_bfbe7941bc0b,control,,dspcbsd-plus,0.6694458723068237,0.6694458723068237,0.5985032320022583,OI_pcb-ind_98c6a9152784,OI_dspcbsd-plus_9d70bed813ff,OI_dspcbsd-plus_9d70bed813ff,0.0
0,base,OI_dspcbsd-plus_c038d894bbe6,probe,same component,dspcbsd-plus,0.8867276310920715,0.8319716453552246,0.8867276310920715,OI_dspcbsd-plus_9ba529913caf,OI_dspcbsd-plus_9ba529913caf,OI_dspcbsd-plus_064612fda073,0.054755985736846924
0,base,OI_dspcbsd-plus_c0bc68b43caa,control,,dspcbsd-plus,0.9134722948074341,0.9134722948074341,0.8382374048233032,OI_dspcbsd-plus_cdb66e719d3a,OI_dspcbsd-plus_eefbd2a73bcb,OI_dspcbsd-plus_eefbd2a73bcb,0.0
0,base,OI_dspcbsd-plus_c119e2995e0e,control,,dspcbsd-plus,0.7954131364822388,0.7954131364822388,0.7196163535118103,OI_dspcbsd-plus_4b28fac5f3b9,OI_dspcbsd-plus_598cf2d4e283,OI_dspcbsd-plus_598cf2d4e283,0.0
0,base,OI_dspcbsd-plus_c159fd3141bc,control,,dspcbsd-plus,0.9116522073745728,0.9116522073745728,0.8313297033309937,OI_dspcbsd-plus_cdb66e719d3a,OI_dspcbsd-plus_5058c9f763f9,OI_dspcbsd-plus_5058c9f763f9,0.0
0,base,OI_dspcbsd-plus_c23649ab455b,control,,dspcbsd-plus,0.7973117232322693,0.7973117232322693,0.7370101809501648,OI_dspcbsd-plus_3c4bf1daec46,OI_dspcbsd-plus_7eb841bdac1a,OI_dspcbsd-plus_7eb841bdac1a,0.0
0,base,OI_dspcbsd-plus_c383a96ca16b,control,,dspcbsd-plus,0.9213036298751831,0.9213036298751831,0.882875919342041,OI_dspcbsd-plus_cdb66e719d3a,OI_dspcbsd-plus_0e30631d90b0,OI_dspcbsd-plus_0e30631d90b0,0.0
0,base,OI_dspcbsd-plus_c384a24c308d,probe,same component,dspcbsd-plus,0.8449786305427551,0.844332218170166,0.8449786305427551,OI_dspcbsd-plus_083f9bb00d27,OI_dspcbsd-plus_083f9bb00d27,OI_dspcbsd-plus_064612fda073,0.0006464123725891113
0,base,OI_dspcbsd-plus_c492a3f0fc4f,control,,dspcbsd-plus,0.7558501958847046,0.7558501958847046,0.671268105506897,OI_dspcbsd-plus_521d384b1334,OI_dspcbsd-plus_f40142a42514,OI_dspcbsd-plus_f40142a42514,0.0
0,base,OI_dspcbsd-plus_c5c737f691f6,probe,same component,dspcbsd-plus,0.8932266235351562,0.8363548517227173,0.8932266235351562,OI_dspcbsd-plus_1e5c3f1a8fb5,OI_dspcbsd-plus_1e5c3f1a8fb5,OI_dspcbsd-plus_8edd98080171,0.056871771812438965
0,base,OI_dspcbsd-plus_c5eeb9ce0f1b,control,,dspcbsd-plus,0.7189911603927612,0.7189911603927612,0.6188520193099976,OI_pcb-ind_08c520dc372f,OI_dspcbsd-plus_d958a082bdbd,OI_dspcbsd-plus_d958a082bdbd,0.0
0,base,OI_dspcbsd-plus_caa5479bbb7c,control,,dspcbsd-plus,0.8810619115829468,0.8810619115829468,0.8687559366226196,OI_dspcbsd-plus_f44a00eaa665,OI_dspcbsd-plus_0849bb222278,OI_dspcbsd-plus_0849bb222278,0.0
0,base,OI_dspcbsd-plus_cb1d7e5227ff,control,,dspcbsd-plus,0.7835679054260254,0.6927480697631836,0.7835679054260254,OI_dspcbsd-plus_537d500613ab,OI_dspcbsd-plus_537d500613ab,OI_dspcbsd-plus_594df4a0c5fb,0.0908198356628418
0,base,OI_dspcbsd-plus_cbf51e227660,control,,dspcbsd-plus,0.7001306414604187,0.7001306414604187,0.6268370151519775,OI_pcb-ind_a8bac9d87e6f,OI_dspcbsd-plus_e0e63b276110,OI_dspcbsd-plus_e0e63b276110,0.0
0,base,OI_dspcbsd-plus_d0a339272a80,control,,dspcbsd-plus,0.8128825426101685,0.8128825426101685,0.753071665763855,OI_pcb-ind_a8bac9d87e6f,OI_dspcbsd-plus_cd432d3ad78e,OI_dspcbsd-plus_cd432d3ad78e,0.0
0,base,OI_dspcbsd-plus_d3ba21aba78b,control,,dspcbsd-plus,0.7281326651573181,0.7281326651573181,0.6707483530044556,OI_dspcbsd-plus_d53dfbb7813d,OI_dspcbsd-plus_c159d46d3f91,OI_dspcbsd-plus_c159d46d3f91,0.0
0,base,OI_dspcbsd-plus_d3cf44381c59,control,,dspcbsd-plus,0.7894918322563171,0.7894918322563171,0.6496297717094421,OI_dspcbsd-plus_521d384b1334,OI_dspcbsd-plus_db0792e17889,OI_dspcbsd-plus_db0792e17889,0.0
0,base,OI_dspcbsd-plus_d66fb9e98b43,probe,similar pair,dspcbsd-plus,0.917964518070221,0.9018385410308838,0.917964518070221,OI_dspcbsd-plus_215b40390cc7,OI_dspcbsd-plus_215b40390cc7,OI_dspcbsd-plus_7a870ba1fb49,0.016125977039337158
0,base,OI_dspcbsd-plus_de38b28bfccc,probe,same component,dspcbsd-plus,0.8997359275817871,0.866294264793396,0.8997359275817871,OI_dspcbsd-plus_215b40390cc7,OI_dspcbsd-plus_215b40390cc7,OI_dspcbsd-plus_67243aef71d8,0.03344166278839111
0,base,OI_dspcbsd-plus_df8fe470ee1d,control,,dspcbsd-plus,0.901003360748291,0.901003360748291,0.523983895778656,OI_dspcbsd-plus_600e0bb4b349,OI_dspcbsd-plus_21e694b8f8bd,OI_dspcbsd-plus_21e694b8f8bd,0.0
0,base,OI_dspcbsd-plus_dfb5eb53fcf7,probe,similar pair,dspcbsd-plus,0.9327547550201416,0.6832411289215088,0.9327547550201416,OI_dspcbsd-plus_deda38b4f276,OI_dspcbsd-plus_deda38b4f276,OI_dspcbsd-plus_4c18abb50e7e,0.2495136260986328
0,base,OI_dspcbsd-plus_e1159a76cdef,control,,dspcbsd-plus,0.7503301501274109,0.7503301501274109,0.6130877733230591,OI_dspcbsd-plus_a022f21892ab,OI_dspcbsd-plus_4862aef5080a,OI_dspcbsd-plus_4862aef5080a,0.0
0,base,OI_dspcbsd-plus_e2692329fa2c,probe,same component,dspcbsd-plus,0.8069522380828857,0.6516429781913757,0.8069522380828857,OI_dspcbsd-plus_40f96a086555,OI_dspcbsd-plus_40f96a086555,OI_dspcbsd-plus_ed5435a0c566,0.15530925989151
0,base,OI_dspcbsd-plus_e3ca4da893e8,control,,dspcbsd-plus,0.8496381640434265,0.8496381640434265,0.8009135127067566,OI_pcb-ind_2fa4e2fc7de1,OI_dspcbsd-plus_41624b93738b,OI_dspcbsd-plus_41624b93738b,0.0
0,base,OI_dspcbsd-plus_e75f1121caf0,probe,similar pair,dspcbsd-plus,0.9318537712097168,0.6760306358337402,0.9318537712097168,OI_dspcbsd-plus_600e0bb4b349,OI_dspcbsd-plus_600e0bb4b349,OI_dspcbsd-plus_a530f6559094,0.25582313537597656
0,base,OI_dspcbsd-plus_e7ac24419352,probe,same component,dspcbsd-plus,0.9168167114257812,0.847992479801178,0.9168167114257812,OI_dspcbsd-plus_cc18a59105fb,OI_dspcbsd-plus_cc18a59105fb,OI_dspcbsd-plus_7a79f9cc946a,0.06882423162460327
0,base,OI_dspcbsd-plus_e8f7cbc14a71,probe,same component,dspcbsd-plus,0.7951571345329285,0.7894917726516724,0.7951571345329285,OI_dspcbsd-plus_083f9bb00d27,OI_dspcbsd-plus_083f9bb00d27,OI_dspcbsd-plus_67243aef71d8,0.0056653618812561035
0,base,OI_dspcbsd-plus_eb55fb0409e3,probe,similar pair,dspcbsd-plus,0.9308068752288818,0.6346082091331482,0.9308068752288818,OI_dspcbsd-plus_2723a5ca19ab,OI_dspcbsd-plus_2723a5ca19ab,OI_dspcbsd-plus_6255a254618e,0.29619866609573364
0,base,OI_dspcbsd-plus_ed3013de37bc,probe,same component,dspcbsd-plus,0.7909805774688721,0.7942907214164734,0.7909805774688721,OI_dspcbsd-plus_9ba529913caf,OI_dspcbsd-plus_9ba529913caf,OI_dspcbsd-plus_064612fda073,-0.0033101439476013184
0,base,OI_dspcbsd-plus_edde3f8b9b7e,probe,similar pair,dspcbsd-plus,0.9827826023101807,0.7650588750839233,0.9827826023101807,OI_dspcbsd-plus_ffff273bd969,OI_dspcbsd-plus_ffff273bd969,OI_dspcbsd-plus_e1c348e59799,0.21772372722625732
0,base,OI_dspcbsd-plus_ee30ea6a6339,probe,similar pair,dspcbsd-plus,0.924362301826477,0.801095187664032,0.924362301826477,OI_dspcbsd-plus_e52170558078,OI_dspcbsd-plus_e52170558078,OI_dspcbsd-plus_8edd98080171,0.12326711416244507
0,base,OI_dspcbsd-plus_f30edac9fa8b,probe,similar pair,dspcbsd-plus,0.7945224046707153,0.7945224046707153,0.7646113634109497,OI_dspcbsd-plus_a022f21892ab,OI_dspcbsd-plus_b9f6f3d73ced,OI_dspcbsd-plus_b9f6f3d73ced,0.0
0,base,OI_dspcbsd-plus_f4d3095bbcbf,probe,same component,dspcbsd-plus,0.8472939729690552,0.8348051905632019,0.8472939729690552,OI_dspcbsd-plus_9ba529913caf,OI_dspcbsd-plus_9ba529913caf,OI_dspcbsd-plus_4c18abb50e7e,0.012488782405853271
0,base,OI_dspcbsd-plus_f5187fcc140e,probe,similar pair,dspcbsd-plus,0.9253072738647461,0.7722015380859375,0.9253072738647461,OI_dspcbsd-plus_e81eb183706e,OI_dspcbsd-plus_e81eb183706e,OI_pcb-ind_8ee4d3a97cfd,0.1531057357788086
0,base,OI_dspcbsd-plus_f6d949db7661,control,,dspcbsd-plus,0.6211138963699341,0.6211138963699341,0.5551115274429321,OI_dspcbsd-plus_ab25c96abd6e,OI_dspcbsd-plus_13229a7ca288,OI_dspcbsd-plus_13229a7ca288,0.0
0,base,OI_dspcbsd-plus_f7e22be66f4d,probe,similar pair,dspcbsd-plus,0.8738918900489807,0.6834583282470703,0.8738918900489807,OI_dspcbsd-plus_600e0bb4b349,OI_dspcbsd-plus_600e0bb4b349,OI_dspcbsd-plus_a530f6559094,0.1904335618019104
0,base,OI_dspcbsd-plus_f7fa401df228,probe,similar pair,dspcbsd-plus,0.9359971284866333,0.7866429090499878,0.9359971284866333,OI_dspcbsd-plus_6a79caf94abd,OI_dspcbsd-plus_6a79caf94abd,OI_pcb-ind_b622ff2e8b67,0.1493542194366455
0,base,OI_dspcbsd-plus_f9403e4af9a5,probe,similar pair,dspcbsd-plus,0.9064510464668274,0.8488613963127136,0.9064510464668274,OI_dspcbsd-plus_1e2da007deae,OI_dspcbsd-plus_1e2da007deae,OI_dspcbsd-plus_43af320e9c50,0.05758965015411377
0,base,OI_dspcbsd-plus_fde221a2f6c4,control,,dspcbsd-plus,0.7153735160827637,0.7153735160827637,0.6352907419204712,OI_dspcbsd-plus_600e0bb4b349,OI_dspcbsd-plus_0e327acb9057,OI_dspcbsd-plus_0e327acb9057,0.0
0,base,OI_dspcbsd-plus_fe4d5298873b,probe,similar pair,dspcbsd-plus,0.9173040390014648,0.6658589839935303,0.9173040390014648,OI_dspcbsd-plus_40b98edd579e,OI_dspcbsd-plus_40b98edd579e,OI_dspcbsd-plus_9d96e6af0b38,0.25144505500793457
0,base,OI_pcb-defect_0362aeae2db7,control,,pcb-defect,0.9671211242675781,0.9671211242675781,0.9425503015518188,OI_pcb-defect_037a6c5a88c0,OI_pcb-defect_3a5ccf071233,OI_pcb-defect_3a5ccf071233,0.0
0,base,OI_pcb-defect_075ac19b0299,control,,pcb-defect,0.9564669132232666,0.9564669132232666,0.9526288509368896,OI_pcb-defect_f43d04d586d2,OI_pcb-defect_3a5ccf071233,OI_pcb-defect_3a5ccf071233,0.0
0,base,OI_pcb-defect_08d6daf092dc,control,,pcb-defect,0.9516125917434692,0.9516125917434692,0.9438359141349792,OI_pcb-defect_7acfa3a9d349,OI_pcb-defect_138772afe1bd,OI_pcb-defect_138772afe1bd,0.0
0,base,OI_pcb-defect_0ab8220b2561,probe,crop sibling,pcb-defect,1.0000001192092896,0.9484330415725708,1.0000001192092896,OI_pcb-defect_7acfa3a9d349,OI_pcb-defect_7acfa3a9d349,OI_pcb-defect_574e6ac74c92,0.05156707763671875
0,base,OI_pcb-defect_10df1c72bffd,control,,pcb-defect,0.9562142491340637,0.9562142491340637,0.9420948624610901,OI_pcb-defect_037a6c5a88c0,OI_pcb-defect_0677c837a90b,OI_pcb-defect_0677c837a90b,0.0
0,base,OI_pcb-defect_157fb4b54395,control,,pcb-defect,0.9486092329025269,0.9486092329025269,0.9334855079650879,OI_pcb-defect_037a6c5a88c0,OI_pcb-defect_5dce1a8f1617,OI_pcb-defect_5dce1a8f1617,0.0
0,base,OI_pcb-defect_1a75dbbd5fd3,control,,pcb-defect,0.9562142491340637,0.9562142491340637,0.9420948624610901,OI_pcb-defect_037a6c5a88c0,OI_pcb-defect_0677c837a90b,OI_pcb-defect_0677c837a90b,0.0
0,base,OI_pcb-defect_1e295719c544,control,,pcb-defect,0.9516125917434692,0.9516125917434692,0.9438359141349792,OI_pcb-defect_7acfa3a9d349,OI_pcb-defect_138772afe1bd,OI_pcb-defect_138772afe1bd,0.0
0,base,OI_pcb-defect_1e97e020edd9,control,,pcb-defect,0.9562142491340637,0.9562142491340637,0.9420948624610901,OI_pcb-defect_037a6c5a88c0,OI_pcb-defect_0677c837a90b,OI_pcb-defect_0677c837a90b,0.0
0,base,OI_pcb-defect_29e7eaf5b889,control,,pcb-defect,0.9516125917434692,0.9516125917434692,0.9438359141349792,OI_pcb-defect_7acfa3a9d349,OI_pcb-defect_138772afe1bd,OI_pcb-defect_138772afe1bd,0.0
0,base,OI_pcb-defect_2d7dfd4da9ba,control,,pcb-defect,0.9511983394622803,0.9511983394622803,0.9450638890266418,OI_pcb-defect_7acfa3a9d349,OI_pcb-defect_51a740d7e7ac,OI_pcb-defect_51a740d7e7ac,0.0
0,base,OI_pcb-defect_2e6d3e686e03,control,,pcb-defect,0.9661349654197693,0.9661349654197693,0.9539790749549866,OI_pcb-defect_60f112c4adea,OI_pcb-defect_3a5ccf071233,OI_pcb-defect_3a5ccf071233,0.0
0,base,OI_pcb-defect_2eb168684bdd,control,,pcb-defect,0.9516125917434692,0.9516125917434692,0.9438359141349792,OI_pcb-defect_7acfa3a9d349,OI_pcb-defect_138772afe1bd,OI_pcb-defect_138772afe1bd,0.0
0,base,OI_pcb-defect_2fb2336b03c7,probe,crop sibling,pcb-defect,1.000000238418579,0.9449827671051025,1.000000238418579,OI_pcb-defect_cee167eb9b50,OI_pcb-defect_cee167eb9b50,OI_pcb-defect_5292a09b6a80,0.05501747131347656
0,base,OI_pcb-defect_36db30c1bbeb,probe,crop sibling,pcb-defect,1.000000238418579,0.9449827671051025,1.000000238418579,OI_pcb-defect_cee167eb9b50,OI_pcb-defect_cee167eb9b50,OI_pcb-defect_5292a09b6a80,0.05501747131347656
0,base,OI_pcb-defect_3f2c1d6626b3,probe,crop sibling,pcb-defect,0.9999998807907104,0.8974435329437256,0.9999998807907104,OI_pcb-defect_6c2287d5af28,OI_pcb-defect_6c2287d5af28,OI_pcb-defect_032d7e6577a6,0.10255634784698486
0,base,OI_pcb-defect_3f77134145ed,control,,pcb-defect,0.9564669132232666,0.9564669132232666,0.9526288509368896,OI_pcb-defect_f43d04d586d2,OI_pcb-defect_3a5ccf071233,OI_pcb-defect_3a5ccf071233,0.0
0,base,OI_pcb-defect_44825592ab3e,control,,pcb-defect,0.9562142491340637,0.9562142491340637,0.9420948624610901,OI_pcb-defect_037a6c5a88c0,OI_pcb-defect_0677c837a90b,OI_pcb-defect_0677c837a90b,0.0
0,base,OI_pcb-defect_46a9f53f0700,control,,pcb-defect,0.9661349654197693,0.9661349654197693,0.9539790749549866,OI_pcb-defect_60f112c4adea,OI_pcb-defect_3a5ccf071233,OI_pcb-defect_3a5ccf071233,0.0
0,base,OI_pcb-defect_4af03c9a751e,probe,similar pair,pcb-defect,0.9646255970001221,0.95026695728302,0.9646255970001221,OI_pcb-defect_60f112c4adea,OI_pcb-defect_60f112c4adea,OI_pcb-defect_606c02aa3451,0.01435863971710205
0,base,OI_pcb-defect_4b98cea2c1df,probe,crop sibling,pcb-defect,1.000000238418579,0.9449827671051025,1.000000238418579,OI_pcb-defect_cee167eb9b50,OI_pcb-defect_cee167eb9b50,OI_pcb-defect_5292a09b6a80,0.05501747131347656
0,base,OI_pcb-defect_4efa8044f387,control,,pcb-defect,0.9671211242675781,0.9671211242675781,0.9425503015518188,OI_pcb-defect_037a6c5a88c0,OI_pcb-defect_3a5ccf071233,OI_pcb-defect_3a5ccf071233,0.0
0,base,OI_pcb-defect_55349e68e55c,control,,pcb-defect,0.9564669132232666,0.9564669132232666,0.9526288509368896,OI_pcb-defect_f43d04d586d2,OI_pcb-defect_3a5ccf071233,OI_pcb-defect_3a5ccf071233,0.0
0,base,OI_pcb-defect_56ab66e6743f,control,,pcb-defect,0.9511983394622803,0.9511983394622803,0.9450638890266418,OI_pcb-defect_7acfa3a9d349,OI_pcb-defect_51a740d7e7ac,OI_pcb-defect_51a740d7e7ac,0.0
0,base,OI_pcb-defect_6f1dcb3615a0,control,,pcb-defect,0.9648503065109253,0.9648503065109253,0.9443150758743286,OI_pcb-defect_60f112c4adea,OI_pcb-defect_0892d5bd550b,OI_pcb-defect_0892d5bd550b,0.0
0,base,OI_pcb-defect_7339d2a40d51,probe,crop sibling,pcb-defect,0.9999999403953552,0.9566231966018677,0.9999999403953552,OI_pcb-defect_60f112c4adea,OI_pcb-defect_60f112c4adea,OI_pcb-defect_1cb90d5aee16,0.04337674379348755
0,base,OI_pcb-defect_793d3c139aba,probe,similar pair,pcb-defect,0.9646255970001221,0.95026695728302,0.9646255970001221,OI_pcb-defect_60f112c4adea,OI_pcb-defect_60f112c4adea,OI_pcb-defect_606c02aa3451,0.01435863971710205
0,base,OI_pcb-defect_7b86f207586d,control,,pcb-defect,0.9564669132232666,0.9564669132232666,0.9526288509368896,OI_pcb-defect_f43d04d586d2,OI_pcb-defect_3a5ccf071233,OI_pcb-defect_3a5ccf071233,0.0
0,base,OI_pcb-defect_7b9af5947c7d,control,,pcb-defect,0.9562142491340637,0.9562142491340637,0.9420948624610901,OI_pcb-defect_037a6c5a88c0,OI_pcb-defect_0677c837a90b,OI_pcb-defect_0677c837a90b,0.0
0,base,OI_pcb-defect_8420432f007a,control,,pcb-defect,0.9564669132232666,0.9564669132232666,0.9526288509368896,OI_pcb-defect_f43d04d586d2,OI_pcb-defect_3a5ccf071233,OI_pcb-defect_3a5ccf071233,0.0
0,base,OI_pcb-defect_890e41c13fcb,probe,similar pair,pcb-defect,0.9646255970001221,0.95026695728302,0.9646255970001221,OI_pcb-defect_60f112c4adea,OI_pcb-defect_60f112c4adea,OI_pcb-defect_606c02aa3451,0.01435863971710205
0,base,OI_pcb-defect_8a08dd270c38,control,,pcb-defect,0.9564669132232666,0.9564669132232666,0.9526288509368896,OI_pcb-defect_f43d04d586d2,OI_pcb-defect_3a5ccf071233,OI_pcb-defect_3a5ccf071233,0.0
0,base,OI_pcb-defect_93d932219308,control,,pcb-defect,0.9511983394622803,0.9511983394622803,0.9450638890266418,OI_pcb-defect_7acfa3a9d349,OI_pcb-defect_51a740d7e7ac,OI_pcb-defect_51a740d7e7ac,0.0
0,base,OI_pcb-defect_9739672c8ed7,control,,pcb-defect,0.9516125917434692,0.9516125917434692,0.9438359141349792,OI_pcb-defect_7acfa3a9d349,OI_pcb-defect_138772afe1bd,OI_pcb-defect_138772afe1bd,0.0
0,base,OI_pcb-defect_9a495444d514,control,,pcb-defect,0.9511983394622803,0.9511983394622803,0.9450638890266418,OI_pcb-defect_7acfa3a9d349,OI_pcb-defect_51a740d7e7ac,OI_pcb-defect_51a740d7e7ac,0.0
0,base,OI_pcb-defect_9a780eb8fce5,probe,crop sibling,pcb-defect,0.9999994039535522,0.9555825591087341,0.9999994039535522,OI_pcb-defect_a9934270897e,OI_pcb-defect_a9934270897e,OI_pcb-defect_2382115fe47e,0.044416844844818115
0,base,OI_pcb-defect_9ade3a1f2136,control,,pcb-defect,0.9671211242675781,0.9671211242675781,0.9425503015518188,OI_pcb-defect_037a6c5a88c0,OI_pcb-defect_3a5ccf071233,OI_pcb-defect_3a5ccf071233,0.0
0,base,OI_pcb-defect_9bf650087988,probe,crop sibling,pcb-defect,0.9999998807907104,0.9415087699890137,0.9999998807907104,OI_pcb-defect_661504452187,OI_pcb-defect_661504452187,OI_pcb-defect_574e6ac74c92,0.05849111080169678
0,base,OI_pcb-defect_9e15850a4fac,probe,crop sibling,pcb-defect,0.9999999403953552,0.9566231966018677,0.9999999403953552,OI_pcb-defect_60f112c4adea,OI_pcb-defect_60f112c4adea,OI_pcb-defect_1cb90d5aee16,0.04337674379348755
0,base,OI_pcb-defect_9e7356cb8645,control,,pcb-defect,0.9661349654197693,0.9661349654197693,0.9539790749549866,OI_pcb-defect_60f112c4adea,OI_pcb-defect_3a5ccf071233,OI_pcb-defect_3a5ccf071233,0.0
0,base,OI_pcb-defect_9f061c914d36,control,,pcb-defect,0.9486092329025269,0.9486092329025269,0.9334855079650879,OI_pcb-defect_037a6c5a88c0,OI_pcb-defect_5dce1a8f1617,OI_pcb-defect_5dce1a8f1617,0.0
0,base,OI_pcb-defect_a330a8e53fbf,probe,crop sibling,pcb-defect,0.9999998807907104,0.9245741367340088,0.9999998807907104,OI_pcb-defect_131a637c140e,OI_pcb-defect_131a637c140e,OI_pcb-defect_61d69fe0eda8,0.07542574405670166
0,base,OI_pcb-defect_b7c7bc0b2e33,control,,pcb-defect,0.9661349654197693,0.9661349654197693,0.9539790749549866,OI_pcb-defect_60f112c4adea,OI_pcb-defect_3a5ccf071233,OI_pcb-defect_3a5ccf071233,0.0
0,base,OI_pcb-defect_b7eff2a20d83,control,,pcb-defect,0.9486092329025269,0.9486092329025269,0.9334855079650879,OI_pcb-defect_037a6c5a88c0,OI_pcb-defect_5dce1a8f1617,OI_pcb-defect_5dce1a8f1617,0.0
0,base,OI_pcb-defect_bce51c116712,control,,pcb-defect,0.9661349654197693,0.9661349654197693,0.9539790749549866,OI_pcb-defect_60f112c4adea,OI_pcb-defect_3a5ccf071233,OI_pcb-defect_3a5ccf071233,0.0
0,base,OI_pcb-defect_c2616dae2f53,control,,pcb-defect,0.9661349654197693,0.9661349654197693,0.9539790749549866,OI_pcb-defect_60f112c4adea,OI_pcb-defect_3a5ccf071233,OI_pcb-defect_3a5ccf071233,0.0
0,base,OI_pcb-defect_c464f487ec04,control,,pcb-defect,0.9511983394622803,0.9511983394622803,0.9450638890266418,OI_pcb-defect_7acfa3a9d349,OI_pcb-defect_51a740d7e7ac,OI_pcb-defect_51a740d7e7ac,0.0
0,base,OI_pcb-defect_c4e63f40ae4e,probe,crop sibling,pcb-defect,1.0000001192092896,0.9484330415725708,1.0000001192092896,OI_pcb-defect_7acfa3a9d349,OI_pcb-defect_7acfa3a9d349,OI_pcb-defect_574e6ac74c92,0.05156707763671875
0,base,OI_pcb-defect_c9706a3521da,probe,crop sibling,pcb-defect,0.9999998807907104,0.8974435329437256,0.9999998807907104,OI_pcb-defect_6c2287d5af28,OI_pcb-defect_6c2287d5af28,OI_pcb-defect_032d7e6577a6,0.10255634784698486
0,base,OI_pcb-defect_ce5b2d80283f,probe,crop sibling,pcb-defect,0.9999994039535522,0.9555825591087341,0.9999994039535522,OI_pcb-defect_a9934270897e,OI_pcb-defect_a9934270897e,OI_pcb-defect_2382115fe47e,0.044416844844818115
0,base,OI_pcb-defect_d2d57596e2dc,probe,crop sibling,pcb-defect,1.0000001192092896,0.9571105241775513,1.0000001192092896,OI_pcb-defect_f43d04d586d2,OI_pcb-defect_f43d04d586d2,OI_pcb-defect_083fa900db93,0.04288959503173828
0,base,OI_pcb-defect_d7b76b5ab431,probe,crop sibling,pcb-defect,0.9999999403953552,0.951226532459259,0.9999999403953552,OI_pcb-defect_037a6c5a88c0,OI_pcb-defect_037a6c5a88c0,OI_pcb-defect_1cb90d5aee16,0.04877340793609619
0,base,OI_pcb-defect_d8df6c8c6a35,control,,pcb-defect,0.9648503065109253,0.9648503065109253,0.9443150758743286,OI_pcb-defect_60f112c4adea,OI_pcb-defect_0892d5bd550b,OI_pcb-defect_0892d5bd550b,0.0
0,base,OI_pcb-defect_dad6db61d950,control,,pcb-defect,0.9562142491340637,0.9562142491340637,0.9420948624610901,OI_pcb-defect_037a6c5a88c0,OI_pcb-defect_0677c837a90b,OI_pcb-defect_0677c837a90b,0.0
0,base,OI_pcb-defect_db0d42f5eab9,control,,pcb-defect,0.9648503065109253,0.9648503065109253,0.9443150758743286,OI_pcb-defect_60f112c4adea,OI_pcb-defect_0892d5bd550b,OI_pcb-defect_0892d5bd550b,0.0
0,base,OI_pcb-defect_dca7df2e9f35,probe,crop sibling,pcb-defect,0.9999999403953552,0.951226532459259,0.9999999403953552,OI_pcb-defect_037a6c5a88c0,OI_pcb-defect_037a6c5a88c0,OI_pcb-defect_1cb90d5aee16,0.04877340793609619
0,base,OI_pcb-defect_e2dcd6c87f7f,control,,pcb-defect,0.9486092329025269,0.9486092329025269,0.9334855079650879,OI_pcb-defect_037a6c5a88c0,OI_pcb-defect_5dce1a8f1617,OI_pcb-defect_5dce1a8f1617,0.0
0,base,OI_pcb-defect_f29b6eca06b3,control,,pcb-defect,0.9671211242675781,0.9671211242675781,0.9425503015518188,OI_pcb-defect_037a6c5a88c0,OI_pcb-defect_3a5ccf071233,OI_pcb-defect_3a5ccf071233,0.0
0,base,OI_pcb-defect_f763c03f8fd1,probe,crop sibling,pcb-defect,0.9999999403953552,0.951226532459259,0.9999999403953552,OI_pcb-defect_037a6c5a88c0,OI_pcb-defect_037a6c5a88c0,OI_pcb-defect_1cb90d5aee16,0.04877340793609619
0,base,OI_pcb-ind_0239eff680af,control,,pcb-ind,0.7542314529418945,0.7542314529418945,0.5395107269287109,OI_pcb-ind_22d67529de97,OI_dspcbsd-plus_ca27fc699e97,OI_dspcbsd-plus_ca27fc699e97,0.0
0,base,OI_pcb-ind_0359e931f437,control,,pcb-ind,0.692594051361084,0.692594051361084,0.6520234942436218,OI_dspcbsd-plus_537d500613ab,OI_pcb-ind_29c424bf7ca6,OI_pcb-ind_29c424bf7ca6,0.0
0,base,OI_pcb-ind_0e424a5b447e,probe,similar pair,pcb-ind,0.9087598323822021,0.7463719844818115,0.9087598323822021,OI_pcb-ind_98c6a9152784,OI_pcb-ind_98c6a9152784,OI_pcb-ind_5a5ef249ca55,0.16238784790039062
0,base,OI_pcb-ind_0fd3cc97cb10,probe,same metadata group,pcb-ind,0.800978422164917,0.5963717699050903,0.800978422164917,OI_pcb-ind_2ff3b50a57e7,OI_pcb-ind_2ff3b50a57e7,OI_pcb-ind_b740c6f912f1,0.20460665225982666
0,base,OI_pcb-ind_11e65a717723,probe,same metadata group,pcb-ind,0.676820695400238,0.676820695400238,0.6113502383232117,OI_pcb-ind_59e7b846197e,OI_pcb-ind_18d769abdd4e,OI_pcb-ind_18d769abdd4e,0.0
0,base,OI_pcb-ind_130ea9c243cc,control,,pcb-ind,0.6670764684677124,0.6670764684677124,0.575348436832428,OI_pcb-ind_e6ba7f09c2ca,OI_pcb-ind_109259ad4074,OI_pcb-ind_109259ad4074,0.0
0,base,OI_pcb-ind_136acb83fa59,probe,same metadata group,pcb-ind,0.6981959342956543,0.6702636480331421,0.6981959342956543,OI_dspcbsd-plus_a447cf91b72f,OI_dspcbsd-plus_a447cf91b72f,OI_dspcbsd-plus_1f26d9ed4f59,0.027932286262512207
0,base,OI_pcb-ind_13a5e4d019e9,probe,same metadata group,pcb-ind,0.723084032535553,0.723084032535553,0.5761525630950928,OI_pcb-ind_489ded0ffa57,OI_pcb-ind_89d1d0e86359,OI_pcb-ind_89d1d0e86359,0.0
0,base,OI_pcb-ind_15ef06eb0a3f,probe,same metadata group,pcb-ind,0.7551196813583374,0.6269544363021851,0.7551196813583374,OI_pcb-ind_2ff3b50a57e7,OI_pcb-ind_2ff3b50a57e7,OI_dspcbsd-plus_c8308c469400,0.12816524505615234
0,base,OI_pcb-ind_1633bb842c25,control,,pcb-ind,0.7871142625808716,0.7871142625808716,0.6717969179153442,OI_pcb-ind_98c6a9152784,OI_pcb-ind_b40df8ef46fe,OI_pcb-ind_b40df8ef46fe,0.0
0,base,OI_pcb-ind_165a30d0d9e8,probe,same metadata group,pcb-ind,0.7301737070083618,0.704643726348877,0.7301737070083618,OI_pcb-ind_b1c1c2c6a814,OI_pcb-ind_b1c1c2c6a814,OI_pcb-ind_794d622a7ac2,0.025529980659484863
0,base,OI_pcb-ind_16e3000576c6,probe,same metadata group,pcb-ind,0.8228238821029663,0.8228238821029663,0.7797344923019409,OI_pcb-ind_c029ea2d3c69,OI_pcb-ind_6b671757e975,OI_pcb-ind_6b671757e975,0.0
0,base,OI_pcb-ind_1a28c0db8b69,probe,same metadata group,pcb-ind,0.7861588001251221,0.7861588001251221,0.6833852529525757,OI_pcb-ind_c86a4c072a1a,OI_dspcbsd-plus_6e30cb3c4786,OI_dspcbsd-plus_6e30cb3c4786,0.0
0,base,OI_pcb-ind_1b44b1c7fb9f,control,,pcb-ind,0.8000379800796509,0.8000379800796509,0.6891965866088867,OI_pcb-ind_d3869b9e07ee,OI_pcb-ind_4b3f6a251406,OI_pcb-ind_4b3f6a251406,0.0
0,base,OI_pcb-ind_1b5e82aa8eec,control,,pcb-ind,0.7901201248168945,0.7901201248168945,0.7749854922294617,OI_pcb-ind_c992c089337b,OI_pcb-ind_917ad85e03bf,OI_pcb-ind_917ad85e03bf,0.0
0,base,OI_pcb-ind_1c5507815ada,probe,same metadata group,pcb-ind,0.8620124459266663,0.8620124459266663,0.8459950089454651,OI_pcb-ind_cfa2bd2a413c,OI_pcb-ind_9c4648334bd5,OI_pcb-ind_9c4648334bd5,0.0
0,base,OI_pcb-ind_1c5c03420437,probe,same metadata group,pcb-ind,0.7548141479492188,0.7548141479492188,0.6699713468551636,OI_pcb-ind_d2c0d272a10c,OI_pcb-ind_97095db6e72b,OI_pcb-ind_97095db6e72b,0.0
0,base,OI_pcb-ind_1cd5ce5b35f3,control,,pcb-ind,0.6513959169387817,0.6504325866699219,0.6513959169387817,OI_pcb-ind_07b8c25ec587,OI_pcb-ind_07b8c25ec587,OI_pcb-ind_4b659ef56cbc,0.0009633302688598633
0,base,OI_pcb-ind_1de1b231957e,control,,pcb-ind,0.628654956817627,0.628654956817627,0.5715880393981934,OI_pcb-ind_1d6b0588a249,OI_pcb-ind_956255c493f4,OI_pcb-ind_956255c493f4,0.0
0,base,OI_pcb-ind_1f7ae6db263a,probe,same metadata group,pcb-ind,0.6673667430877686,0.6673667430877686,0.5382848978042603,OI_pcb-ind_22d67529de97,OI_dspcbsd-plus_4ac8cb3475f7,OI_dspcbsd-plus_4ac8cb3475f7,0.0
0,base,OI_pcb-ind_21ecfe0fa13a,control,,pcb-ind,0.9419947862625122,0.9419947862625122,0.9072529077529907,OI_dspcbsd-plus_09cc73bb3092,OI_pcb-ind_fd9d6109b711,OI_pcb-ind_fd9d6109b711,0.0
0,base,OI_pcb-ind_220992446fe4,probe,same metadata group,pcb-ind,0.9226055145263672,0.7010194063186646,0.9226055145263672,OI_pcb-ind_c1569843f29f,OI_pcb-ind_c1569843f29f,OI_pcb-ind_1331f00fa638,0.22158610820770264
0,base,OI_pcb-ind_2625a4df9223,probe,similar pair,pcb-ind,0.9158098697662354,0.7073739171028137,0.9158098697662354,OI_pcb-ind_08c520dc372f,OI_pcb-ind_08c520dc372f,OI_pcb-ind_8743195da008,0.20843595266342163
0,base,OI_pcb-ind_27a26b2ad9e1,control,,pcb-ind,0.8164615631103516,0.8164615631103516,0.795242190361023,OI_pcb-ind_6d8980dee6e2,OI_pcb-ind_9192cf9da3e1,OI_pcb-ind_9192cf9da3e1,0.0
0,base,OI_pcb-ind_2938301d286f,control,,pcb-ind,0.8629449605941772,0.8629449605941772,0.8405171632766724,OI_pcb-ind_f2d9a1df54f8,OI_pcb-ind_c1d5a0911216,OI_pcb-ind_c1d5a0911216,0.0
0,base,OI_pcb-ind_29b6befb52c6,probe,same metadata group,pcb-ind,0.9251692295074463,0.9251692295074463,0.888759195804596,OI_dspcbsd-plus_85474c3f47d4,OI_pcb-ind_45bbb0db908c,OI_pcb-ind_45bbb0db908c,0.0
0,base,OI_pcb-ind_2b737a4631b7,control,,pcb-ind,0.6406424045562744,0.6319845914840698,0.6406424045562744,OI_pcb-ind_e8f50eef7e5d,OI_pcb-ind_e8f50eef7e5d,OI_pcb-ind_6aad633cf599,0.00865781307220459
0,base,OI_pcb-ind_2bd0437ae7e7,probe,same metadata group,pcb-ind,0.5976361036300659,0.5976361036300659,0.5815896987915039,OI_pcb-ind_fbe0c8da58ef,OI_pcb-ind_69068870b6bb,OI_pcb-ind_69068870b6bb,0.0
0,base,OI_pcb-ind_2dd1b64ce262,probe,same metadata group,pcb-ind,0.711915135383606,0.711915135383606,0.6731245517730713,OI_pcb-ind_6acca419dbc0,OI_pcb-ind_93effee0fb2b,OI_pcb-ind_93effee0fb2b,0.0
0,base,OI_pcb-ind_2ec40dd459ed,probe,same metadata group,pcb-ind,0.86181640625,0.86181640625,0.8290384411811829,OI_pcb-ind_b8ebaf954dd1,OI_pcb-ind_116b3709bb4a,OI_pcb-ind_116b3709bb4a,0.0
0,base,OI_pcb-ind_2fa54a890398,probe,same metadata group,pcb-ind,0.7184576392173767,0.5847309827804565,0.7184576392173767,OI_pcb-ind_3512d1fc7bb5,OI_pcb-ind_3512d1fc7bb5,OI_pcb-ind_ed74e9fb6314,0.13372665643692017
0,base,OI_pcb-ind_30197c21f2b4,probe,same metadata group,pcb-ind,0.7190259099006653,0.7190259099006653,0.6488195657730103,OI_pcb-ind_3c5c9f71e89b,OI_pcb-ind_fcbc87dd7505,OI_pcb-ind_fcbc87dd7505,0.0
0,base,OI_pcb-ind_32239b9ff1d6,probe,same metadata group,pcb-ind,0.8437968492507935,0.8437968492507935,0.7923080921173096,OI_pcb-ind_4a1a51fd610e,OI_pcb-ind_a5294368ec00,OI_pcb-ind_a5294368ec00,0.0
0,base,OI_pcb-ind_344811f6a26b,control,,pcb-ind,0.9356451630592346,0.9373191595077515,0.9074468612670898,OI_dspcbsd-plus_09cc73bb3092,OI_pcb-ind_fd9d6109b711,OI_dspcbsd-plus_c61e87f32122,-0.0016739964485168457
0,base,OI_pcb-ind_35bc74187e98,probe,same metadata group,pcb-ind,0.8247227668762207,0.8247227668762207,0.6429115533828735,OI_pcb-ind_5f9727430013,OI_pcb-ind_af90edf00441,OI_pcb-ind_af90edf00441,0.0
0,base,OI_pcb-ind_362bfef0b3a2,control,,pcb-ind,0.8200914263725281,0.8200914263725281,0.6685341596603394,OI_pcb-ind_c992c089337b,OI_pcb-ind_52c5abad5655,OI_pcb-ind_52c5abad5655,0.0
0,base,OI_pcb-ind_36a1c7ae55c8,probe,same metadata group,pcb-ind,0.7204685211181641,0.7204685211181641,0.665485143661499,OI_dspcbsd-plus_c337c8075a00,OI_pcb-ind_292308bcd0df,OI_pcb-ind_292308bcd0df,0.0
0,base,OI_pcb-ind_36a2d9f76942,probe,same metadata group,pcb-ind,0.9072126150131226,0.9072126150131226,0.8537647724151611,OI_dspcbsd-plus_85474c3f47d4,OI_pcb-ind_343d91928745,OI_pcb-ind_343d91928745,0.0
0,base,OI_pcb-ind_3754d429d766,probe,same metadata group,pcb-ind,0.7505840063095093,0.6445634365081787,0.7505840063095093,OI_pcb-ind_f18b53077d1e,OI_pcb-ind_f18b53077d1e,OI_pcb-ind_b40df8ef46fe,0.10602056980133057
0,base,OI_pcb-ind_39cc65b8fd1a,probe,same metadata group,pcb-ind,0.8041737675666809,0.6833089590072632,0.8041737675666809,OI_pcb-ind_5ff757c370a5,OI_pcb-ind_5ff757c370a5,OI_pcb-ind_620db6f78d7d,0.12086480855941772
0,base,OI_pcb-ind_3a6fedd4d63a,control,,pcb-ind,0.8187098503112793,0.8187098503112793,0.7289589643478394,OI_pcb-ind_effff63f0c5e,OI_pcb-ind_1d9643a337fe,OI_pcb-ind_1d9643a337fe,0.0
0,base,OI_pcb-ind_3b65d32b3559,probe,same metadata group,pcb-ind,0.8784077167510986,0.6927001476287842,0.8784077167510986,OI_pcb-ind_e03ed9080d9a,OI_pcb-ind_e03ed9080d9a,OI_pcb-ind_27c5fca367df,0.18570756912231445
0,base,OI_pcb-ind_3f1640937639,control,,pcb-ind,0.6907576322555542,0.6907576322555542,0.5074795484542847,OI_dspcbsd-plus_400aa198068c,OI_pcb-ind_e2a6d12a3a02,OI_pcb-ind_e2a6d12a3a02,0.0
0,base,OI_pcb-ind_428aea697bb9,control,,pcb-ind,0.7602171897888184,0.7602171897888184,0.7065737247467041,OI_pcb-ind_c7399c5c76a2,OI_pcb-ind_292308bcd0df,OI_pcb-ind_292308bcd0df,0.0
0,base,OI_pcb-ind_433422a92b15,probe,same metadata group,pcb-ind,0.677741527557373,0.6683903932571411,0.677741527557373,OI_pcb-ind_8d6e703f5f5b,OI_pcb-ind_8d6e703f5f5b,OI_pcb-ind_c1c4a18b6e5d,0.009351134300231934
0,base,OI_pcb-ind_45848e6e03f4,control,,pcb-ind,0.7158794403076172,0.7158794403076172,0.6136218905448914,OI_dspcbsd-plus_600e0bb4b349,OI_pcb-ind_cc4f64f8eccb,OI_pcb-ind_cc4f64f8eccb,0.0
0,base,OI_pcb-ind_45a578ffebd3,probe,same metadata group,pcb-ind,0.9162883758544922,0.7111473679542542,0.9162883758544922,OI_pcb-ind_e0884a11bb4e,OI_pcb-ind_e0884a11bb4e,OI_pcb-ind_08d4ad90b0cd,0.20514100790023804
0,base,OI_pcb-ind_45a80b5a51be,control,,pcb-ind,0.6538328528404236,0.651337742805481,0.6538328528404236,OI_pcb-ind_d2c0d272a10c,OI_pcb-ind_d2c0d272a10c,OI_pcb-ind_c90ab6627b2c,0.002495110034942627
0,base,OI_pcb-ind_461310e3fa51,probe,same metadata group,pcb-ind,0.7199059724807739,0.7199059724807739,0.6772962808609009,OI_pcb-ind_82c2d347dd58,OI_pcb-ind_10f8db385da4,OI_pcb-ind_10f8db385da4,0.0
0,base,OI_pcb-ind_4700946fe7cf,control,,pcb-ind,0.6945351362228394,0.6945351362228394,0.6552599668502808,OI_pcb-ind_b1c1c2c6a814,OI_pcb-ind_855c0c9097c0,OI_pcb-ind_855c0c9097c0,0.0
0,base,OI_pcb-ind_47bef90fb4ab,control,,pcb-ind,0.821320652961731,0.821320652961731,0.7180993556976318,OI_pcb-ind_489ded0ffa57,OI_pcb-ind_d713572b8d21,OI_pcb-ind_d713572b8d21,0.0
0,base,OI_pcb-ind_488b1483f727,control,,pcb-ind,0.7882643938064575,0.7882643938064575,0.6548241376876831,OI_pcb-ind_98c6a9152784,OI_pcb-ind_3c8f17509653,OI_pcb-ind_3c8f17509653,0.0
0,base,OI_pcb-ind_49a4ede64130,control,,pcb-ind,0.7312655448913574,0.6434051394462585,0.7312655448913574,OI_pcb-ind_0deca25f10f2,OI_pcb-ind_0deca25f10f2,OI_pcb-ind_9753d3cbc5e0,0.08786040544509888
0,base,OI_pcb-ind_4da09c796b73,control,,pcb-ind,0.7241828441619873,0.7241828441619873,0.6722217798233032,OI_dspcbsd-plus_537d500613ab,OI_pcb-ind_f2fb0ecf82f2,OI_pcb-ind_f2fb0ecf82f2,0.0
0,base,OI_pcb-ind_523286c04ccc,control,,pcb-ind,0.675531804561615,0.675531804561615,0.6333745718002319,OI_pcb-ind_08c520dc372f,OI_pcb-ind_937884232921,OI_pcb-ind_937884232921,0.0
0,base,OI_pcb-ind_57f2d975c1a0,probe,same metadata group,pcb-ind,0.7682427763938904,0.7682427763938904,0.68830406665802,OI_pcb-ind_aa32e2ca35ca,OI_pcb-ind_435bb9194525,OI_pcb-ind_435bb9194525,0.0
0,base,OI_pcb-ind_588d5dc31bc3,control,,pcb-ind,0.7686949968338013,0.7686949968338013,0.6164345145225525,OI_pcb-ind_bb6d5320537d,OI_pcb-ind_811ab8959dd8,OI_pcb-ind_811ab8959dd8,0.0
0,base,OI_pcb-ind_58d784b82af1,control,,pcb-ind,0.7700462341308594,0.7700462341308594,0.7278868556022644,OI_pcb-ind_1d6b0588a249,OI_pcb-ind_b40df8ef46fe,OI_pcb-ind_b40df8ef46fe,0.0
0,base,OI_pcb-ind_59de028a12fc,probe,same metadata group,pcb-ind,0.8316280841827393,0.8316280841827393,0.6301763653755188,OI_dspcbsd-plus_e81eb183706e,OI_pcb-ind_ddb735668038,OI_pcb-ind_ddb735668038,0.0
0,base,OI_pcb-ind_5b9259203dc2,control,,pcb-ind,0.8019953966140747,0.8019953966140747,0.6985607147216797,OI_pcb-ind_6c8b72f85fa6,OI_pcb-ind_3e14599e93fc,OI_pcb-ind_3e14599e93fc,0.0
0,base,OI_pcb-ind_5c070b4c9b1e,control,,pcb-ind,0.7386294603347778,0.7386294603347778,0.5917810797691345,OI_pcb-ind_1d6b0588a249,OI_pcb-ind_956255c493f4,OI_pcb-ind_956255c493f4,0.0
0,base,OI_pcb-ind_5c29b11bb8ff,probe,same metadata group,pcb-ind,0.5938931107521057,0.5938931107521057,0.4975915551185608,OI_pcb-ind_e6ba7f09c2ca,OI_pcb-ind_10f8db385da4,OI_pcb-ind_10f8db385da4,0.0
0,base,OI_pcb-ind_5cd30dbb5a71,probe,same metadata group,pcb-ind,0.8576915264129639,0.8576915264129639,0.8429124355316162,OI_pcb-ind_d2c3572c9c9e,OI_pcb-ind_45bbb0db908c,OI_pcb-ind_45bbb0db908c,0.0
0,base,OI_pcb-ind_5f88a4bb62c9,control,,pcb-ind,0.6170152425765991,0.6191608905792236,0.5584589838981628,OI_pcb-ind_652ea8fcf0a6,OI_pcb-ind_e8a6a1ebb444,OI_pcb-ind_40f63ac583cb,-0.0021456480026245117
0,base,OI_pcb-ind_609b1b64cc9e,control,,pcb-ind,0.6285492181777954,0.6285492181777954,0.5005845427513123,OI_pcb-ind_43ebf34529e7,OI_dspcbsd-plus_13572b925433,OI_dspcbsd-plus_13572b925433,0.0
0,base,OI_pcb-ind_61164e6ebb9a,probe,same metadata group,pcb-ind,0.8927651047706604,0.8991339206695557,0.8165121674537659,OI_pcb-ind_9611eb39d06f,OI_pcb-ind_7c0fd5e4bdfd,OI_pcb-ind_0b4615a560e1,-0.006368815898895264
0,base,OI_pcb-ind_61e6317dc7ec,control,,pcb-ind,0.8625771999359131,0.8625771999359131,0.8344178199768066,OI_pcb-ind_f0016d64f8ed,OI_pcb-ind_47f1e6e7dc27,OI_pcb-ind_47f1e6e7dc27,0.0
0,base,OI_pcb-ind_650f2401eac8,control,,pcb-ind,0.7433390617370605,0.7433390617370605,0.6965871453285217,OI_pcb-ind_4642d51814eb,OI_dspcbsd-plus_4ac8cb3475f7,OI_dspcbsd-plus_4ac8cb3475f7,0.0
0,base,OI_pcb-ind_668899762cbd,probe,same metadata group,pcb-ind,0.8693579435348511,0.8184242248535156,0.8693579435348511,OI_pcb-ind_a8bac9d87e6f,OI_pcb-ind_a8bac9d87e6f,OI_pcb-ind_c69e1e68f384,0.05093371868133545
0,base,OI_pcb-ind_669c77ab449a,probe,same metadata group,pcb-ind,0.6940420866012573,0.6940420866012573,0.675104022026062,OI_pcb-ind_c1569843f29f,OI_pcb-ind_33c6fd9915d3,OI_pcb-ind_33c6fd9915d3,0.0
0,base,OI_pcb-ind_66f90185322c,control,,pcb-ind,0.7288457155227661,0.7058650255203247,0.7288457155227661,OI_pcb-ind_b8ebaf954dd1,OI_pcb-ind_b8ebaf954dd1,OI_pcb-ind_c005fef126cf,0.022980690002441406
0,base,OI_pcb-ind_68b8ed2a3dd6,control,,pcb-ind,0.8794804811477661,0.8794804811477661,0.7360180616378784,OI_pcb-ind_2fa4e2fc7de1,OI_pcb-ind_33a381237775,OI_pcb-ind_33a381237775,0.0
0,base,OI_pcb-ind_69c41b6a4bc4,probe,same metadata group,pcb-ind,0.6343209743499756,0.6343209743499756,0.5116727948188782,OI_pcb-ind_1318263c9179,OI_pcb-ind_49934f800a63,OI_pcb-ind_49934f800a63,0.0
0,base,OI_pcb-ind_6ada68a07442,probe,same metadata group,pcb-ind,0.9172667860984802,0.9172667860984802,0.8786097168922424,OI_pcb-ind_cfa2bd2a413c,OI_dspcbsd-plus_c9606763368c,OI_dspcbsd-plus_c9606763368c,0.0
0,base,OI_pcb-ind_6d1da5c9adee,probe,same metadata group,pcb-ind,0.8285884857177734,0.8285884857177734,0.6522946953773499,OI_pcb-ind_652ea8fcf0a6,OI_pcb-ind_740d3c9b17e5,OI_pcb-ind_740d3c9b17e5,0.0
0,base,OI_pcb-ind_6dcb3d84c044,control,,pcb-ind,0.6827834844589233,0.6827834844589233,0.6180832386016846,OI_pcb-ind_4642d51814eb,OI_pcb-ind_956255c493f4,OI_pcb-ind_956255c493f4,0.0
0,base,OI_pcb-ind_6fc8fa6842e8,probe,same metadata group,pcb-ind,0.8868256211280823,0.8868256211280823,0.8462796211242676,OI_pcb-ind_7493772ea2ea,OI_pcb-ind_892d4aa20b2f,OI_pcb-ind_892d4aa20b2f,0.0
0,base,OI_pcb-ind_702ab8a47cd6,control,,pcb-ind,0.8075358867645264,0.8075358867645264,0.617780327796936,OI_pcb-ind_6c8b72f85fa6,OI_pcb-ind_055261ccf214,OI_pcb-ind_055261ccf214,0.0
0,base,OI_pcb-ind_7281e4d62823,control,,pcb-ind,0.8046560287475586,0.7468439340591431,0.8046560287475586,OI_pcb-ind_607d9400fe6b,OI_pcb-ind_607d9400fe6b,OI_pcb-ind_74fd781975ae,0.05781209468841553
0,base,OI_pcb-ind_72dc02a94096,probe,same metadata group,pcb-ind,0.6536697149276733,0.6536697149276733,0.6267927885055542,OI_pcb-ind_c4796e0791b1,OI_pcb-ind_7682d63a7903,OI_pcb-ind_7682d63a7903,0.0
0,base,OI_pcb-ind_736974a21f3d,probe,same metadata group,pcb-ind,0.9111098647117615,0.8896702527999878,0.9111098647117615,OI_pcb-ind_f0016d64f8ed,OI_pcb-ind_f0016d64f8ed,OI_pcb-ind_1095810fb687,0.02143961191177368
0,base,OI_pcb-ind_749dffbd3b46,probe,same metadata group,pcb-ind,0.8308901786804199,0.8308901786804199,0.6804764270782471,OI_pcb-ind_489ded0ffa57,OI_pcb-ind_b56056a11ed7,OI_pcb-ind_b56056a11ed7,0.0
0,base,OI_pcb-ind_753fadd54f2e,control,,pcb-ind,0.7583054304122925,0.7583054304122925,0.6669299006462097,OI_pcb-ind_020767ed04ce,OI_pcb-ind_e4abdaf4eb46,OI_pcb-ind_e4abdaf4eb46,0.0
0,base,OI_pcb-ind_75f5b1e655de,control,,pcb-ind,0.8214176893234253,0.8214176893234253,0.7824802398681641,OI_pcb-ind_c992c089337b,OI_pcb-ind_699e3fc35725,OI_pcb-ind_699e3fc35725,0.0
0,base,OI_pcb-ind_7ddca5617426,probe,same metadata group,pcb-ind,0.7619109749794006,0.7385547161102295,0.7619109749794006,OI_pcb-ind_22d67529de97,OI_pcb-ind_22d67529de97,OI_dspcbsd-plus_4ac8cb3475f7,0.023356258869171143
0,base,OI_pcb-ind_80ac97508bc3,probe,same metadata group,pcb-ind,0.563477098941803,0.5660980939865112,0.563477098941803,OI_pcb-ind_5a4f69131da7,OI_pcb-ind_5a4f69131da7,OI_pcb-ind_9ce270ead0fd,-0.002620995044708252
0,base,OI_pcb-ind_80b7c38e9298,probe,same metadata group,pcb-ind,0.7214018702507019,0.5457619428634644,0.7214018702507019,OI_pcb-ind_a79b9085c1ac,OI_pcb-ind_a79b9085c1ac,OI_pcb-ind_5db77f9beebe,0.17563992738723755
0,base,OI_pcb-ind_84130aea9b7b,control,,pcb-ind,0.9016765356063843,0.9016765356063843,0.86739182472229,OI_pcb-ind_2fa4e2fc7de1,OI_pcb-ind_2f28bbca2657,OI_pcb-ind_2f28bbca2657,0.0
0,base,OI_pcb-ind_8483ea5299bd,control,,pcb-ind,0.7637510299682617,0.880264401435852,0.7476287484169006,OI_pcb-ind_37da8be901b3,OI_pcb-ind_ddb735668038,OI_pcb-ind_20039bf64f61,-0.11651337146759033
0,base,OI_pcb-ind_86ae5af772a3,probe,same metadata group,pcb-ind,0.6319397687911987,0.6455962657928467,0.49786001443862915,OI_pcb-ind_89a92041ecbc,OI_pcb-ind_fb3cfcd0eff2,OI_pcb-ind_fcdbfeff28fd,-0.01365649700164795
0,base,OI_pcb-ind_86c6ee2bd9b4,control,,pcb-ind,0.8777623176574707,0.8777623176574707,0.8200321197509766,OI_pcb-ind_a6c448e4ce31,OI_pcb-ind_84b4726a1b2b,OI_pcb-ind_84b4726a1b2b,0.0
0,base,OI_pcb-ind_870d70c239d2,control,,pcb-ind,0.8959881067276001,0.8959881067276001,0.8437528014183044,OI_pcb-ind_d7371c34b1aa,OI_pcb-ind_2f5902acfcf4,OI_pcb-ind_2f5902acfcf4,0.0
0,base,OI_pcb-ind_8b66099fc90c,probe,same metadata group,pcb-ind,0.7672861814498901,0.7672861814498901,0.6122521758079529,OI_pcb-ind_8f134deb3753,OI_pcb-ind_27c5fca367df,OI_pcb-ind_27c5fca367df,0.0
0,base,OI_pcb-ind_8f7e1dae5fb1,probe,same metadata group,pcb-ind,0.6950515508651733,0.6421023011207581,0.6950515508651733,OI_pcb-ind_1318263c9179,OI_pcb-ind_1318263c9179,OI_pcb-ind_59fe9adf5e05,0.05294924974441528
0,base,OI_pcb-ind_9008577bdefb,control,,pcb-ind,0.8162392377853394,0.8162392377853394,0.7749069929122925,OI_pcb-ind_c992c089337b,OI_pcb-ind_ec405b54304e,OI_pcb-ind_ec405b54304e,0.0
0,base,OI_pcb-ind_91fb937df0da,control,,pcb-ind,0.7611929178237915,0.776923418045044,0.6936133503913879,OI_dspcbsd-plus_537d500613ab,OI_pcb-ind_a62ae2cbcf88,OI_pcb-ind_21ae2ccef461,-0.01573050022125244
0,base,OI_pcb-ind_94fb078e90ec,control,,pcb-ind,0.9356068968772888,0.9356068968772888,0.9074529409408569,OI_pcb-ind_cfa2bd2a413c,OI_pcb-ind_50015f8f6bd1,OI_pcb-ind_50015f8f6bd1,0.0
0,base,OI_pcb-ind_9664f591db46,probe,same metadata group,pcb-ind,0.9352806806564331,0.9352806806564331,0.9143670797348022,OI_pcb-ind_d7371c34b1aa,OI_pcb-ind_e575874264e7,OI_pcb-ind_e575874264e7,0.0
0,base,OI_pcb-ind_989e9110bf39,control,,pcb-ind,0.7893531322479248,0.7893531322479248,0.723907470703125,OI_pcb-ind_25bfbdf18dad,OI_pcb-ind_42b7e37d8ee5,OI_pcb-ind_42b7e37d8ee5,0.0
0,base,OI_pcb-ind_99ae1eaf5300,control,,pcb-ind,0.7759791612625122,0.7759791612625122,0.7323386073112488,OI_pcb-ind_98c6a9152784,OI_pcb-ind_2c7af35093c2,OI_pcb-ind_2c7af35093c2,0.0
0,base,OI_pcb-ind_99b77187eadf,probe,same metadata group,pcb-ind,0.7804578542709351,0.7804578542709351,0.7759356498718262,OI_pcb-ind_e8f50eef7e5d,OI_pcb-ind_c562c84fdae2,OI_pcb-ind_c562c84fdae2,0.0
0,base,OI_pcb-ind_9a749bb738c5,probe,same metadata group,pcb-ind,0.6841521263122559,0.6841521263122559,0.48813343048095703,OI_pcb-ind_bb6d5320537d,OI_pcb-ind_f3631b92dac8,OI_pcb-ind_f3631b92dac8,0.0
0,base,OI_pcb-ind_9bb86d058c18,control,,pcb-ind,0.6552690863609314,0.6552690863609314,0.6154755353927612,OI_pcb-ind_08c520dc372f,OI_pcb-ind_f23b529fedc5,OI_pcb-ind_f23b529fedc5,0.0
0,base,OI_pcb-ind_9d7e69a622e9,probe,same metadata group,pcb-ind,0.7613168954849243,0.7702527046203613,0.7344439029693604,OI_dspcbsd-plus_9ba529913caf,OI_dspcbsd-plus_4c18abb50e7e,OI_dspcbsd-plus_064612fda073,-0.008935809135437012
0,base,OI_pcb-ind_9dd9a43a9501,probe,same metadata group,pcb-ind,0.7982214689254761,0.7266873121261597,0.7982214689254761,OI_pcb-ind_c1569843f29f,OI_pcb-ind_c1569843f29f,OI_pcb-ind_1331f00fa638,0.0715341567993164
0,base,OI_pcb-ind_a17e1467f420,probe,same metadata group,pcb-ind,0.8625054359436035,0.8625054359436035,0.6313086748123169,OI_pcb-ind_652ea8fcf0a6,OI_pcb-ind_bd6666b59728,OI_pcb-ind_bd6666b59728,0.0
0,base,OI_pcb-ind_a2df770a3fae,control,,pcb-ind,0.9605602025985718,0.9605602025985718,0.8719086050987244,OI_pcb-ind_7493772ea2ea,OI_pcb-ind_245a694b6ceb,OI_pcb-ind_245a694b6ceb,0.0
0,base,OI_pcb-ind_a36ae2a2adbc,probe,same metadata group,pcb-ind,0.867840588092804,0.867840588092804,0.824844241142273,OI_pcb-ind_6d8980dee6e2,OI_pcb-ind_c556b2574fe1,OI_pcb-ind_c556b2574fe1,0.0
0,base,OI_pcb-ind_a80138456a2f,control,,pcb-ind,0.7023054361343384,0.7023054361343384,0.6070973873138428,OI_pcb-ind_e6ba7f09c2ca,OI_pcb-ind_a567ba069359,OI_pcb-ind_a567ba069359,0.0
0,base,OI_pcb-ind_a8c5bbef4550,control,,pcb-ind,0.6707116961479187,0.6707116961479187,0.6078088283538818,OI_pcb-ind_8f134deb3753,OI_dspcbsd-plus_0e5f109b9a67,OI_dspcbsd-plus_0e5f109b9a67,0.0
0,base,OI_pcb-ind_a8d80ea0ee0b,probe,same metadata group,pcb-ind,0.6740403175354004,0.6438889503479004,0.6740403175354004,OI_pcb-ind_5ff757c370a5,OI_pcb-ind_5ff757c370a5,OI_pcb-ind_3ec85e0413ba,0.0301513671875
0,base,OI_pcb-ind_a9e785bddae9,probe,same metadata group,pcb-ind,0.7789487838745117,0.7789487838745117,0.7478300333023071,OI_pcb-ind_aa32e2ca35ca,OI_pcb-ind_435bb9194525,OI_pcb-ind_435bb9194525,0.0
0,base,OI_pcb-ind_aba103edd57d,control,,pcb-ind,0.6972348690032959,0.673843264579773,0.6972348690032959,OI_pcb-ind_e8f50eef7e5d,OI_pcb-ind_e8f50eef7e5d,OI_pcb-ind_124a18437f89,0.02339160442352295
0,base,OI_pcb-ind_ad98dbf5645d,probe,same metadata group,pcb-ind,0.7736862897872925,0.7736862897872925,0.6762634515762329,OI_pcb-ind_652ea8fcf0a6,OI_pcb-ind_4fd39d6a07ea,OI_pcb-ind_4fd39d6a07ea,0.0
0,base,OI_pcb-ind_b140fd1cab9b,probe,same metadata group,pcb-ind,0.7843335866928101,0.7843335866928101,0.7420318126678467,OI_pcb-ind_b5bb34e01ca1,OI_pcb-ind_d9dc152a523d,OI_pcb-ind_d9dc152a523d,0.0
0,base,OI_pcb-ind_b29a09abc632,control,,pcb-ind,0.756459653377533,0.756459653377533,0.7218727469444275,OI_pcb-ind_b5bb34e01ca1,OI_pcb-ind_d9dc152a523d,OI_pcb-ind_d9dc152a523d,0.0
0,base,OI_pcb-ind_b30aeb9a961b,probe,same metadata group,pcb-ind,0.7824507355690002,0.7824507355690002,0.7764087319374084,OI_pcb-ind_4642d51814eb,OI_pcb-ind_4bede3e15b8f,OI_pcb-ind_4bede3e15b8f,0.0
0,base,OI_pcb-ind_b342a8d57dcc,control,,pcb-ind,0.7844038009643555,0.7844038009643555,0.6956996917724609,OI_pcb-ind_6c8b72f85fa6,OI_pcb-ind_00a45f7ac01c,OI_pcb-ind_00a45f7ac01c,0.0
0,base,OI_pcb-ind_b48ace894ae9,probe,same metadata group,pcb-ind,0.813007116317749,0.813007116317749,0.7028042078018188,OI_pcb-ind_59e7b846197e,OI_pcb-ind_0c48c17338d2,OI_pcb-ind_0c48c17338d2,0.0
0,base,OI_pcb-ind_b51afceccf45,control,,pcb-ind,0.7528688907623291,0.7528688907623291,0.6427222490310669,OI_pcb-ind_1d6b0588a249,OI_pcb-ind_956255c493f4,OI_pcb-ind_956255c493f4,0.0
0,base,OI_pcb-ind_b5cec1e181e7,probe,same metadata group,pcb-ind,0.7683302760124207,0.6723464727401733,0.7683302760124207,OI_pcb-ind_1318263c9179,OI_pcb-ind_1318263c9179,OI_pcb-ind_874b2f410871,0.09598380327224731
0,base,OI_pcb-ind_b639a4bdf44f,control,,pcb-ind,0.7386173009872437,0.6752590537071228,0.7386173009872437,OI_pcb-ind_da7764dc7aad,OI_pcb-ind_da7764dc7aad,OI_pcb-ind_ec638619b52f,0.06335824728012085
0,base,OI_pcb-ind_b6e9d493bcba,control,,pcb-ind,0.8677634596824646,0.8677634596824646,0.8497106432914734,OI_pcb-ind_b8ebaf954dd1,OI_pcb-ind_5add620a7f33,OI_pcb-ind_5add620a7f33,0.0
0,base,OI_pcb-ind_ba02441e48b8,control,,pcb-ind,0.5949399471282959,0.5949399471282959,0.5570381879806519,OI_dspcbsd-plus_fd51e5ebd339,OI_pcb-ind_956255c493f4,OI_pcb-ind_956255c493f4,0.0
0,base,OI_pcb-ind_c24a04933f85,control,,pcb-ind,0.7872382402420044,0.7872382402420044,0.671316385269165,OI_dspcbsd-plus_537d500613ab,OI_pcb-ind_a62ae2cbcf88,OI_pcb-ind_a62ae2cbcf88,0.0
0,base,OI_pcb-ind_c2c3b955b200,control,,pcb-ind,0.741612434387207,0.741612434387207,0.6653507947921753,OI_pcb-ind_82c2d347dd58,OI_dspcbsd-plus_06925ca86453,OI_dspcbsd-plus_06925ca86453,0.0
0,base,OI_pcb-ind_c4ec377ec89f,probe,same metadata group,pcb-ind,0.8211817741394043,0.8211817741394043,0.7806157469749451,OI_pcb-ind_25bfbdf18dad,OI_pcb-ind_42b7e37d8ee5,OI_pcb-ind_42b7e37d8ee5,0.0
0,base,OI_pcb-ind_c53206adafc6,probe,same metadata group,pcb-ind,0.7717293500900269,0.7717293500900269,0.6360710859298706,OI_pcb-ind_652ea8fcf0a6,OI_pcb-ind_3a6cc83a9ad1,OI_pcb-ind_3a6cc83a9ad1,0.0
0,base,OI_pcb-ind_c5404f163f01,control,,pcb-ind,0.8386139869689941,0.8386139869689941,0.6607974171638489,OI_pcb-ind_6aab8f42f064,OI_pcb-ind_74fd781975ae,OI_pcb-ind_74fd781975ae,0.0
0,base,OI_pcb-ind_c65a84606afd,probe,same metadata group,pcb-ind,0.8817353844642639,0.8817353844642639,0.794594407081604,OI_pcb-ind_9611eb39d06f,OI_pcb-ind_c69e1e68f384,OI_pcb-ind_c69e1e68f384,0.0
0,base,OI_pcb-ind_c6c99052d467,probe,same metadata group,pcb-ind,0.7905415892601013,0.7905415892601013,0.7518845200538635,OI_pcb-ind_489ded0ffa57,OI_pcb-ind_5b5180ddc52b,OI_pcb-ind_5b5180ddc52b,0.0
0,base,OI_pcb-ind_c7f192d3f710,control,,pcb-ind,0.8516284227371216,0.8275518417358398,0.8516284227371216,OI_pcb-ind_652ea8fcf0a6,OI_pcb-ind_652ea8fcf0a6,OI_pcb-ind_68813ea88811,0.02407658100128174
0,base,OI_pcb-ind_cac16183ff99,control,,pcb-ind,0.7410576343536377,0.7410576343536377,0.6305625438690186,OI_pcb-ind_489ded0ffa57,OI_pcb-ind_2f760453c36c,OI_pcb-ind_2f760453c36c,0.0
0,base,OI_pcb-ind_cbbf5f680f3b,probe,same metadata group,pcb-ind,0.7696955800056458,0.7696955800056458,0.7554347515106201,OI_pcb-ind_e8f50eef7e5d,OI_pcb-ind_6aad633cf599,OI_pcb-ind_6aad633cf599,0.0
0,base,OI_pcb-ind_cbc0bd8ef5e2,control,,pcb-ind,0.7642742395401001,0.7642742395401001,0.6612675189971924,OI_pcb-ind_d7371c34b1aa,OI_dspcbsd-plus_8baaaa395d40,OI_dspcbsd-plus_8baaaa395d40,0.0
0,base,OI_pcb-ind_cf3e15512266,control,,pcb-ind,0.7127739191055298,0.7127739191055298,0.6582595109939575,OI_pcb-ind_08c520dc372f,OI_pcb-ind_8743195da008,OI_pcb-ind_8743195da008,0.0
0,base,OI_pcb-ind_d202ff7b7cdd,control,,pcb-ind,0.764191746711731,0.764191746711731,0.6466314792633057,OI_pcb-ind_59e7b846197e,OI_pcb-ind_a1b481ca07d5,OI_pcb-ind_a1b481ca07d5,0.0
0,base,OI_pcb-ind_d280e970584b,probe,same metadata group,pcb-ind,0.6364517211914062,0.6364517211914062,0.5836899280548096,OI_pcb-ind_ebbfd2a8caec,OI_dspcbsd-plus_946ee223b1b6,OI_dspcbsd-plus_946ee223b1b6,0.0
0,base,OI_pcb-ind_d35d3611b589,control,,pcb-ind,0.8462334871292114,0.8462334871292114,0.7877938747406006,OI_pcb-ind_b5bb34e01ca1,OI_pcb-ind_aa75ac5ad383,OI_pcb-ind_aa75ac5ad383,0.0
0,base,OI_pcb-ind_d3f24aad5811,control,,pcb-ind,0.7086573839187622,0.7086573839187622,0.5938491225242615,OI_pcb-ind_1d6b0588a249,OI_pcb-ind_956255c493f4,OI_pcb-ind_956255c493f4,0.0
0,base,OI_pcb-ind_d582644e2e57,control,,pcb-ind,0.7555462121963501,0.7555462121963501,0.6424423456192017,OI_pcb-ind_c86a4c072a1a,OI_pcb-ind_fb9a1b408d7c,OI_pcb-ind_fb9a1b408d7c,0.0
0,base,OI_pcb-ind_d78da257efef,probe,same metadata group,pcb-ind,0.9196575880050659,0.9196575880050659,0.892299234867096,OI_pcb-ind_d7371c34b1aa,OI_pcb-ind_40fb27484080,OI_pcb-ind_40fb27484080,0.0
0,base,OI_pcb-ind_d897e78ee311,probe,same metadata group,pcb-ind,0.8704036474227905,0.8704036474227905,0.6162552833557129,OI_pcb-ind_6c8b72f85fa6,OI_pcb-ind_f979dfcad56b,OI_pcb-ind_f979dfcad56b,0.0
0,base,OI_pcb-ind_dc27800bcce4,control,,pcb-ind,0.8039464950561523,0.8039464950561523,0.763958215713501,OI_pcb-ind_e8f50eef7e5d,OI_pcb-ind_03f3d1c7f03d,OI_pcb-ind_03f3d1c7f03d,0.0
0,base,OI_pcb-ind_dc93d690c6d9,probe,same metadata group,pcb-ind,0.68259596824646,0.68259596824646,0.6812126636505127,OI_pcb-ind_98c6a9152784,OI_pcb-ind_ab5ed075a316,OI_pcb-ind_ab5ed075a316,0.0
0,base,OI_pcb-ind_de55fdc55c6f,probe,same metadata group,pcb-ind,0.7300428748130798,0.7300428748130798,0.6960702538490295,OI_pcb-ind_25bfbdf18dad,OI_pcb-ind_889edfd75374,OI_pcb-ind_889edfd75374,0.0
0,base,OI_pcb-ind_df2700718181,control,,pcb-ind,0.9269005060195923,0.9269005060195923,0.8804941177368164,OI_pcb-ind_f0016d64f8ed,OI_pcb-ind_75ee39abbcd7,OI_pcb-ind_75ee39abbcd7,0.0
0,base,OI_pcb-ind_e048bf4ee61d,control,,pcb-ind,0.9270045757293701,0.9270045757293701,0.9146595001220703,OI_pcb-ind_d7371c34b1aa,OI_pcb-ind_50015f8f6bd1,OI_pcb-ind_50015f8f6bd1,0.0
0,base,OI_pcb-ind_e0ab6576e60a,control,,pcb-ind,0.8056066036224365,0.8056066036224365,0.544866144657135,OI_pcb-ind_8d6e703f5f5b,OI_pcb-ind_61c51e8ade61,OI_pcb-ind_61c51e8ade61,0.0
0,base,OI_pcb-ind_e27e5a61d48b,control,,pcb-ind,0.629732072353363,0.629732072353363,0.568468451499939,OI_dspcbsd-plus_1e2da007deae,OI_pcb-ind_fa0136cb10f7,OI_pcb-ind_fa0136cb10f7,0.0
0,base,OI_pcb-ind_e311abcdca04,control,,pcb-ind,0.754932165145874,0.754932165145874,0.6917136907577515,OI_pcb-ind_59e7b846197e,OI_pcb-ind_281bc479d90f,OI_pcb-ind_281bc479d90f,0.0
0,base,OI_pcb-ind_e4cf23fdb421,probe,same metadata group,pcb-ind,0.763758659362793,0.7023870944976807,0.763758659362793,OI_pcb-ind_66a90f3c5ef4,OI_pcb-ind_66a90f3c5ef4,OI_pcb-ind_8ad96dc0adb0,0.061371564865112305
0,base,OI_pcb-ind_e9008d55ff07,control,,pcb-ind,0.7858197093009949,0.7858197093009949,0.7207018136978149,OI_pcb-ind_b5bb34e01ca1,OI_pcb-ind_7cb05a343791,OI_pcb-ind_7cb05a343791,0.0
0,base,OI_pcb-ind_e96f1f07938a,probe,same metadata group,pcb-ind,0.7914047241210938,0.7389849424362183,0.7914047241210938,OI_pcb-ind_fbe0c8da58ef,OI_pcb-ind_fbe0c8da58ef,OI_pcb-ind_ba6e12438f14,0.05241978168487549
0,base,OI_pcb-ind_eaecfef3c93b,control,,pcb-ind,0.6989482641220093,0.6989482641220093,0.5497195720672607,OI_dspcbsd-plus_537d500613ab,OI_pcb-ind_29c424bf7ca6,OI_pcb-ind_29c424bf7ca6,0.0
0,base,OI_pcb-ind_ef52c7ab8efb,probe,same metadata group,pcb-ind,0.8492274284362793,0.8492274284362793,0.7803424596786499,OI_dspcbsd-plus_4b28fac5f3b9,OI_dspcbsd-plus_d2498a126c2d,OI_dspcbsd-plus_d2498a126c2d,0.0
0,base,OI_pcb-ind_f13509bc2293,probe,same metadata group,pcb-ind,0.7141883373260498,0.7141883373260498,0.6990272998809814,OI_pcb-ind_ab9e9979958c,OI_pcb-ind_e67d759144e6,OI_pcb-ind_e67d759144e6,0.0
0,base,OI_pcb-ind_f136ffedfc0b,control,,pcb-ind,0.8184583187103271,0.8184583187103271,0.7345489263534546,OI_pcb-ind_25bfbdf18dad,OI_pcb-ind_77c03a28e099,OI_pcb-ind_77c03a28e099,0.0
0,base,OI_pcb-ind_f193dc797685,control,,pcb-ind,0.800396203994751,0.7742990851402283,0.800396203994751,OI_pcb-ind_6aab8f42f064,OI_pcb-ind_6aab8f42f064,OI_pcb-ind_bff574037ea9,0.026097118854522705
0,base,OI_pcb-ind_f1edfe22bada,probe,same metadata group,pcb-ind,0.7102011442184448,0.7102011442184448,0.6141180992126465,OI_pcb-ind_43ebf34529e7,OI_pcb-ind_0b39adb7fd13,OI_pcb-ind_0b39adb7fd13,0.0
0,base,OI_pcb-ind_f5a7fdf1bcff,probe,similar pair,pcb-ind,0.9209330081939697,0.7743048667907715,0.9209330081939697,OI_pcb-ind_489ded0ffa57,OI_pcb-ind_489ded0ffa57,OI_pcb-ind_8034fb3284ae,0.14662814140319824
0,base,OI_pcb-ind_f6eb9255bef7,probe,same metadata group,pcb-ind,0.7469019293785095,0.7114461064338684,0.7469019293785095,OI_pcb-ind_35e021f58fb2,OI_pcb-ind_35e021f58fb2,OI_pcb-ind_cef19b805585,0.03545582294464111
0,base,OI_pcb-ind_f86ebdaa6bd9,probe,same metadata group,pcb-ind,0.7456039786338806,0.7456039786338806,0.6325777769088745,OI_pcb-ind_a9e83ea4cfd9,OI_pcb-ind_8b05337233f9,OI_pcb-ind_8b05337233f9,0.0
0,base,OI_pcb-ind_f897ab0c032a,control,,pcb-ind,0.869941234588623,0.869941234588623,0.7180935144424438,OI_dspcbsd-plus_bbef178a1791,OI_pcb-ind_df45a3e4598f,OI_pcb-ind_df45a3e4598f,0.0
0,base,OI_pcb-ind_f89f809c1c37,control,,pcb-ind,0.7020267248153687,0.7039514780044556,0.597537636756897,OI_dspcbsd-plus_6cb498e1cc95,OI_pcb-ind_b3b9ef6935ae,OI_dspcbsd-plus_a9ec78815132,-0.001924753189086914
0,base,OI_pcb-ind_f97b3dd44f6a,probe,same metadata group,pcb-ind,0.7464852333068848,0.6592174768447876,0.7464852333068848,OI_pcb-ind_1318263c9179,OI_pcb-ind_1318263c9179,OI_pcb-ind_29c424bf7ca6,0.08726775646209717
0,base,OI_pcb-ind_fa8eb47e0c94,probe,same metadata group,pcb-ind,0.8640843033790588,0.8640843033790588,0.6958935856819153,OI_pcb-ind_c7399c5c76a2,OI_pcb-ind_693d71036544,OI_pcb-ind_693d71036544,0.0
0,base,OI_pcb-ind_fb37baaa751b,control,,pcb-ind,0.9031010866165161,0.9031010866165161,0.871832013130188,OI_pcb-ind_d7371c34b1aa,OI_pcb-ind_716a99e21ab0,OI_pcb-ind_716a99e21ab0,0.0
0,base,OI_pcb-ind_fcb0e2e2a011,probe,same metadata group,pcb-ind,0.7548264265060425,0.6681456565856934,0.7548264265060425,OI_pcb-ind_c1569843f29f,OI_pcb-ind_c1569843f29f,OI_dspcbsd-plus_ae3c0c800c3e,0.08668076992034912
0,base,OI_pcb-ind_fed02ccc81e1,probe,same metadata group,pcb-ind,0.7422377467155457,0.7422377467155457,0.6788480281829834,OI_pcb-ind_cf77843cb7da,OI_pcb-ind_e211e27873e4,OI_pcb-ind_e211e27873e4,0.0
0,base,OI_pcb-ind_ffdc100fbc99,control,,pcb-ind,0.7280402779579163,0.7280402779579163,0.6669697761535645,OI_pcb-ind_652ea8fcf0a6,OI_pcb-ind_f161f4a3cd7e,OI_pcb-ind_f161f4a3cd7e,0.0
1,small,OI_dspcbsd-plus_001368584365,probe,similar pair,dspcbsd-plus,0.95932936668396,0.7659704089164734,0.95932936668396,OI_dspcbsd-plus_fe4d5298873b,OI_dspcbsd-plus_fe4d5298873b,OI_dspcbsd-plus_daaf28d6962b,0.19335895776748657
1,small,OI_dspcbsd-plus_0152dc94095e,probe,same component,dspcbsd-plus,0.9066709876060486,0.8880646824836731,0.9066709876060486,OI_dspcbsd-plus_b1f8edef84c4,OI_dspcbsd-plus_b1f8edef84c4,OI_dspcbsd-plus_7a79f9cc946a,0.01860630512237549
1,small,OI_dspcbsd-plus_01d3117fc117,control,,dspcbsd-plus,0.7659459114074707,0.7659459114074707,0.6516188979148865,OI_pcb-ind_9be54a8ea56f,OI_dspcbsd-plus_9a26a9807b7e,OI_dspcbsd-plus_9a26a9807b7e,0.0
1,small,OI_dspcbsd-plus_043866a5a95e,control,,dspcbsd-plus,0.7689347267150879,0.7689347267150879,0.6210739612579346,OI_dspcbsd-plus_e75f1121caf0,OI_dspcbsd-plus_dd4595ac7097,OI_dspcbsd-plus_dd4595ac7097,0.0
1,small,OI_dspcbsd-plus_0623c95253d5,control,,dspcbsd-plus,0.7184587121009827,0.7184587121009827,0.7041685581207275,OI_dspcbsd-plus_03ce98ccc768,OI_dspcbsd-plus_9d6d0ad78f16,OI_dspcbsd-plus_9d6d0ad78f16,0.0
1,small,OI_dspcbsd-plus_0831476765fb,probe,similar pair,dspcbsd-plus,0.9220932126045227,0.8946804404258728,0.9220932126045227,OI_dspcbsd-plus_521d384b1334,OI_dspcbsd-plus_521d384b1334,OI_dspcbsd-plus_163bef46044d,0.027412772178649902
1,small,OI_dspcbsd-plus_083f9bb00d27,probe,similar pair,dspcbsd-plus,0.9413048624992371,0.8949297070503235,0.9413048624992371,OI_dspcbsd-plus_a4d97e1bb28d,OI_dspcbsd-plus_a4d97e1bb28d,OI_dspcbsd-plus_7a79f9cc946a,0.046375155448913574
1,small,OI_dspcbsd-plus_09cc73bb3092,probe,similar pair,dspcbsd-plus,0.944914698600769,0.9173639416694641,0.944914698600769,OI_dspcbsd-plus_86d6904064a2,OI_dspcbsd-plus_86d6904064a2,OI_dspcbsd-plus_0a56a6650a57,0.02755075693130493
1,small,OI_dspcbsd-plus_09d3e586d215,control,,dspcbsd-plus,0.7840988039970398,0.7840988039970398,0.7695445418357849,OI_dspcbsd-plus_0e9fe58190c2,OI_dspcbsd-plus_c5156f85e4fa,OI_dspcbsd-plus_c5156f85e4fa,0.0
1,small,OI_dspcbsd-plus_0c2948f180a7,control,,dspcbsd-plus,0.7759268879890442,0.7759268879890442,0.6389927268028259,OI_pcb-ind_43ebf34529e7,OI_dspcbsd-plus_259c8220279b,OI_dspcbsd-plus_259c8220279b,0.0
1,small,OI_dspcbsd-plus_0c683a2c5c05,probe,similar pair,dspcbsd-plus,0.93986576795578,0.8467110395431519,0.93986576795578,OI_dspcbsd-plus_f96e2797edb2,OI_dspcbsd-plus_f96e2797edb2,OI_dspcbsd-plus_5f057b5ad81e,0.09315472841262817
1,small,OI_dspcbsd-plus_0cce79a77060,control,,dspcbsd-plus,0.7068352699279785,0.7068352699279785,0.5600789189338684,OI_dspcbsd-plus_e81eb183706e,OI_dspcbsd-plus_1135a91620af,OI_dspcbsd-plus_1135a91620af,0.0
1,small,OI_dspcbsd-plus_0e42c0dc35e0,probe,similar pair,dspcbsd-plus,0.9188372492790222,0.8746995329856873,0.9188372492790222,OI_dspcbsd-plus_d9aa4e54ad55,OI_dspcbsd-plus_d9aa4e54ad55,OI_dspcbsd-plus_d6599e05b4ee,0.04413771629333496
1,small,OI_dspcbsd-plus_0fa778951be0,probe,similar pair,dspcbsd-plus,0.933150053024292,0.8745930194854736,0.933150053024292,OI_dspcbsd-plus_537d500613ab,OI_dspcbsd-plus_537d500613ab,OI_dspcbsd-plus_594df4a0c5fb,0.05855703353881836
1,small,OI_dspcbsd-plus_0faaad5f3569,control,,dspcbsd-plus,0.8937989473342896,0.8937989473342896,0.8453955054283142,OI_dspcbsd-plus_ca520caede4d,OI_dspcbsd-plus_cf553f257b9e,OI_dspcbsd-plus_cf553f257b9e,0.0
1,small,OI_dspcbsd-plus_11750cfbb173,probe,same component,dspcbsd-plus,0.9118209481239319,0.8463897109031677,0.9118209481239319,OI_dspcbsd-plus_25a62020f985,OI_dspcbsd-plus_25a62020f985,OI_pcb-ind_2868461463bf,0.06543123722076416
1,small,OI_dspcbsd-plus_12abe0924d24,probe,similar pair,dspcbsd-plus,0.939323365688324,0.8697280883789062,0.939323365688324,OI_dspcbsd-plus_c038d894bbe6,OI_dspcbsd-plus_c038d894bbe6,OI_dspcbsd-plus_064612fda073,0.06959527730941772
1,small,OI_dspcbsd-plus_1311a2cec296,probe,similar pair,dspcbsd-plus,0.9634810090065002,0.7679034471511841,0.9634810090065002,OI_dspcbsd-plus_baa2a2c91a3d,OI_dspcbsd-plus_baa2a2c91a3d,OI_pcb-ind_105c87270289,0.19557756185531616
1,small,OI_dspcbsd-plus_13564c3d33ad,probe,same component,dspcbsd-plus,0.8733495473861694,0.8702318072319031,0.8733495473861694,OI_dspcbsd-plus_25a62020f985,OI_dspcbsd-plus_25a62020f985,OI_dspcbsd-plus_7a79f9cc946a,0.0031177401542663574
1,small,OI_dspcbsd-plus_148e8f4a146d,control,,dspcbsd-plus,0.9087335467338562,0.9087335467338562,0.8347037434577942,OI_dspcbsd-plus_41006b5135f0,OI_dspcbsd-plus_f5460586bada,OI_dspcbsd-plus_f5460586bada,0.0
1,small,OI_dspcbsd-plus_191c3467c37a,control,,dspcbsd-plus,0.7511340379714966,0.7511340379714966,0.6380634307861328,OI_dspcbsd-plus_010f6b274095,OI_dspcbsd-plus_2710d009fb5c,OI_dspcbsd-plus_2710d009fb5c,0.0
1,small,OI_dspcbsd-plus_1c0b4e9a83d5,control,,dspcbsd-plus,0.6738244295120239,0.6738244295120239,0.5725057125091553,OI_pcb-ind_cb4019c341e3,OI_pcb-ind_b140fd1cab9b,OI_pcb-ind_b140fd1cab9b,0.0
1,small,OI_dspcbsd-plus_1c906370c711,probe,same component,dspcbsd-plus,0.8951680660247803,0.8444772362709045,0.8951680660247803,OI_dspcbsd-plus_07a82f22937e,OI_dspcbsd-plus_07a82f22937e,OI_dspcbsd-plus_c26953dbfa49,0.05069082975387573
1,small,OI_dspcbsd-plus_1d40ee7a0925,probe,similar pair,dspcbsd-plus,0.9211681485176086,0.866801381111145,0.9211681485176086,OI_dspcbsd-plus_25a62020f985,OI_dspcbsd-plus_25a62020f985,OI_dspcbsd-plus_7a79f9cc946a,0.05436676740646362
1,small,OI_dspcbsd-plus_1d50cda0f7f7,control,,dspcbsd-plus,0.7840298414230347,0.7840298414230347,0.7372925877571106,OI_pcb-ind_55a76767dece,OI_dspcbsd-plus_c3f3f60dcd07,OI_dspcbsd-plus_c3f3f60dcd07,0.0
1,small,OI_dspcbsd-plus_1e5c3f1a8fb5,probe,same component,dspcbsd-plus,0.9024635553359985,0.9024635553359985,0.8983166217803955,OI_dspcbsd-plus_0940574db3dd,OI_dspcbsd-plus_b821e27ea27b,OI_dspcbsd-plus_b821e27ea27b,0.0
1,small,OI_dspcbsd-plus_1ea2754aa5d4,probe,similar pair,dspcbsd-plus,0.9493728280067444,0.9120885729789734,0.9493728280067444,OI_dspcbsd-plus_5f9832c7e958,OI_dspcbsd-plus_5f9832c7e958,OI_dspcbsd-plus_13073a87789a,0.037284255027770996
1,small,OI_dspcbsd-plus_20bc76e4c58a,control,,dspcbsd-plus,0.7157760262489319,0.7157760262489319,0.6006642580032349,OI_pcb-ind_eb6ce3d67189,OI_pcb-ind_12268f08d6c1,OI_pcb-ind_12268f08d6c1,0.0
1,small,OI_dspcbsd-plus_21cd143e3fb0,probe,similar pair,dspcbsd-plus,0.9181641936302185,0.834886908531189,0.9181641936302185,OI_dspcbsd-plus_3e9cf016f5e5,OI_dspcbsd-plus_3e9cf016f5e5,OI_dspcbsd-plus_1eac320303ac,0.08327728509902954
1,small,OI_dspcbsd-plus_225e0737e354,control,,dspcbsd-plus,0.8063482046127319,0.8063482046127319,0.7304763793945312,OI_dspcbsd-plus_473562ea17a3,OI_dspcbsd-plus_b48d6d8c25ad,OI_dspcbsd-plus_b48d6d8c25ad,0.0
1,small,OI_dspcbsd-plus_233e65adae65,probe,similar pair,dspcbsd-plus,0.9341139197349548,0.8904346823692322,0.9341139197349548,OI_dspcbsd-plus_0e9fe58190c2,OI_dspcbsd-plus_0e9fe58190c2,OI_dspcbsd-plus_c5156f85e4fa,0.043679237365722656
1,small,OI_dspcbsd-plus_25ac6a24c2d1,control,,dspcbsd-plus,0.751816987991333,0.751816987991333,0.6286259293556213,OI_pcb-ind_9be54a8ea56f,OI_dspcbsd-plus_28b1e0d2dade,OI_dspcbsd-plus_28b1e0d2dade,0.0
1,small,OI_dspcbsd-plus_263fce5f00fa,control,,dspcbsd-plus,0.8419684767723083,0.8419684767723083,0.7518599033355713,OI_pcb-ind_03ce88fee16c,OI_dspcbsd-plus_0e5daeff467c,OI_dspcbsd-plus_0e5daeff467c,0.0
1,small,OI_dspcbsd-plus_26f8cde0048f,probe,similar pair,dspcbsd-plus,0.9408562183380127,0.9028562307357788,0.9408562183380127,OI_dspcbsd-plus_ca520caede4d,OI_dspcbsd-plus_ca520caede4d,OI_dspcbsd-plus_30571ea9ef42,0.03799998760223389
1,small,OI_dspcbsd-plus_2723a5ca19ab,probe,similar pair,dspcbsd-plus,0.9395430088043213,0.6339473128318787,0.9395430088043213,OI_dspcbsd-plus_eb55fb0409e3,OI_dspcbsd-plus_eb55fb0409e3,OI_dspcbsd-plus_daaf28d6962b,0.3055956959724426
1,small,OI_dspcbsd-plus_298ccafc9063,control,,dspcbsd-plus,0.8113610148429871,0.8113610148429871,0.6473439335823059,OI_pcb-ind_1eaa7f361a04,OI_pcb-ind_bba579ad8d78,OI_pcb-ind_bba579ad8d78,0.0
1,small,OI_dspcbsd-plus_2a66eea6036d,probe,similar pair,dspcbsd-plus,0.9266095161437988,0.8972009420394897,0.9266095161437988,OI_dspcbsd-plus_7cb53cab0c20,OI_dspcbsd-plus_7cb53cab0c20,OI_dspcbsd-plus_0e01763306a3,0.029408574104309082
1,small,OI_dspcbsd-plus_2b1633fe8f7d,control,,dspcbsd-plus,0.8298876881599426,0.8298876881599426,0.7626053094863892,OI_dspcbsd-plus_bfa2bb933a68,OI_dspcbsd-plus_d5375ff1bd3b,OI_dspcbsd-plus_d5375ff1bd3b,0.0
1,small,OI_dspcbsd-plus_2d804655c21b,control,,dspcbsd-plus,0.8255888819694519,0.8255888819694519,0.6689924597740173,OI_dspcbsd-plus_41006b5135f0,OI_dspcbsd-plus_d5375ff1bd3b,OI_dspcbsd-plus_d5375ff1bd3b,0.0
1,small,OI_dspcbsd-plus_2dcc5a2fb546,control,,dspcbsd-plus,0.7888944745063782,0.7838902473449707,0.7888944745063782,OI_dspcbsd-plus_473562ea17a3,OI_dspcbsd-plus_473562ea17a3,OI_dspcbsd-plus_f06f2a1d9265,0.005004227161407471
1,small,OI_dspcbsd-plus_2fe414263e4e,probe,same component,dspcbsd-plus,0.8867331147193909,0.8110475540161133,0.8867331147193909,OI_dspcbsd-plus_c5c737f691f6,OI_dspcbsd-plus_c5c737f691f6,OI_dspcbsd-plus_b821e27ea27b,0.07568556070327759
1,small,OI_dspcbsd-plus_30b7bcbbe7b3,control,,dspcbsd-plus,0.7447139024734497,0.7447139024734497,0.5970516204833984,OI_pcb-ind_5799f9e435bd,OI_pcb-ind_bbf91dc6d033,OI_pcb-ind_bbf91dc6d033,0.0
1,small,OI_dspcbsd-plus_342f42125741,probe,same component,dspcbsd-plus,0.88034588098526,0.88034588098526,0.8511847853660583,OI_dspcbsd-plus_25a62020f985,OI_dspcbsd-plus_7729223f4f94,OI_dspcbsd-plus_7729223f4f94,0.0
1,small,OI_dspcbsd-plus_36b5430e03e4,control,,dspcbsd-plus,0.7338476181030273,0.7338476181030273,0.7176395654678345,OI_dspcbsd-plus_ec7d48a3c36d,OI_dspcbsd-plus_caa5479bbb7c,OI_dspcbsd-plus_caa5479bbb7c,0.0
1,small,OI_dspcbsd-plus_387eb11e88bb,probe,same component,dspcbsd-plus,0.9138039350509644,0.8901889324188232,0.9138039350509644,OI_dspcbsd-plus_c6f5b5eb7a09,OI_dspcbsd-plus_c6f5b5eb7a09,OI_dspcbsd-plus_30de55dceef7,0.023615002632141113
1,small,OI_dspcbsd-plus_3a20af8eeada,control,,dspcbsd-plus,0.9105322957038879,0.9105322957038879,0.7652854919433594,OI_dspcbsd-plus_f96e2797edb2,OI_dspcbsd-plus_9a36bc7f1232,OI_dspcbsd-plus_9a36bc7f1232,0.0
1,small,OI_dspcbsd-plus_3c005d0965b8,probe,similar pair,dspcbsd-plus,0.9227728247642517,0.8780249357223511,0.9227728247642517,OI_dspcbsd-plus_bfa2bb933a68,OI_dspcbsd-plus_bfa2bb933a68,OI_dspcbsd-plus_84f4f167ee3e,0.044747889041900635
1,small,OI_dspcbsd-plus_3c4bf1daec46,probe,similar pair,dspcbsd-plus,0.9238273501396179,0.9026269316673279,0.9238273501396179,OI_dspcbsd-plus_f8341c445e6a,OI_dspcbsd-plus_f8341c445e6a,OI_dspcbsd-plus_4343782c9480,0.02120041847229004
1,small,OI_dspcbsd-plus_3c5d112f7fd5,probe,similar pair,dspcbsd-plus,0.9308311939239502,0.8681834936141968,0.9308311939239502,OI_dspcbsd-plus_a29d78fbd295,OI_dspcbsd-plus_a29d78fbd295,OI_dspcbsd-plus_c347b9f2e583,0.06264770030975342
1,small,OI_dspcbsd-plus_3c6f29099357,probe,similar pair,dspcbsd-plus,0.9554426670074463,0.8534063696861267,0.9554426670074463,OI_dspcbsd-plus_3ba4fc7a7afa,OI_dspcbsd-plus_3ba4fc7a7afa,OI_dspcbsd-plus_394394c602af,0.10203629732131958
1,small,OI_dspcbsd-plus_3d740567b537,control,,dspcbsd-plus,0.7507087588310242,0.7507087588310242,0.6030140519142151,OI_dspcbsd-plus_86d6904064a2,OI_dspcbsd-plus_a6cb6c76b297,OI_dspcbsd-plus_a6cb6c76b297,0.0
1,small,OI_dspcbsd-plus_3eb7e261673f,probe,same component,dspcbsd-plus,0.8826147317886353,0.831948459148407,0.8826147317886353,OI_dspcbsd-plus_e71906d3084c,OI_dspcbsd-plus_e71906d3084c,OI_dspcbsd-plus_782dcb5f7456,0.05066627264022827
1,small,OI_dspcbsd-plus_3edebf881e8d,probe,same component,dspcbsd-plus,0.9162217974662781,0.9162217974662781,0.8911890387535095,OI_dspcbsd-plus_bcedffdf5c91,OI_dspcbsd-plus_4c01badd52a4,OI_dspcbsd-plus_4c01badd52a4,0.0
1,small,OI_dspcbsd-plus_3f24951fcfb8,probe,similar pair,dspcbsd-plus,0.918363094329834,0.9172222018241882,0.918363094329834,OI_dspcbsd-plus_41006b5135f0,OI_dspcbsd-plus_41006b5135f0,OI_dspcbsd-plus_c6314b947a0c,0.001140892505645752
1,small,OI_dspcbsd-plus_40b98edd579e,probe,similar pair,dspcbsd-plus,0.9505953788757324,0.6983274817466736,0.9505953788757324,OI_dspcbsd-plus_4c90c9d061aa,OI_dspcbsd-plus_4c90c9d061aa,OI_dspcbsd-plus_9d96e6af0b38,0.25226789712905884
1,small,OI_dspcbsd-plus_40f96a086555,probe,same component,dspcbsd-plus,0.8864679336547852,0.7941117286682129,0.8864679336547852,OI_dspcbsd-plus_e2692329fa2c,OI_dspcbsd-plus_e2692329fa2c,OI_dspcbsd-plus_1bcba2f80ddb,0.09235620498657227
1,small,OI_dspcbsd-plus_4141aa41900c,control,,dspcbsd-plus,0.8755379319190979,0.8755379319190979,0.8291481137275696,OI_dspcbsd-plus_41006b5135f0,OI_pcb-ind_1c6ff0d04057,OI_pcb-ind_1c6ff0d04057,0.0
1,small,OI_dspcbsd-plus_42278c84dbc8,control,,dspcbsd-plus,0.8932451605796814,0.8932451605796814,0.8103238940238953,OI_dspcbsd-plus_4bfa310b7d17,OI_dspcbsd-plus_f35b99617600,OI_dspcbsd-plus_f35b99617600,0.0
1,small,OI_dspcbsd-plus_43af320e9c50,control,,dspcbsd-plus,0.902883768081665,0.7062796950340271,0.902883768081665,OI_dspcbsd-plus_1e2da007deae,OI_dspcbsd-plus_1e2da007deae,OI_dspcbsd-plus_8e0cad96e4aa,0.19660407304763794
1,small,OI_dspcbsd-plus_444b515ab6c4,control,,dspcbsd-plus,0.8185046315193176,0.8185046315193176,0.6603446006774902,OI_dspcbsd-plus_0e9fe58190c2,OI_dspcbsd-plus_f40e6667c5aa,OI_dspcbsd-plus_f40e6667c5aa,0.0
1,small,OI_dspcbsd-plus_44f6467c4300,control,,dspcbsd-plus,0.8171473741531372,0.8171473741531372,0.7224878072738647,OI_dspcbsd-plus_f30edac9fa8b,OI_dspcbsd-plus_4e7e7da4e57c,OI_dspcbsd-plus_4e7e7da4e57c,0.0
1,small,OI_dspcbsd-plus_474756b11f13,probe,similar pair,dspcbsd-plus,0.9203361868858337,0.8432325720787048,0.9203361868858337,OI_dspcbsd-plus_2b33ab99a98f,OI_dspcbsd-plus_2b33ab99a98f,OI_dspcbsd-plus_b53574011833,0.0771036148071289
1,small,OI_dspcbsd-plus_4756e6a7a0c9,control,,dspcbsd-plus,0.7420437932014465,0.7420437932014465,0.5988457798957825,OI_pcb-ind_5799f9e435bd,OI_dspcbsd-plus_1135a91620af,OI_dspcbsd-plus_1135a91620af,0.0
1,small,OI_dspcbsd-plus_49245639b2f7,control,,dspcbsd-plus,0.8015638589859009,0.8015638589859009,0.7444241642951965,OI_pcb-ind_0d74dafae4ce,OI_dspcbsd-plus_220877ef13a2,OI_dspcbsd-plus_220877ef13a2,0.0
1,small,OI_dspcbsd-plus_4964214bfa80,control,,dspcbsd-plus,0.7888182401657104,0.7888182401657104,0.6442862153053284,OI_dspcbsd-plus_bd77cb67b9cc,OI_dspcbsd-plus_bd8a896c17ef,OI_dspcbsd-plus_bd8a896c17ef,0.0
1,small,OI_dspcbsd-plus_4aa1e4192edb,control,,dspcbsd-plus,0.8312132358551025,0.8312132358551025,0.7155964970588684,OI_dspcbsd-plus_010f6b274095,OI_dspcbsd-plus_7066d74523fd,OI_dspcbsd-plus_7066d74523fd,0.0
1,small,OI_dspcbsd-plus_4b319d537fc4,probe,similar pair,dspcbsd-plus,0.9267172813415527,0.8493455648422241,0.9267172813415527,OI_dspcbsd-plus_e71906d3084c,OI_dspcbsd-plus_e71906d3084c,OI_dspcbsd-plus_782dcb5f7456,0.07737171649932861
1,small,OI_dspcbsd-plus_4c1309ab840c,control,,dspcbsd-plus,0.7203530669212341,0.7203530669212341,0.6542696356773376,OI_pcb-ind_294a8aa68b56,OI_dspcbsd-plus_a2432529583b,OI_dspcbsd-plus_a2432529583b,0.0
1,small,OI_dspcbsd-plus_4cb795ae146b,probe,similar pair,dspcbsd-plus,0.927204430103302,0.8711975812911987,0.927204430103302,OI_dspcbsd-plus_4b28fac5f3b9,OI_dspcbsd-plus_4b28fac5f3b9,OI_dspcbsd-plus_8169c451bb67,0.05600684881210327
1,small,OI_dspcbsd-plus_4da5fb7743df,control,,dspcbsd-plus,0.7941734194755554,0.7941734194755554,0.7705040574073792,OI_dspcbsd-plus_6a79caf94abd,OI_dspcbsd-plus_a2c11f772ee4,OI_dspcbsd-plus_a2c11f772ee4,0.0
1,small,OI_dspcbsd-plus_4de906b98c8f,probe,same component,dspcbsd-plus,0.9032536149024963,0.9124363660812378,0.9032536149024963,OI_dspcbsd-plus_4a302792b10b,OI_dspcbsd-plus_4a302792b10b,OI_dspcbsd-plus_eee67131034f,-0.009182751178741455
1,small,OI_dspcbsd-plus_4e532db8b87f,control,,dspcbsd-plus,0.8912943005561829,0.8912943005561829,0.7905265092849731,OI_dspcbsd-plus_f8341c445e6a,OI_dspcbsd-plus_3e0dc6239fab,OI_dspcbsd-plus_3e0dc6239fab,0.0
1,small,OI_dspcbsd-plus_52e2a4e2a44e,probe,same component,dspcbsd-plus,0.9061329960823059,0.860504150390625,0.9061329960823059,OI_dspcbsd-plus_880fd323c90d,OI_dspcbsd-plus_880fd323c90d,OI_dspcbsd-plus_b821e27ea27b,0.04562884569168091
1,small,OI_dspcbsd-plus_5426aad63d90,control,,dspcbsd-plus,0.6026010513305664,0.6026010513305664,0.539463996887207,OI_pcb-ind_43ebf34529e7,OI_dspcbsd-plus_49e2a8b65688,OI_dspcbsd-plus_49e2a8b65688,0.0
1,small,OI_dspcbsd-plus_57c18a7de779,probe,same component,dspcbsd-plus,0.8947048187255859,0.8689538836479187,0.8947048187255859,OI_dspcbsd-plus_93d5b92757c7,OI_dspcbsd-plus_93d5b92757c7,OI_dspcbsd-plus_1eac320303ac,0.025750935077667236
1,small,OI_dspcbsd-plus_57cb25cbc047,probe,similar pair,dspcbsd-plus,0.9261738657951355,0.8438288569450378,0.9261738657951355,OI_dspcbsd-plus_ec7d48a3c36d,OI_dspcbsd-plus_ec7d48a3c36d,OI_dspcbsd-plus_1d6b945817c5,0.08234500885009766
1,small,OI_dspcbsd-plus_5c2d117e29a2,probe,same component,dspcbsd-plus,0.8928037285804749,0.8402162790298462,0.8928037285804749,OI_dspcbsd-plus_b1f8edef84c4,OI_dspcbsd-plus_b1f8edef84c4,OI_dspcbsd-plus_7a79f9cc946a,0.05258744955062866
1,small,OI_dspcbsd-plus_5d7712fc9d90,probe,similar pair,dspcbsd-plus,0.9725437760353088,0.7256054878234863,0.9725437760353088,OI_dspcbsd-plus_9e679587e516,OI_dspcbsd-plus_9e679587e516,OI_dspcbsd-plus_3ed3a40ba712,0.2469382882118225
1,small,OI_dspcbsd-plus_5e02b355c148,probe,similar pair,dspcbsd-plus,0.9244524836540222,0.8647587299346924,0.9244524836540222,OI_dspcbsd-plus_07a82f22937e,OI_dspcbsd-plus_07a82f22937e,OI_dspcbsd-plus_82ff7f9661f7,0.059693753719329834
1,small,OI_dspcbsd-plus_5f1d779d45e4,control,,dspcbsd-plus,0.7473058700561523,0.7473058700561523,0.6336926221847534,OI_pcb-ind_5799f9e435bd,OI_dspcbsd-plus_a362c6af6bfb,OI_dspcbsd-plus_a362c6af6bfb,0.0
1,small,OI_dspcbsd-plus_5f8e748f24e4,probe,similar pair,dspcbsd-plus,0.9233238101005554,0.8300414085388184,0.9233238101005554,OI_dspcbsd-plus_12bba18b9467,OI_dspcbsd-plus_12bba18b9467,OI_dspcbsd-plus_b821e27ea27b,0.09328240156173706
1,small,OI_dspcbsd-plus_600e0bb4b349,probe,similar pair,dspcbsd-plus,0.9492689967155457,0.8288538455963135,0.9492689967155457,OI_dspcbsd-plus_e75f1121caf0,OI_dspcbsd-plus_e75f1121caf0,OI_dspcbsd-plus_bb31b6410d9f,0.12041515111923218
1,small,OI_dspcbsd-plus_60fbebee134e,probe,same component,dspcbsd-plus,0.905321478843689,0.8354490995407104,0.905321478843689,OI_dspcbsd-plus_c6f5b5eb7a09,OI_dspcbsd-plus_c6f5b5eb7a09,OI_dspcbsd-plus_7a79f9cc946a,0.06987237930297852
1,small,OI_dspcbsd-plus_611909e0970b,control,,dspcbsd-plus,0.8569555878639221,0.8594066500663757,0.7812271118164062,OI_dspcbsd-plus_41006b5135f0,OI_dspcbsd-plus_c0bc68b43caa,OI_dspcbsd-plus_fcbdeb7d5633,-0.0024510622024536133
1,small,OI_dspcbsd-plus_635e1a76561b,control,,dspcbsd-plus,0.8677459955215454,0.8677459955215454,0.8134613633155823,OI_dspcbsd-plus_f8341c445e6a,OI_dspcbsd-plus_d2a94b4a67fb,OI_dspcbsd-plus_d2a94b4a67fb,0.0
1,small,OI_dspcbsd-plus_63cb4a1df3b9,control,,dspcbsd-plus,0.8950458765029907,0.8432711362838745,0.8950458765029907,OI_dspcbsd-plus_f4d3095bbcbf,OI_dspcbsd-plus_f4d3095bbcbf,OI_dspcbsd-plus_064612fda073,0.05177474021911621
1,small,OI_dspcbsd-plus_643f684070a8,control,,dspcbsd-plus,0.8490846157073975,0.8490846157073975,0.7916433215141296,OI_dspcbsd-plus_41006b5135f0,OI_pcb-ind_8c9c5f111e1b,OI_pcb-ind_8c9c5f111e1b,0.0
1,small,OI_dspcbsd-plus_652d08eb716b,control,,dspcbsd-plus,0.8155679702758789,0.8155679702758789,0.7757750153541565,OI_dspcbsd-plus_5c3310761413,OI_dspcbsd-plus_112f4a2285ed,OI_dspcbsd-plus_112f4a2285ed,0.0
1,small,OI_dspcbsd-plus_65b20d0de73c,control,,dspcbsd-plus,0.8476547598838806,0.8476547598838806,0.7155530452728271,OI_pcb-ind_6aad633cf599,OI_dspcbsd-plus_bd94a56fe6ce,OI_dspcbsd-plus_bd94a56fe6ce,0.0
1,small,OI_dspcbsd-plus_66c759c1989f,probe,same component,dspcbsd-plus,0.915739119052887,0.9065676927566528,0.915739119052887,OI_dspcbsd-plus_6156805e6cd7,OI_dspcbsd-plus_6156805e6cd7,OI_dspcbsd-plus_4c18abb50e7e,0.00917142629623413
1,small,OI_dspcbsd-plus_66ca446697a1,probe,similar pair,dspcbsd-plus,0.9288051128387451,0.9046155214309692,0.9288051128387451,OI_dspcbsd-plus_215b40390cc7,OI_dspcbsd-plus_215b40390cc7,OI_dspcbsd-plus_7a79f9cc946a,0.02418959140777588
1,small,OI_dspcbsd-plus_681a122c656b,control,,dspcbsd-plus,0.7786040902137756,0.7786040902137756,0.7264099717140198,OI_dspcbsd-plus_456edf1c023a,OI_dspcbsd-plus_99729846b0ba,OI_dspcbsd-plus_99729846b0ba,0.0
1,small,OI_dspcbsd-plus_68e22ef8c7c4,control,,dspcbsd-plus,0.7392944693565369,0.7392944693565369,0.6749400496482849,OI_pcb-ind_93c5824de1ce,OI_dspcbsd-plus_18b005344990,OI_dspcbsd-plus_18b005344990,0.0
1,small,OI_dspcbsd-plus_698800c8742b,control,,dspcbsd-plus,0.7681689858436584,0.7681689858436584,0.6405892968177795,OI_pcb-ind_55a76767dece,OI_dspcbsd-plus_330d0ccf6d04,OI_dspcbsd-plus_330d0ccf6d04,0.0
1,small,OI_dspcbsd-plus_6cb498e1cc95,probe,similar pair,dspcbsd-plus,0.9711529612541199,0.8178581595420837,0.9711529612541199,OI_dspcbsd-plus_bd77cb67b9cc,OI_dspcbsd-plus_bd77cb67b9cc,OI_dspcbsd-plus_3f3cf612b851,0.15329480171203613
1,small,OI_dspcbsd-plus_71d5c77bc2da,control,,dspcbsd-plus,0.8824359774589539,0.8824359774589539,0.8295836448669434,OI_dspcbsd-plus_4a302792b10b,OI_dspcbsd-plus_a023a02d36af,OI_dspcbsd-plus_a023a02d36af,0.0
1,small,OI_dspcbsd-plus_725aa0053db1,control,,dspcbsd-plus,0.8865893483161926,0.8865893483161926,0.8291391730308533,OI_dspcbsd-plus_4a302792b10b,OI_dspcbsd-plus_105b04b7cf86,OI_dspcbsd-plus_105b04b7cf86,0.0
1,small,OI_dspcbsd-plus_731eefa5d9df,control,,dspcbsd-plus,0.7418315410614014,0.7418315410614014,0.6269423365592957,OI_dspcbsd-plus_010f6b274095,OI_dspcbsd-plus_be0952409abd,OI_dspcbsd-plus_be0952409abd,0.0
1,small,OI_dspcbsd-plus_73b554a9f8d2,probe,same component,dspcbsd-plus,0.8881425261497498,0.8881425261497498,0.8642648458480835,OI_dspcbsd-plus_1b40682709ce,OI_dspcbsd-plus_03e1266b621b,OI_dspcbsd-plus_03e1266b621b,0.0
1,small,OI_dspcbsd-plus_7835054d52c6,control,,dspcbsd-plus,0.7985795736312866,0.7985795736312866,0.6515874862670898,OI_pcb-ind_0837185d47b9,OI_dspcbsd-plus_fd0e91e3584c,OI_dspcbsd-plus_fd0e91e3584c,0.0
1,small,OI_dspcbsd-plus_794731f2493f,probe,similar pair,dspcbsd-plus,0.9268926382064819,0.8237300515174866,0.9268926382064819,OI_dspcbsd-plus_400aa198068c,OI_dspcbsd-plus_400aa198068c,OI_dspcbsd-plus_bacd34567193,0.10316258668899536
1,small,OI_dspcbsd-plus_7a70f7d5f018,probe,similar pair,dspcbsd-plus,0.9243671894073486,0.9033242464065552,0.9243671894073486,OI_dspcbsd-plus_b5c6855fe517,OI_dspcbsd-plus_b5c6855fe517,OI_dspcbsd-plus_dfade66271d5,0.021042943000793457
1,small,OI_dspcbsd-plus_7c41fb1c296a,control,,dspcbsd-plus,0.7037439942359924,0.7037439942359924,0.5993472337722778,OI_dspcbsd-plus_6156805e6cd7,OI_pcb-ind_71235fcee911,OI_pcb-ind_71235fcee911,0.0
1,small,OI_dspcbsd-plus_7ef8c1b54634,probe,same component,dspcbsd-plus,0.902280330657959,0.8998327851295471,0.902280330657959,OI_dspcbsd-plus_b1f8edef84c4,OI_dspcbsd-plus_b1f8edef84c4,OI_dspcbsd-plus_7a79f9cc946a,0.0024475455284118652
1,small,OI_dspcbsd-plus_7f25fc788332,probe,similar pair,dspcbsd-plus,0.9268270134925842,0.8541049957275391,0.9268270134925842,OI_dspcbsd-plus_85474c3f47d4,OI_dspcbsd-plus_85474c3f47d4,OI_pcb-ind_1c6ff0d04057,0.07272201776504517
1,small,OI_dspcbsd-plus_806a63b1980f,probe,similar pair,dspcbsd-plus,0.9306027889251709,0.8166562914848328,0.9306027889251709,OI_dspcbsd-plus_56b026c4c387,OI_dspcbsd-plus_56b026c4c387,OI_dspcbsd-plus_06c8a179017d,0.11394649744033813
1,small,OI_dspcbsd-plus_80ad6d0abd21,control,,dspcbsd-plus,0.7924686074256897,0.7924686074256897,0.6898409128189087,OI_pcb-ind_860a71bd9f1e,OI_dspcbsd-plus_ddfc835739eb,OI_dspcbsd-plus_ddfc835739eb,0.0
1,small,OI_dspcbsd-plus_82988810bf54,control,,dspcbsd-plus,0.849589467048645,0.849589467048645,0.7654153108596802,OI_dspcbsd-plus_bfa2bb933a68,OI_dspcbsd-plus_84f4f167ee3e,OI_dspcbsd-plus_84f4f167ee3e,0.0
1,small,OI_dspcbsd-plus_8baaaa395d40,probe,similar pair,dspcbsd-plus,0.9464249610900879,0.8194698691368103,0.9464249610900879,OI_dspcbsd-plus_e73dd5fbf6f2,OI_dspcbsd-plus_e73dd5fbf6f2,OI_dspcbsd-plus_e67ea7b2515a,0.1269550919532776
1,small,OI_dspcbsd-plus_8ec63981d503,probe,similar pair,dspcbsd-plus,0.9629589319229126,0.8379495739936829,0.9629589319229126,OI_dspcbsd-plus_f44a00eaa665,OI_dspcbsd-plus_f44a00eaa665,OI_dspcbsd-plus_0849bb222278,0.12500935792922974
1,small,OI_dspcbsd-plus_8ec7736ccb84,probe,similar pair,dspcbsd-plus,0.9332876205444336,0.8179396390914917,0.9332876205444336,OI_dspcbsd-plus_245cfc2c89a7,OI_dspcbsd-plus_245cfc2c89a7,OI_dspcbsd-plus_782dcb5f7456,0.1153479814529419
1,small,OI_dspcbsd-plus_8f382521c379,control,,dspcbsd-plus,0.8008862137794495,0.8008862137794495,0.6881403923034668,OI_dspcbsd-plus_e75f1121caf0,OI_dspcbsd-plus_0eb2f4e81cb5,OI_dspcbsd-plus_0eb2f4e81cb5,0.0
1,small,OI_dspcbsd-plus_8fbfaabaaf62,probe,similar pair,dspcbsd-plus,0.9253427982330322,0.8712553381919861,0.9253427982330322,OI_dspcbsd-plus_b85b5e071b18,OI_dspcbsd-plus_b85b5e071b18,OI_dspcbsd-plus_782dcb5f7456,0.05408746004104614
1,small,OI_dspcbsd-plus_8ff3a34cbeb5,control,,dspcbsd-plus,0.8496418595314026,0.8496418595314026,0.7760182619094849,OI_pcb-ind_15321f3247e3,OI_dspcbsd-plus_622cb53cefdf,OI_dspcbsd-plus_622cb53cefdf,0.0
1,small,OI_dspcbsd-plus_952191be0b91,control,,dspcbsd-plus,0.8570058345794678,0.8570058345794678,0.653513491153717,OI_dspcbsd-plus_e75f1121caf0,OI_dspcbsd-plus_31a475b7f3a6,OI_dspcbsd-plus_31a475b7f3a6,0.0
1,small,OI_dspcbsd-plus_96dde8a944d1,probe,similar pair,dspcbsd-plus,0.9370343089103699,0.7952051162719727,0.9370343089103699,OI_dspcbsd-plus_22641973d7e7,OI_dspcbsd-plus_22641973d7e7,OI_dspcbsd-plus_1d6b945817c5,0.14182919263839722
1,small,OI_dspcbsd-plus_98767ef1bcb0,probe,similar pair,dspcbsd-plus,0.9410702586174011,0.7642571926116943,0.9410702586174011,OI_dspcbsd-plus_fd51e5ebd339,OI_dspcbsd-plus_fd51e5ebd339,OI_dspcbsd-plus_50b154410c4a,0.1768130660057068
1,small,OI_dspcbsd-plus_989ff4cf7601,control,,dspcbsd-plus,0.6993743777275085,0.6959223747253418,0.6993743777275085,OI_pcb-ind_d62b792cb663,OI_pcb-ind_d62b792cb663,OI_dspcbsd-plus_ee38e79c50b0,0.003452003002166748
1,small,OI_dspcbsd-plus_9b1d4a40fe5b,control,,dspcbsd-plus,0.8226650357246399,0.8226650357246399,0.682471513748169,OI_dspcbsd-plus_e75f1121caf0,OI_dspcbsd-plus_9c549946fa4a,OI_dspcbsd-plus_9c549946fa4a,0.0
1,small,OI_dspcbsd-plus_9ba529913caf,probe,same component,dspcbsd-plus,0.9029681086540222,0.7848161458969116,0.9029681086540222,OI_dspcbsd-plus_a1c516500ff7,OI_dspcbsd-plus_a1c516500ff7,OI_dspcbsd-plus_064612fda073,0.1181519627571106
1,small,OI_dspcbsd-plus_a022f21892ab,probe,similar pair,dspcbsd-plus,0.9203874468803406,0.852218508720398,0.9203874468803406,OI_dspcbsd-plus_f30edac9fa8b,OI_dspcbsd-plus_f30edac9fa8b,OI_dspcbsd-plus_4967505ca5de,0.06816893815994263
1,small,OI_dspcbsd-plus_a1d9bdad5249,probe,similar pair,dspcbsd-plus,0.9351230263710022,0.8318172693252563,0.9351230263710022,OI_dspcbsd-plus_245cfc2c89a7,OI_dspcbsd-plus_245cfc2c89a7,OI_dspcbsd-plus_782dcb5f7456,0.10330575704574585
1,small,OI_dspcbsd-plus_a447cf91b72f,probe,similar pair,dspcbsd-plus,0.9394849538803101,0.8049654364585876,0.9394849538803101,OI_dspcbsd-plus_245cfc2c89a7,OI_dspcbsd-plus_245cfc2c89a7,OI_dspcbsd-plus_b821e27ea27b,0.1345195174217224
1,small,OI_dspcbsd-plus_a757533c00ad,probe,same component,dspcbsd-plus,0.909051239490509,0.8705751895904541,0.909051239490509,OI_dspcbsd-plus_8e37652fb174,OI_dspcbsd-plus_8e37652fb174,OI_dspcbsd-plus_1eac320303ac,0.03847604990005493
1,small,OI_dspcbsd-plus_aa39efc54180,control,,dspcbsd-plus,0.8777247071266174,0.8777247071266174,0.7640681862831116,OI_dspcbsd-plus_41006b5135f0,OI_dspcbsd-plus_d881731680a7,OI_dspcbsd-plus_d881731680a7,0.0
1,small,OI_dspcbsd-plus_aab8b8266436,probe,similar pair,dspcbsd-plus,0.9334954023361206,0.8601952791213989,0.9334954023361206,OI_dspcbsd-plus_af42cb7e1bcf,OI_dspcbsd-plus_af42cb7e1bcf,OI_dspcbsd-plus_4343782c9480,0.07330012321472168
1,small,OI_dspcbsd-plus_ada9681a1291,control,,dspcbsd-plus,0.7984587550163269,0.7984587550163269,0.7468630075454712,OI_dspcbsd-plus_af42cb7e1bcf,OI_dspcbsd-plus_cd89eb6dad74,OI_dspcbsd-plus_cd89eb6dad74,0.0
1,small,OI_dspcbsd-plus_aecaafe6ea19,probe,same component,dspcbsd-plus,0.8707818388938904,0.8706352710723877,0.8707818388938904,OI_dspcbsd-plus_a6f493e08d9c,OI_dspcbsd-plus_a6f493e08d9c,OI_dspcbsd-plus_672897d05b3b,0.00014656782150268555
1,small,OI_dspcbsd-plus_b1ac34705311,control,,dspcbsd-plus,0.8496735095977783,0.8496735095977783,0.8071449398994446,OI_dspcbsd-plus_41006b5135f0,OI_dspcbsd-plus_966b45827d3d,OI_dspcbsd-plus_966b45827d3d,0.0
1,small,OI_dspcbsd-plus_b5ad5aaf0418,control,,dspcbsd-plus,0.7056328654289246,0.7056328654289246,0.6221898794174194,OI_pcb-ind_1bbb08cf99f3,OI_dspcbsd-plus_54167a5a3c15,OI_dspcbsd-plus_54167a5a3c15,0.0
1,small,OI_dspcbsd-plus_b8128481d59d,control,,dspcbsd-plus,0.9036097526550293,0.9036097526550293,0.8188635110855103,OI_dspcbsd-plus_86d6904064a2,OI_dspcbsd-plus_689736202c17,OI_dspcbsd-plus_689736202c17,0.0
1,small,OI_dspcbsd-plus_b9f622bd3342,control,,dspcbsd-plus,0.8840326070785522,0.8840326070785522,0.728142261505127,OI_dspcbsd-plus_3ba4fc7a7afa,OI_dspcbsd-plus_2eee2d5b87c5,OI_dspcbsd-plus_2eee2d5b87c5,0.0
1,small,OI_dspcbsd-plus_bb3e349132f6,probe,same component,dspcbsd-plus,0.886020302772522,0.8243775963783264,0.886020302772522,OI_dspcbsd-plus_010f6b274095,OI_dspcbsd-plus_010f6b274095,OI_dspcbsd-plus_ad8c23e0dc10,0.06164270639419556
1,small,OI_dspcbsd-plus_bbef178a1791,probe,similar pair,dspcbsd-plus,0.9336336851119995,0.8951858878135681,0.9336336851119995,OI_dspcbsd-plus_5c3310761413,OI_dspcbsd-plus_5c3310761413,OI_pcb-ind_764a0654181a,0.038447797298431396
1,small,OI_dspcbsd-plus_be2c9a110964,probe,similar pair,dspcbsd-plus,0.9349459409713745,0.8191388845443726,0.9349459409713745,OI_dspcbsd-plus_07a82f22937e,OI_dspcbsd-plus_07a82f22937e,OI_dspcbsd-plus_b821e27ea27b,0.11580705642700195
1,small,OI_dspcbsd-plus_be53774132fc,control,,dspcbsd-plus,0.8682597279548645,0.8315356969833374,0.8682597279548645,OI_dspcbsd-plus_521d384b1334,OI_dspcbsd-plus_521d384b1334,OI_dspcbsd-plus_0fd823805317,0.0367240309715271
1,small,OI_dspcbsd-plus_c0aa929d9d69,control,,dspcbsd-plus,0.717682421207428,0.6981939077377319,0.717682421207428,OI_pcb-ind_d62b792cb663,OI_pcb-ind_d62b792cb663,OI_dspcbsd-plus_ee38e79c50b0,0.019488513469696045
1,small,OI_dspcbsd-plus_c337c8075a00,probe,similar pair,dspcbsd-plus,0.9555559754371643,0.8630314469337463,0.9555559754371643,OI_dspcbsd-plus_98dd22b6ed69,OI_dspcbsd-plus_98dd22b6ed69,OI_dspcbsd-plus_7a79f9cc946a,0.09252452850341797
1,small,OI_dspcbsd-plus_c338575b2b36,control,,dspcbsd-plus,0.8595307469367981,0.8595307469367981,0.801565408706665,OI_dspcbsd-plus_7cb53cab0c20,OI_dspcbsd-plus_1c5b754413a8,OI_dspcbsd-plus_1c5b754413a8,0.0
1,small,OI_dspcbsd-plus_c481c80a1022,probe,similar pair,dspcbsd-plus,0.9317517280578613,0.6847473978996277,0.9317517280578613,OI_dspcbsd-plus_133bb32c41a8,OI_dspcbsd-plus_133bb32c41a8,OI_dspcbsd-plus_09eee908887a,0.24700433015823364
1,small,OI_dspcbsd-plus_cc18a59105fb,probe,similar pair,dspcbsd-plus,0.946723222732544,0.854533851146698,0.946723222732544,OI_dspcbsd-plus_25a62020f985,OI_dspcbsd-plus_25a62020f985,OI_dspcbsd-plus_647f0429bfcb,0.09218937158584595
1,small,OI_dspcbsd-plus_ceccb2174cb4,probe,same component,dspcbsd-plus,0.8843121528625488,0.8533770442008972,0.8843121528625488,OI_dspcbsd-plus_d66fb9e98b43,OI_dspcbsd-plus_d66fb9e98b43,OI_dspcbsd-plus_30de55dceef7,0.03093510866165161
1,small,OI_dspcbsd-plus_cf4c5efef869,control,,dspcbsd-plus,0.8794825077056885,0.8794825077056885,0.7837446928024292,OI_pcb-ind_39c9f3b56bb3,OI_dspcbsd-plus_59d578ee30fe,OI_dspcbsd-plus_59d578ee30fe,0.0
1,small,OI_dspcbsd-plus_d37582a8986f,control,,dspcbsd-plus,0.7808687090873718,0.8096358776092529,0.6769822239875793,OI_pcb-ind_860a71bd9f1e,OI_dspcbsd-plus_7a6dba4c3a43,OI_dspcbsd-plus_fe4c8c867a78,-0.028767168521881104
1,small,OI_dspcbsd-plus_d39579f4f800,control,,dspcbsd-plus,0.8819298148155212,0.8819298148155212,0.7372745275497437,OI_dspcbsd-plus_07a82f22937e,OI_dspcbsd-plus_b6aaf785fb8d,OI_dspcbsd-plus_b6aaf785fb8d,0.0
1,small,OI_dspcbsd-plus_d53dfbb7813d,probe,same component,dspcbsd-plus,0.9075400233268738,0.8777586817741394,0.9075400233268738,OI_dspcbsd-plus_bf422a18b3a3,OI_dspcbsd-plus_bf422a18b3a3,OI_dspcbsd-plus_7a79f9cc946a,0.029781341552734375
1,small,OI_dspcbsd-plus_d543a2eb0d69,control,,dspcbsd-plus,0.8936368823051453,0.8936368823051453,0.8555710911750793,OI_dspcbsd-plus_4a302792b10b,OI_dspcbsd-plus_824d225ff370,OI_dspcbsd-plus_824d225ff370,0.0
1,small,OI_dspcbsd-plus_d587977a15b4,control,,dspcbsd-plus,0.7948111891746521,0.7948111891746521,0.6855884194374084,OI_pcb-ind_d9f28766fa46,OI_dspcbsd-plus_8dafdfef7cef,OI_dspcbsd-plus_8dafdfef7cef,0.0
1,small,OI_dspcbsd-plus_da2d103ec487,control,,dspcbsd-plus,0.9080711603164673,0.9080711603164673,0.835197925567627,OI_dspcbsd-plus_bfa2bb933a68,OI_dspcbsd-plus_4e15cdeff6fa,OI_dspcbsd-plus_4e15cdeff6fa,0.0
1,small,OI_dspcbsd-plus_db7e5c63a05c,control,,dspcbsd-plus,0.831939697265625,0.831939697265625,0.7115710377693176,OI_pcb-ind_9be54a8ea56f,OI_dspcbsd-plus_74af9d28d2a7,OI_dspcbsd-plus_74af9d28d2a7,0.0
1,small,OI_dspcbsd-plus_dc00d4ec33cc,probe,same component,dspcbsd-plus,0.8772024512290955,0.8149589896202087,0.8772024512290955,OI_dspcbsd-plus_e8f7cbc14a71,OI_dspcbsd-plus_e8f7cbc14a71,OI_pcb-ind_9bcdef9f9054,0.06224346160888672
1,small,OI_dspcbsd-plus_dd916c34392b,control,,dspcbsd-plus,0.823660135269165,0.823660135269165,0.7388664484024048,OI_dspcbsd-plus_133bb32c41a8,OI_dspcbsd-plus_09eee908887a,OI_dspcbsd-plus_09eee908887a,0.0
1,small,OI_dspcbsd-plus_dda48a6f621d,probe,similar pair,dspcbsd-plus,0.9525159001350403,0.8727109432220459,0.9525159001350403,OI_dspcbsd-plus_7256a8070201,OI_dspcbsd-plus_7256a8070201,OI_dspcbsd-plus_71c07199a1c1,0.07980495691299438
1,small,OI_dspcbsd-plus_de38b28bfccc,probe,same component,dspcbsd-plus,0.914965808391571,0.8988465070724487,0.914965808391571,OI_dspcbsd-plus_c6f5b5eb7a09,OI_dspcbsd-plus_c6f5b5eb7a09,OI_dspcbsd-plus_30de55dceef7,0.016119301319122314
1,small,OI_dspcbsd-plus_de4c667daf05,control,,dspcbsd-plus,0.8059905171394348,0.8059905171394348,0.6804884076118469,OI_pcb-ind_d9f28766fa46,OI_dspcbsd-plus_ad8c23e0dc10,OI_dspcbsd-plus_ad8c23e0dc10,0.0
1,small,OI_dspcbsd-plus_deda38b4f276,probe,similar pair,dspcbsd-plus,0.9338036179542542,0.7497945427894592,0.9338036179542542,OI_dspcbsd-plus_dfb5eb53fcf7,OI_dspcbsd-plus_dfb5eb53fcf7,OI_dspcbsd-plus_462fd96a7ad4,0.18400907516479492
1,small,OI_dspcbsd-plus_dfd13bb63fef,control,,dspcbsd-plus,0.8232123255729675,0.8232123255729675,0.5388708114624023,OI_dspcbsd-plus_9f641e675df7,OI_dspcbsd-plus_4b210717e689,OI_dspcbsd-plus_4b210717e689,0.0
1,small,OI_dspcbsd-plus_e1383b26aec0,control,,dspcbsd-plus,0.8697593808174133,0.8697593808174133,0.7818429470062256,OI_dspcbsd-plus_6156805e6cd7,OI_dspcbsd-plus_51c24a4341c6,OI_dspcbsd-plus_51c24a4341c6,0.0
1,small,OI_dspcbsd-plus_e20fe4cb862d,control,,dspcbsd-plus,0.818959653377533,0.818959653377533,0.6229640245437622,OI_pcb-ind_afa7659dd1f9,OI_dspcbsd-plus_e5fb8a42351a,OI_dspcbsd-plus_e5fb8a42351a,0.0
1,small,OI_dspcbsd-plus_e394ad739329,control,,dspcbsd-plus,0.8354410529136658,0.8354410529136658,0.7333661317825317,OI_pcb-ind_15321f3247e3,OI_dspcbsd-plus_83123ada38d4,OI_dspcbsd-plus_83123ada38d4,0.0
1,small,OI_dspcbsd-plus_e614cd8be7b6,control,,dspcbsd-plus,0.9152207374572754,0.9152207374572754,0.8542734980583191,OI_dspcbsd-plus_f44a00eaa665,OI_dspcbsd-plus_0849bb222278,OI_dspcbsd-plus_0849bb222278,0.0
1,small,OI_dspcbsd-plus_e7731d089460,control,,dspcbsd-plus,0.8288993239402771,0.8288993239402771,0.7456372380256653,OI_dspcbsd-plus_86d6904064a2,OI_dspcbsd-plus_0eb2f4e81cb5,OI_dspcbsd-plus_0eb2f4e81cb5,0.0
1,small,OI_dspcbsd-plus_e7ac24419352,probe,same component,dspcbsd-plus,0.8904978036880493,0.8107528686523438,0.8904978036880493,OI_dspcbsd-plus_42f2e2ccb3b1,OI_dspcbsd-plus_42f2e2ccb3b1,OI_dspcbsd-plus_7a79f9cc946a,0.07974493503570557
1,small,OI_dspcbsd-plus_ebfe7b219d09,control,,dspcbsd-plus,0.825554609298706,0.825554609298706,0.7570187449455261,OI_dspcbsd-plus_5c3310761413,OI_dspcbsd-plus_112f4a2285ed,OI_dspcbsd-plus_112f4a2285ed,0.0
1,small,OI_dspcbsd-plus_edde3f8b9b7e,probe,similar pair,dspcbsd-plus,0.9749383330345154,0.8430757522583008,0.9749383330345154,OI_dspcbsd-plus_ffff273bd969,OI_dspcbsd-plus_ffff273bd969,OI_dspcbsd-plus_824d225ff370,0.1318625807762146
1,small,OI_dspcbsd-plus_ee30ea6a6339,probe,similar pair,dspcbsd-plus,0.9344431757926941,0.8870574831962585,0.9344431757926941,OI_dspcbsd-plus_e52170558078,OI_dspcbsd-plus_e52170558078,OI_dspcbsd-plus_e626c6d62273,0.04738569259643555
1,small,OI_dspcbsd-plus_ef371e74f135,control,,dspcbsd-plus,0.7968308925628662,0.7968308925628662,0.6981234550476074,OI_pcb-ind_c3d0491f5f75,OI_dspcbsd-plus_f38e7c53d785,OI_dspcbsd-plus_f38e7c53d785,0.0
1,small,OI_dspcbsd-plus_f09709074a90,control,,dspcbsd-plus,0.6693583726882935,0.6693583726882935,0.540756344795227,OI_dspcbsd-plus_e81eb183706e,OI_pcb-ind_3e14599e93fc,OI_pcb-ind_3e14599e93fc,0.0
1,small,OI_dspcbsd-plus_f3d2a48f7e43,control,,dspcbsd-plus,0.8642935156822205,0.8642935156822205,0.7698265314102173,OI_dspcbsd-plus_f44a00eaa665,OI_dspcbsd-plus_7053b899dfcf,OI_dspcbsd-plus_7053b899dfcf,0.0
1,small,OI_dspcbsd-plus_f4fe64ae650d,probe,similar pair,dspcbsd-plus,0.9337758421897888,0.8829010725021362,0.9337758421897888,OI_dspcbsd-plus_a4d97e1bb28d,OI_dspcbsd-plus_a4d97e1bb28d,OI_dspcbsd-plus_7a79f9cc946a,0.05087476968765259
1,small,OI_dspcbsd-plus_f5187fcc140e,probe,similar pair,dspcbsd-plus,0.926324188709259,0.8070775866508484,0.926324188709259,OI_dspcbsd-plus_e81eb183706e,OI_dspcbsd-plus_e81eb183706e,OI_pcb-ind_794d622a7ac2,0.11924660205841064
1,small,OI_dspcbsd-plus_f6c2decee548,control,,dspcbsd-plus,0.8479524850845337,0.8479524850845337,0.6844972372055054,OI_pcb-ind_b40df8ef46fe,OI_dspcbsd-plus_74f5cfefc9eb,OI_dspcbsd-plus_74f5cfefc9eb,0.0
1,small,OI_dspcbsd-plus_f73ef6b81fda,control,,dspcbsd-plus,0.7559942603111267,0.7559942603111267,0.6767820715904236,OI_dspcbsd-plus_e75f1121caf0,OI_dspcbsd-plus_b5cc8da5bcc3,OI_dspcbsd-plus_b5cc8da5bcc3,0.0
1,small,OI_dspcbsd-plus_f7e22be66f4d,probe,same component,dspcbsd-plus,0.9113245606422424,0.790765643119812,0.9113245606422424,OI_dspcbsd-plus_03ce98ccc768,OI_dspcbsd-plus_03ce98ccc768,OI_dspcbsd-plus_bb31b6410d9f,0.12055891752243042
1,small,OI_dspcbsd-plus_f7fa401df228,probe,similar pair,dspcbsd-plus,0.954649806022644,0.8409077525138855,0.954649806022644,OI_dspcbsd-plus_6a79caf94abd,OI_dspcbsd-plus_6a79caf94abd,OI_dspcbsd-plus_6b45bb708fa9,0.11374205350875854
1,small,OI_dspcbsd-plus_f8fb574866eb,control,,dspcbsd-plus,0.7828205823898315,0.7828205823898315,0.751523494720459,OI_dspcbsd-plus_fd51e5ebd339,OI_dspcbsd-plus_50b154410c4a,OI_dspcbsd-plus_50b154410c4a,0.0
1,small,OI_dspcbsd-plus_ff9708cee904,probe,same component,dspcbsd-plus,0.9158183932304382,0.8320639133453369,0.9158183932304382,OI_dspcbsd-plus_402e360b0497,OI_dspcbsd-plus_402e360b0497,OI_dspcbsd-plus_a56244ee6085,0.08375447988510132
1,small,OI_pcb-defect_037a6c5a88c0,control,,pcb-defect,0.9291986227035522,0.9291986227035522,0.9048271179199219,OI_pcb-defect_9f061c914d36,OI_pcb-defect_12933ccb2cf4,OI_pcb-defect_12933ccb2cf4,0.0
1,small,OI_pcb-defect_075ac19b0299,probe,crop sibling,pcb-defect,1.0,0.9133154153823853,1.0,OI_pcb-defect_3f77134145ed,OI_pcb-defect_3f77134145ed,OI_pcb-defect_1cb90d5aee16,0.08668458461761475
1,small,OI_pcb-defect_08d6daf092dc,probe,crop sibling,pcb-defect,1.0000003576278687,0.920863926410675,1.0000003576278687,OI_pcb-defect_1e295719c544,OI_pcb-defect_1e295719c544,OI_pcb-defect_51a740d7e7ac,0.0791364312171936
1,small,OI_pcb-defect_0ab8220b2561,control,,pcb-defect,0.9147000908851624,0.9147000908851624,0.9070863127708435,OI_pcb-defect_9a495444d514,OI_pcb-defect_3a5ccf071233,OI_pcb-defect_3a5ccf071233,0.0
1,small,OI_pcb-defect_10df1c72bffd,probe,crop sibling,pcb-defect,1.0000001192092896,0.9242404699325562,1.0000001192092896,OI_pcb-defect_1e97e020edd9,OI_pcb-defect_1e97e020edd9,OI_pcb-defect_209be83fc398,0.0757596492767334
1,small,OI_pcb-defect_131a637c140e,control,,pcb-defect,0.901799201965332,0.901799201965332,0.84776771068573,OI_pcb-defect_d8df6c8c6a35,OI_pcb-defect_5baa2168820e,OI_pcb-defect_5baa2168820e,0.0
1,small,OI_pcb-defect_157fb4b54395,probe,crop sibling,pcb-defect,1.0,0.9194797873497009,1.0,OI_pcb-defect_9f061c914d36,OI_pcb-defect_9f061c914d36,OI_pcb-defect_1cb90d5aee16,0.08052021265029907
1,small,OI_pcb-defect_1a75dbbd5fd3,probe,crop sibling,pcb-defect,1.0000001192092896,0.9242404699325562,1.0000001192092896,OI_pcb-defect_1e97e020edd9,OI_pcb-defect_1e97e020edd9,OI_pcb-defect_209be83fc398,0.0757596492767334
1,small,OI_pcb-defect_262b441de501,control,,pcb-defect,0.9197349548339844,0.9197349548339844,0.9153428077697754,OI_pcb-defect_9a495444d514,OI_pcb-defect_3a5ccf071233,OI_pcb-defect_3a5ccf071233,0.0
1,small,OI_pcb-defect_29e7eaf5b889,probe,crop sibling,pcb-defect,1.0000003576278687,0.920863926410675,1.0000003576278687,OI_pcb-defect_1e295719c544,OI_pcb-defect_1e295719c544,OI_pcb-defect_51a740d7e7ac,0.0791364312171936
1,small,OI_pcb-defect_2d7dfd4da9ba,probe,crop sibling,pcb-defect,1.0000001192092896,0.921443521976471,1.0000001192092896,OI_pcb-defect_9a495444d514,OI_pcb-defect_9a495444d514,OI_pcb-defect_51a740d7e7ac,0.0785565972328186
1,small,OI_pcb-defect_2eb168684bdd,probe,crop sibling,pcb-defect,1.0000003576278687,0.920863926410675,1.0000003576278687,OI_pcb-defect_1e295719c544,OI_pcb-defect_1e295719c544,OI_pcb-defect_51a740d7e7ac,0.0791364312171936
1,small,OI_pcb-defect_2fb2336b03c7,control,,pcb-defect,0.9070711731910706,0.8937453627586365,0.9070711731910706,OI_pcb-defect_9a495444d514,OI_pcb-defect_9a495444d514,OI_pcb-defect_3a5ccf071233,0.013325810432434082
1,small,OI_pcb-defect_36db30c1bbeb,control,,pcb-defect,0.9070711731910706,0.8937453627586365,0.9070711731910706,OI_pcb-defect_9a495444d514,OI_pcb-defect_9a495444d514,OI_pcb-defect_3a5ccf071233,0.013325810432434082
1,small,OI_pcb-defect_3f2c1d6626b3,control,,pcb-defect,0.9132957458496094,0.9132957458496094,0.889438271522522,OI_pcb-defect_9a495444d514,OI_pcb-defect_0bfdb4e36984,OI_pcb-defect_0bfdb4e36984,0.0
1,small,OI_pcb-defect_46a9f53f0700,probe,crop sibling,pcb-defect,0.9999997615814209,0.9100069999694824,0.9999997615814209,OI_pcb-defect_2e6d3e686e03,OI_pcb-defect_2e6d3e686e03,OI_pcb-defect_be7ff166bc20,0.08999276161193848
1,small,OI_pcb-defect_4af03c9a751e,control,,pcb-defect,0.915865957736969,0.915865957736969,0.8730475306510925,OI_pcb-defect_3f77134145ed,OI_pcb-defect_4d0992b8e86a,OI_pcb-defect_4d0992b8e86a,0.0
1,small,OI_pcb-defect_4b98cea2c1df,control,,pcb-defect,0.9070711731910706,0.8937453627586365,0.9070711731910706,OI_pcb-defect_9a495444d514,OI_pcb-defect_9a495444d514,OI_pcb-defect_3a5ccf071233,0.013325810432434082
1,small,OI_pcb-defect_5442548a8da2,control,,pcb-defect,0.9291986227035522,0.9291986227035522,0.9048271179199219,OI_pcb-defect_9f061c914d36,OI_pcb-defect_12933ccb2cf4,OI_pcb-defect_12933ccb2cf4,0.0
1,small,OI_pcb-defect_55349e68e55c,probe,crop sibling,pcb-defect,1.0,0.9133154153823853,1.0,OI_pcb-defect_3f77134145ed,OI_pcb-defect_3f77134145ed,OI_pcb-defect_1cb90d5aee16,0.08668458461761475
1,small,OI_pcb-defect_56ab66e6743f,probe,crop sibling,pcb-defect,1.0000001192092896,0.921443521976471,1.0000001192092896,OI_pcb-defect_9a495444d514,OI_pcb-defect_9a495444d514,OI_pcb-defect_51a740d7e7ac,0.0785565972328186
1,small,OI_pcb-defect_6070a22b23a9,control,,pcb-defect,0.901799201965332,0.901799201965332,0.84776771068573,OI_pcb-defect_d8df6c8c6a35,OI_pcb-defect_5baa2168820e,OI_pcb-defect_5baa2168820e,0.0
1,small,OI_pcb-defect_60f112c4adea,control,,pcb-defect,0.9152632355690002,0.9152632355690002,0.8714863061904907,OI_pcb-defect_d8df6c8c6a35,OI_pcb-defect_4d0992b8e86a,OI_pcb-defect_4d0992b8e86a,0.0
1,small,OI_pcb-defect_661504452187,control,,pcb-defect,0.899608314037323,0.899608314037323,0.8874925374984741,OI_pcb-defect_9a495444d514,OI_pcb-defect_5292a09b6a80,OI_pcb-defect_5292a09b6a80,0.0
1,small,OI_pcb-defect_6c2287d5af28,control,,pcb-defect,0.9132957458496094,0.9132957458496094,0.889438271522522,OI_pcb-defect_9a495444d514,OI_pcb-defect_0bfdb4e36984,OI_pcb-defect_0bfdb4e36984,0.0
1,small,OI_pcb-defect_6e7b4ba91ffb,control,,pcb-defect,0.9197349548339844,0.9197349548339844,0.9153428077697754,OI_pcb-defect_9a495444d514,OI_pcb-defect_3a5ccf071233,OI_pcb-defect_3a5ccf071233,0.0
1,small,OI_pcb-defect_6f1dcb3615a0,probe,crop sibling,pcb-defect,1.0000003576278687,0.9251635074615479,1.0000003576278687,OI_pcb-defect_d8df6c8c6a35,OI_pcb-defect_d8df6c8c6a35,OI_pcb-defect_6aa0ec85a9e9,0.0748368501663208
1,small,OI_pcb-defect_7339d2a40d51,control,,pcb-defect,0.9152632355690002,0.9152632355690002,0.8714863061904907,OI_pcb-defect_d8df6c8c6a35,OI_pcb-defect_4d0992b8e86a,OI_pcb-defect_4d0992b8e86a,0.0
1,small,OI_pcb-defect_793d3c139aba,control,,pcb-defect,0.915865957736969,0.915865957736969,0.8730475306510925,OI_pcb-defect_3f77134145ed,OI_pcb-defect_4d0992b8e86a,OI_pcb-defect_4d0992b8e86a,0.0
1,small,OI_pcb-defect_7acfa3a9d349,control,,pcb-defect,0.9147000908851624,0.9147000908851624,0.9070863127708435,OI_pcb-defect_9a495444d514,OI_pcb-defect_3a5ccf071233,OI_pcb-defect_3a5ccf071233,0.0
1,small,OI_pcb-defect_7b86f207586d,probe,crop sibling,pcb-defect,1.0,0.9133154153823853,1.0,OI_pcb-defect_3f77134145ed,OI_pcb-defect_3f77134145ed,OI_pcb-defect_1cb90d5aee16,0.08668458461761475
1,small,OI_pcb-defect_7b9af5947c7d,probe,crop sibling,pcb-defect,1.0000001192092896,0.9242404699325562,1.0000001192092896,OI_pcb-defect_1e97e020edd9,OI_pcb-defect_1e97e020edd9,OI_pcb-defect_209be83fc398,0.0757596492767334
1,small,OI_pcb-defect_7d097eb420ab,control,,pcb-defect,0.9197349548339844,0.9197349548339844,0.9153428077697754,OI_pcb-defect_9a495444d514,OI_pcb-defect_3a5ccf071233,OI_pcb-defect_3a5ccf071233,0.0
1,small,OI_pcb-defect_8420432f007a,probe,crop sibling,pcb-defect,1.0,0.9133154153823853,1.0,OI_pcb-defect_3f77134145ed,OI_pcb-defect_3f77134145ed,OI_pcb-defect_1cb90d5aee16,0.08668458461761475
1,small,OI_pcb-defect_890e41c13fcb,control,,pcb-defect,0.915865957736969,0.915865957736969,0.8730475306510925,OI_pcb-defect_3f77134145ed,OI_pcb-defect_4d0992b8e86a,OI_pcb-defect_4d0992b8e86a,0.0
1,small,OI_pcb-defect_8cbed98d0277,control,,pcb-defect,0.899608314037323,0.899608314037323,0.8874925374984741,OI_pcb-defect_9a495444d514,OI_pcb-defect_5292a09b6a80,OI_pcb-defect_5292a09b6a80,0.0
1,small,OI_pcb-defect_93d932219308,probe,crop sibling,pcb-defect,1.0000001192092896,0.921443521976471,1.0000001192092896,OI_pcb-defect_9a495444d514,OI_pcb-defect_9a495444d514,OI_pcb-defect_51a740d7e7ac,0.0785565972328186
1,small,OI_pcb-defect_9a780eb8fce5,control,,pcb-defect,0.9141695499420166,0.9141695499420166,0.8784907460212708,OI_pcb-defect_9a495444d514,OI_pcb-defect_3a5ccf071233,OI_pcb-defect_3a5ccf071233,0.0
1,small,OI_pcb-defect_9bf650087988,control,,pcb-defect,0.899608314037323,0.899608314037323,0.8874925374984741,OI_pcb-defect_9a495444d514,OI_pcb-defect_5292a09b6a80,OI_pcb-defect_5292a09b6a80,0.0
1,small,OI_pcb-defect_9c07e1dedf34,control,,pcb-defect,0.9152632355690002,0.9152632355690002,0.8714863061904907,OI_pcb-defect_d8df6c8c6a35,OI_pcb-defect_4d0992b8e86a,OI_pcb-defect_4d0992b8e86a,0.0
1,small,OI_pcb-defect_9e15850a4fac,control,,pcb-defect,0.9152632355690002,0.9152632355690002,0.8714863061904907,OI_pcb-defect_d8df6c8c6a35,OI_pcb-defect_4d0992b8e86a,OI_pcb-defect_4d0992b8e86a,0.0
1,small,OI_pcb-defect_9e7356cb8645,probe,crop sibling,pcb-defect,0.9999997615814209,0.9100069999694824,0.9999997615814209,OI_pcb-defect_2e6d3e686e03,OI_pcb-defect_2e6d3e686e03,OI_pcb-defect_be7ff166bc20,0.08999276161193848
1,small,OI_pcb-defect_a330a8e53fbf,control,,pcb-defect,0.901799201965332,0.901799201965332,0.84776771068573,OI_pcb-defect_d8df6c8c6a35,OI_pcb-defect_5baa2168820e,OI_pcb-defect_5baa2168820e,0.0
1,small,OI_pcb-defect_a43298e40453,control,,pcb-defect,0.9152632355690002,0.9152632355690002,0.8714863061904907,OI_pcb-defect_d8df6c8c6a35,OI_pcb-defect_4d0992b8e86a,OI_pcb-defect_4d0992b8e86a,0.0
1,small,OI_pcb-defect_a6bbe2517aa9,control,,pcb-defect,0.9197349548339844,0.9197349548339844,0.9153428077697754,OI_pcb-defect_9a495444d514,OI_pcb-defect_3a5ccf071233,OI_pcb-defect_3a5ccf071233,0.0
1,small,OI_pcb-defect_a9934270897e,control,,pcb-defect,0.9141695499420166,0.9141695499420166,0.8784907460212708,OI_pcb-defect_9a495444d514,OI_pcb-defect_3a5ccf071233,OI_pcb-defect_3a5ccf071233,0.0
1,small,OI_pcb-defect_b1a6d3d17c2e,control,,pcb-defect,0.9141695499420166,0.9141695499420166,0.8784907460212708,OI_pcb-defect_9a495444d514,OI_pcb-defect_3a5ccf071233,OI_pcb-defect_3a5ccf071233,0.0
1,small,OI_pcb-defect_b7eff2a20d83,probe,crop sibling,pcb-defect,1.0,0.9194797873497009,1.0,OI_pcb-defect_9f061c914d36,OI_pcb-defect_9f061c914d36,OI_pcb-defect_1cb90d5aee16,0.08052021265029907
1,small,OI_pcb-defect_bce51c116712,probe,crop sibling,pcb-defect,0.9999997615814209,0.9100069999694824,0.9999997615814209,OI_pcb-defect_2e6d3e686e03,OI_pcb-defect_2e6d3e686e03,OI_pcb-defect_be7ff166bc20,0.08999276161193848
1,small,OI_pcb-defect_c4e63f40ae4e,control,,pcb-defect,0.9147000908851624,0.9147000908851624,0.9070863127708435,OI_pcb-defect_9a495444d514,OI_pcb-defect_3a5ccf071233,OI_pcb-defect_3a5ccf071233,0.0
1,small,OI_pcb-defect_c9706a3521da,control,,pcb-defect,0.9132957458496094,0.9132957458496094,0.889438271522522,OI_pcb-defect_9a495444d514,OI_pcb-defect_0bfdb4e36984,OI_pcb-defect_0bfdb4e36984,0.0
1,small,OI_pcb-defect_ce5b2d80283f,control,,pcb-defect,0.9141695499420166,0.9141695499420166,0.8784907460212708,OI_pcb-defect_9a495444d514,OI_pcb-defect_3a5ccf071233,OI_pcb-defect_3a5ccf071233,0.0
1,small,OI_pcb-defect_cee167eb9b50,control,,pcb-defect,0.9070711731910706,0.8937453627586365,0.9070711731910706,OI_pcb-defect_9a495444d514,OI_pcb-defect_9a495444d514,OI_pcb-defect_3a5ccf071233,0.013325810432434082
1,small,OI_pcb-defect_d2d57596e2dc,control,,pcb-defect,0.9243281483650208,0.9243281483650208,0.9052229523658752,OI_pcb-defect_9a495444d514,OI_pcb-defect_313b70563876,OI_pcb-defect_313b70563876,0.0
1,small,OI_pcb-defect_d7b76b5ab431,control,,pcb-defect,0.9291986227035522,0.9291986227035522,0.9048271179199219,OI_pcb-defect_9f061c914d36,OI_pcb-defect_12933ccb2cf4,OI_pcb-defect_12933ccb2cf4,0.0
1,small,OI_pcb-defect_dca7df2e9f35,control,,pcb-defect,0.9291986227035522,0.9291986227035522,0.9048271179199219,OI_pcb-defect_9f061c914d36,OI_pcb-defect_12933ccb2cf4,OI_pcb-defect_12933ccb2cf4,0.0
1,small,OI_pcb-defect_dfa9ae837406,control,,pcb-defect,0.9147000908851624,0.9147000908851624,0.9070863127708435,OI_pcb-defect_9a495444d514,OI_pcb-defect_3a5ccf071233,OI_pcb-defect_3a5ccf071233,0.0
1,small,OI_pcb-defect_f1ec3ab3364c,control,,pcb-defect,0.9147000908851624,0.9147000908851624,0.9070863127708435,OI_pcb-defect_9a495444d514,OI_pcb-defect_3a5ccf071233,OI_pcb-defect_3a5ccf071233,0.0
1,small,OI_pcb-defect_f43d04d586d2,control,,pcb-defect,0.9243281483650208,0.9243281483650208,0.9052229523658752,OI_pcb-defect_9a495444d514,OI_pcb-defect_313b70563876,OI_pcb-defect_313b70563876,0.0
1,small,OI_pcb-defect_f763c03f8fd1,control,,pcb-defect,0.9291986227035522,0.9291986227035522,0.9048271179199219,OI_pcb-defect_9f061c914d36,OI_pcb-defect_12933ccb2cf4,OI_pcb-defect_12933ccb2cf4,0.0
1,small,OI_pcb-ind_020767ed04ce,control,,pcb-ind,0.8590046167373657,0.8590046167373657,0.8019437193870544,OI_pcb-ind_d35d10e1e94a,OI_pcb-ind_ec405b54304e,OI_pcb-ind_ec405b54304e,0.0
1,small,OI_pcb-ind_04ab00027ec0,control,,pcb-ind,0.7392092943191528,0.7392092943191528,0.5865950584411621,OI_pcb-ind_5799f9e435bd,OI_pcb-ind_152e74233b07,OI_pcb-ind_152e74233b07,0.0
1,small,OI_pcb-ind_04bca42fc747,control,,pcb-ind,0.840232253074646,0.840232253074646,0.6990455389022827,OI_pcb-ind_c4eb1dadecd2,OI_pcb-ind_286017383ff2,OI_pcb-ind_286017383ff2,0.0
1,small,OI_pcb-ind_0599e3db6da7,probe,same metadata group,pcb-ind,0.8649258017539978,0.8649258017539978,0.8532459139823914,OI_pcb-ind_93c5824de1ce,OI_pcb-ind_3a5629a610e5,OI_pcb-ind_3a5629a610e5,0.0
1,small,OI_pcb-ind_07b8c25ec587,control,,pcb-ind,0.7543012499809265,0.7543012499809265,0.6912785768508911,OI_pcb-ind_acce66d419d6,OI_dspcbsd-plus_f8d64bfc4917,OI_dspcbsd-plus_f8d64bfc4917,0.0
1,small,OI_pcb-ind_08a88d2ad408,probe,same metadata group,pcb-ind,0.794815719127655,0.7806678414344788,0.794815719127655,OI_pcb-ind_039bc6459d74,OI_pcb-ind_039bc6459d74,OI_pcb-ind_ea4ebb3a6744,0.01414787769317627
1,small,OI_pcb-ind_09a65e683d73,control,,pcb-ind,0.804409384727478,0.804409384727478,0.6655087471008301,OI_dspcbsd-plus_e81eb183706e,OI_pcb-ind_03614b686bfb,OI_pcb-ind_03614b686bfb,0.0
1,small,OI_pcb-ind_0dd1ed44971d,probe,same metadata group,pcb-ind,0.8329667448997498,0.8329667448997498,0.7117692232131958,OI_pcb-ind_39c9f3b56bb3,OI_pcb-ind_e73832ec5a58,OI_pcb-ind_e73832ec5a58,0.0
1,small,OI_pcb-ind_0ef2eb2fe7d7,control,,pcb-ind,0.7159257531166077,0.7159257531166077,0.6645732522010803,OI_dspcbsd-plus_9e679587e516,OI_pcb-ind_bbf2fa52e42f,OI_pcb-ind_bbf2fa52e42f,0.0
1,small,OI_pcb-ind_0f6ceeef01f4,control,,pcb-ind,0.7875049114227295,0.7875049114227295,0.7445797324180603,OI_pcb-ind_b40df8ef46fe,OI_pcb-ind_12268f08d6c1,OI_pcb-ind_12268f08d6c1,0.0
1,small,OI_pcb-ind_116bd8ef3cd0,probe,same metadata group,pcb-ind,0.9108733534812927,0.9108733534812927,0.896102249622345,OI_pcb-ind_f9f11c0a5104,OI_pcb-ind_c52228ba8733,OI_pcb-ind_c52228ba8733,0.0
1,small,OI_pcb-ind_119365487506,probe,same metadata group,pcb-ind,0.8794630169868469,0.8794630169868469,0.7940871715545654,OI_pcb-ind_03ce88fee16c,OI_pcb-ind_0d791e3bd43a,OI_pcb-ind_0d791e3bd43a,0.0
1,small,OI_pcb-ind_13a5e4d019e9,probe,same metadata group,pcb-ind,0.7723971605300903,0.7723971605300903,0.6267358660697937,OI_dspcbsd-plus_5c3310761413,OI_pcb-ind_b74e407b3fbd,OI_pcb-ind_b74e407b3fbd,0.0
1,small,OI_pcb-ind_15ef06eb0a3f,probe,same metadata group,pcb-ind,0.8064486384391785,0.8064486384391785,0.7946227788925171,OI_pcb-ind_1318263c9179,OI_pcb-ind_2ff3b50a57e7,OI_pcb-ind_2ff3b50a57e7,0.0
1,small,OI_pcb-ind_165a30d0d9e8,control,,pcb-ind,0.7078678607940674,0.7078678607940674,0.6851478219032288,OI_pcb-ind_139491843e69,OI_pcb-ind_1b4ccf77f00e,OI_pcb-ind_1b4ccf77f00e,0.0
1,small,OI_pcb-ind_16e3000576c6,probe,same metadata group,pcb-ind,0.7705901861190796,0.7705901861190796,0.729923665523529,OI_dspcbsd-plus_41006b5135f0,OI_dspcbsd-plus_8d1edd2768c9,OI_dspcbsd-plus_8d1edd2768c9,0.0
1,small,OI_pcb-ind_18922bfffd47,probe,same metadata group,pcb-ind,0.8443206548690796,0.7974696159362793,0.8443206548690796,OI_pcb-ind_acce66d419d6,OI_pcb-ind_acce66d419d6,OI_pcb-ind_3ee365a88950,0.04685103893280029
1,small,OI_pcb-ind_2186bcaa12ae,control,,pcb-ind,0.7770655751228333,0.7770655751228333,0.658722996711731,OI_pcb-ind_d78da257efef,OI_pcb-ind_e43291bbc184,OI_pcb-ind_e43291bbc184,0.0
1,small,OI_pcb-ind_220992446fe4,control,,pcb-ind,0.8114290237426758,0.8114290237426758,0.6671686172485352,OI_pcb-ind_6aad633cf599,OI_pcb-ind_1331f00fa638,OI_pcb-ind_1331f00fa638,0.0
1,small,OI_pcb-ind_249f3fa25f2f,probe,same metadata group,pcb-ind,0.7714352607727051,0.7714352607727051,0.7670375108718872,OI_pcb-ind_0d55db8f1ca1,OI_pcb-ind_697b8d7880a3,OI_pcb-ind_697b8d7880a3,0.0
1,small,OI_pcb-ind_281bc479d90f,probe,same metadata group,pcb-ind,0.8935315012931824,0.8935315012931824,0.7681548595428467,OI_pcb-ind_139491843e69,OI_pcb-ind_42ac3c8bc214,OI_pcb-ind_42ac3c8bc214,0.0
1,small,OI_pcb-ind_28305fac9615,probe,same metadata group,pcb-ind,0.759975790977478,0.759975790977478,0.7025380730628967,OI_pcb-ind_cceeed5be9cd,OI_pcb-ind_12c106240a34,OI_pcb-ind_12c106240a34,0.0
1,small,OI_pcb-ind_295f7c5cbcd6,control,,pcb-ind,0.7429314851760864,0.7429314851760864,0.5483283400535583,OI_pcb-ind_5799f9e435bd,OI_pcb-ind_489ded0ffa57,OI_pcb-ind_489ded0ffa57,0.0
1,small,OI_pcb-ind_29c7957a810a,control,,pcb-ind,0.836908757686615,0.836908757686615,0.7095534205436707,OI_pcb-ind_c9806a73595d,OI_pcb-ind_36ccb9f12fb8,OI_pcb-ind_36ccb9f12fb8,0.0
1,small,OI_pcb-ind_2cb1670c4c84,control,,pcb-ind,0.8087950944900513,0.8087950944900513,0.7520709037780762,OI_pcb-ind_0d55db8f1ca1,OI_pcb-ind_887978662a99,OI_pcb-ind_887978662a99,0.0
1,small,OI_pcb-ind_30420710a006,probe,same metadata group,pcb-ind,0.8375751376152039,0.8304623961448669,0.8375751376152039,OI_pcb-ind_c6364e564e16,OI_pcb-ind_c6364e564e16,OI_pcb-ind_69f86f9f7299,0.007112741470336914
1,small,OI_pcb-ind_309f6e96cd70,control,,pcb-ind,0.805015504360199,0.805015504360199,0.6047582626342773,OI_pcb-ind_f18b53077d1e,OI_pcb-ind_88f4bd61a62f,OI_pcb-ind_88f4bd61a62f,0.0
1,small,OI_pcb-ind_331b99cb194c,probe,same metadata group,pcb-ind,0.7899670600891113,0.7899670600891113,0.6532029509544373,OI_pcb-ind_eb6ce3d67189,OI_pcb-ind_0b359478de65,OI_pcb-ind_0b359478de65,0.0
1,small,OI_pcb-ind_3557564810e4,control,,pcb-ind,0.8443721532821655,0.8443721532821655,0.8001459836959839,OI_pcb-ind_c4eb1dadecd2,OI_pcb-ind_e4abdaf4eb46,OI_pcb-ind_e4abdaf4eb46,0.0
1,small,OI_pcb-ind_35bc74187e98,control,,pcb-ind,0.869433581829071,0.869433581829071,0.830726683139801,OI_pcb-ind_af90edf00441,OI_pcb-ind_1b7b41de06a3,OI_pcb-ind_1b7b41de06a3,0.0
1,small,OI_pcb-ind_36284801f89e,probe,same metadata group,pcb-ind,0.606055736541748,0.606055736541748,0.5777642130851746,OI_pcb-ind_b40df8ef46fe,OI_pcb-ind_9aeea13b58ac,OI_pcb-ind_9aeea13b58ac,0.0
1,small,OI_pcb-ind_362bfef0b3a2,control,,pcb-ind,0.8390428423881531,0.8390428423881531,0.6602973937988281,OI_pcb-ind_c3d0491f5f75,OI_dspcbsd-plus_4aa1b4b9a4c0,OI_dspcbsd-plus_4aa1b4b9a4c0,0.0
1,small,OI_pcb-ind_37b267ee6b95,probe,same metadata group,pcb-ind,0.7606090307235718,0.7606090307235718,0.7110123634338379,OI_pcb-ind_139491843e69,OI_pcb-ind_ab5ed075a316,OI_pcb-ind_ab5ed075a316,0.0
1,small,OI_pcb-ind_383c68751243,control,,pcb-ind,0.8610928654670715,0.8610928654670715,0.7407373785972595,OI_dspcbsd-plus_5c3310761413,OI_pcb-ind_422f90b47e73,OI_pcb-ind_422f90b47e73,0.0
1,small,OI_pcb-ind_3a6fedd4d63a,probe,same metadata group,pcb-ind,0.8795174360275269,0.8795174360275269,0.8130119442939758,OI_pcb-ind_0570b99aa070,OI_pcb-ind_ee36b8e78cff,OI_pcb-ind_ee36b8e78cff,0.0
1,small,OI_pcb-ind_3ebcab207b21,probe,same metadata group,pcb-ind,0.8215024471282959,0.8215024471282959,0.7559998035430908,OI_pcb-ind_ab66152edc23,OI_pcb-ind_7d631f0410ee,OI_pcb-ind_7d631f0410ee,0.0
1,small,OI_pcb-ind_41fcec1b26de,probe,same metadata group,pcb-ind,0.7812131643295288,0.7473853230476379,0.7812131643295288,OI_pcb-ind_0d74dafae4ce,OI_pcb-ind_0d74dafae4ce,OI_pcb-ind_c5b9978f692f,0.03382784128189087
1,small,OI_pcb-ind_435bb9194525,control,,pcb-ind,0.8193738460540771,0.8193738460540771,0.7992491126060486,OI_pcb-ind_39c9f3b56bb3,OI_pcb-ind_710a742bb5dd,OI_pcb-ind_710a742bb5dd,0.0
1,small,OI_pcb-ind_45cefb7cf428,probe,same metadata group,pcb-ind,0.8646240830421448,0.7290579080581665,0.8646240830421448,OI_pcb-ind_1003d92302d7,OI_pcb-ind_1003d92302d7,OI_pcb-ind_208a0235f9f7,0.13556617498397827
1,small,OI_pcb-ind_46725824a2ec,control,,pcb-ind,0.8251373767852783,0.8251373767852783,0.6840629577636719,OI_pcb-ind_d78da257efef,OI_pcb-ind_88f4bd61a62f,OI_pcb-ind_88f4bd61a62f,0.0
1,small,OI_pcb-ind_47bef90fb4ab,control,,pcb-ind,0.8391715884208679,0.8391715884208679,0.7048869729042053,OI_dspcbsd-plus_5c3310761413,OI_pcb-ind_d713572b8d21,OI_pcb-ind_d713572b8d21,0.0
1,small,OI_pcb-ind_4d4afeac07c6,probe,same metadata group,pcb-ind,0.7890455722808838,0.7890455722808838,0.6514015197753906,OI_pcb-ind_5799f9e435bd,OI_pcb-ind_0b39adb7fd13,OI_pcb-ind_0b39adb7fd13,0.0
1,small,OI_pcb-ind_523286c04ccc,control,,pcb-ind,0.5814768671989441,0.5814768671989441,0.4927543103694916,OI_pcb-ind_5bae7f0a808b,OI_pcb-ind_0b359478de65,OI_pcb-ind_0b359478de65,0.0
1,small,OI_pcb-ind_5369060db784,probe,similar pair,pcb-ind,0.9490960240364075,0.9092227220535278,0.9490960240364075,OI_pcb-ind_96807debdcd4,OI_pcb-ind_96807debdcd4,OI_pcb-ind_fd9d6109b711,0.03987330198287964
1,small,OI_pcb-ind_560a79c1bde5,probe,same metadata group,pcb-ind,0.7234277129173279,0.7504549622535706,0.6374642252922058,OI_pcb-ind_93c5824de1ce,OI_pcb-ind_896dc61532d7,OI_pcb-ind_716ab6799ddb,-0.027027249336242676
1,small,OI_pcb-ind_5683e1531780,control,,pcb-ind,0.834669291973114,0.834669291973114,0.720399022102356,OI_pcb-ind_ab66152edc23,OI_pcb-ind_d7079f477a1a,OI_pcb-ind_d7079f477a1a,0.0
1,small,OI_pcb-ind_56f9ecf3059b,control,,pcb-ind,0.8787841796875,0.8787841796875,0.6328364014625549,OI_dspcbsd-plus_e81eb183706e,OI_pcb-ind_dccbd6ac376b,OI_pcb-ind_dccbd6ac376b,0.0
1,small,OI_pcb-ind_59c150475f0f,control,,pcb-ind,0.8311671614646912,0.8311671614646912,0.783483624458313,OI_pcb-ind_6d1da5c9adee,OI_pcb-ind_174610cf0fb6,OI_pcb-ind_174610cf0fb6,0.0
1,small,OI_pcb-ind_59de028a12fc,probe,same metadata group,pcb-ind,0.8551785349845886,0.8551785349845886,0.631460964679718,OI_dspcbsd-plus_e81eb183706e,OI_pcb-ind_b96bdce0f822,OI_pcb-ind_b96bdce0f822,0.0
1,small,OI_pcb-ind_5a4f69131da7,control,,pcb-ind,0.7770442962646484,0.7770442962646484,0.6611021757125854,OI_pcb-ind_097cc715b65e,OI_pcb-ind_93b32b38ff67,OI_pcb-ind_93b32b38ff67,0.0
1,small,OI_pcb-ind_5b0d5505f3fb,probe,same metadata group,pcb-ind,0.7705163955688477,0.7705163955688477,0.6828087568283081,OI_pcb-ind_5bae7f0a808b,OI_pcb-ind_896dc61532d7,OI_pcb-ind_896dc61532d7,0.0
1,small,OI_pcb-ind_607d9400fe6b,control,,pcb-ind,0.8854261636734009,0.8854261636734009,0.6407553553581238,OI_dspcbsd-plus_f8341c445e6a,OI_pcb-ind_fcbc87dd7505,OI_pcb-ind_fcbc87dd7505,0.0
1,small,OI_pcb-ind_61164e6ebb9a,control,,pcb-ind,0.9083666801452637,0.9083666801452637,0.8556137084960938,OI_pcb-ind_c65a84606afd,OI_pcb-ind_40f0b54765f3,OI_pcb-ind_40f0b54765f3,0.0
1,small,OI_pcb-ind_61c51e8ade61,probe,similar pair,pcb-ind,0.9264400601387024,0.8755037784576416,0.9264400601387024,OI_pcb-ind_6efd64b005c5,OI_pcb-ind_6efd64b005c5,OI_pcb-ind_9bc969b14fed,0.05093628168106079
1,small,OI_pcb-ind_65401cd59555,control,,pcb-ind,0.8832329511642456,0.8718138337135315,0.8832329511642456,OI_pcb-ind_15321f3247e3,OI_pcb-ind_15321f3247e3,OI_dspcbsd-plus_c2e71922ec0a,0.011419117450714111
1,small,OI_pcb-ind_669c77ab449a,control,,pcb-ind,0.7515700459480286,0.7515700459480286,0.6620900630950928,OI_pcb-ind_6aad633cf599,OI_pcb-ind_4b659ef56cbc,OI_pcb-ind_4b659ef56cbc,0.0
1,small,OI_pcb-ind_6aab8f42f064,control,,pcb-ind,0.8806774616241455,0.8806774616241455,0.7016146183013916,OI_pcb-ind_803657ece868,OI_pcb-ind_bff574037ea9,OI_pcb-ind_bff574037ea9,0.0
1,small,OI_pcb-ind_6ada68a07442,probe,same metadata group,pcb-ind,0.8751612305641174,0.8751612305641174,0.8042766451835632,OI_pcb-ind_d78da257efef,OI_dspcbsd-plus_689736202c17,OI_dspcbsd-plus_689736202c17,0.0
1,small,OI_pcb-ind_6e292a252163,probe,similar pair,pcb-ind,0.9557616114616394,0.8157603144645691,0.9557616114616394,OI_pcb-ind_b3a57857bcfd,OI_pcb-ind_b3a57857bcfd,OI_dspcbsd-plus_b1e48580f669,0.1400012969970703
1,small,OI_pcb-ind_6f63808eafc9,probe,same metadata group,pcb-ind,0.6710200905799866,0.6710200905799866,0.6137431263923645,OI_pcb-ind_afa7659dd1f9,OI_pcb-ind_bf3b2453aa33,OI_pcb-ind_bf3b2453aa33,0.0
1,small,OI_pcb-ind_702ab8a47cd6,probe,same metadata group,pcb-ind,0.8823283910751343,0.8823283910751343,0.6241042017936707,OI_pcb-ind_5799f9e435bd,OI_pcb-ind_f979dfcad56b,OI_pcb-ind_f979dfcad56b,0.0
1,small,OI_pcb-ind_70b5654205d8,control,,pcb-ind,0.8626770377159119,0.8626770377159119,0.8168284296989441,OI_pcb-ind_d35d10e1e94a,OI_pcb-ind_0142089e8f76,OI_pcb-ind_0142089e8f76,0.0
1,small,OI_pcb-ind_7198b8411844,control,,pcb-ind,0.8991851210594177,0.8991851210594177,0.8413486480712891,OI_pcb-ind_c65a84606afd,OI_pcb-ind_1c6ff0d04057,OI_pcb-ind_1c6ff0d04057,0.0
1,small,OI_pcb-ind_723bef200736,probe,same metadata group,pcb-ind,0.8909348249435425,0.875699520111084,0.8909348249435425,OI_pcb-ind_fc0d7844012b,OI_pcb-ind_fc0d7844012b,OI_pcb-ind_7cb05a343791,0.015235304832458496
1,small,OI_pcb-ind_732d568a32eb,control,,pcb-ind,0.787180483341217,0.787180483341217,0.6244300603866577,OI_dspcbsd-plus_56b026c4c387,OI_pcb-ind_20c0688d78d5,OI_pcb-ind_20c0688d78d5,0.0
1,small,OI_pcb-ind_736974a21f3d,control,,pcb-ind,0.8013253808021545,0.8078120946884155,0.7709829807281494,OI_pcb-ind_d78da257efef,OI_pcb-ind_ec505e63e835,OI_pcb-ind_af075b454214,-0.006486713886260986
1,small,OI_pcb-ind_7556bb296a9b,probe,same metadata group,pcb-ind,0.8177812099456787,0.8137946724891663,0.8177812099456787,OI_pcb-ind_5bae7f0a808b,OI_pcb-ind_5bae7f0a808b,OI_pcb-ind_0fc08656dfa6,0.003986537456512451
1,small,OI_pcb-ind_7dd6f1342758,probe,same metadata group,pcb-ind,0.8763562440872192,0.8763562440872192,0.8289485573768616,OI_pcb-ind_7ceb6d0cd76c,OI_pcb-ind_3978368fa1af,OI_pcb-ind_3978368fa1af,0.0
1,small,OI_pcb-ind_7ddca5617426,probe,same metadata group,pcb-ind,0.8425394892692566,0.8425394892692566,0.7794268131256104,OI_pcb-ind_860a71bd9f1e,OI_pcb-ind_cef19b805585,OI_pcb-ind_cef19b805585,0.0
1,small,OI_pcb-ind_80ac97508bc3,control,,pcb-ind,0.7895177602767944,0.6512757539749146,0.7895177602767944,OI_pcb-ind_1cd5ce5b35f3,OI_pcb-ind_1cd5ce5b35f3,OI_dspcbsd-plus_40408cca793c,0.13824200630187988
1,small,OI_pcb-ind_8240f13cfc08,control,,pcb-ind,0.8892660737037659,0.8892660737037659,0.7971702218055725,OI_pcb-ind_15321f3247e3,OI_pcb-ind_9212b079ea65,OI_pcb-ind_9212b079ea65,0.0
1,small,OI_pcb-ind_8411fdf8a5cf,control,,pcb-ind,0.898968517780304,0.898968517780304,0.822791576385498,OI_pcb-ind_cceeed5be9cd,OI_pcb-ind_f8078d66a91e,OI_pcb-ind_f8078d66a91e,0.0
1,small,OI_pcb-ind_84130aea9b7b,control,,pcb-ind,0.8469155430793762,0.8469155430793762,0.7984585165977478,OI_pcb-ind_47f1e6e7dc27,OI_pcb-ind_2f28bbca2657,OI_pcb-ind_2f28bbca2657,0.0
1,small,OI_pcb-ind_84b4726a1b2b,control,,pcb-ind,0.8993268609046936,0.9040358662605286,0.849177896976471,OI_pcb-ind_cceeed5be9cd,OI_dspcbsd-plus_815caaa5e7f7,OI_dspcbsd-plus_009a9317de3b,-0.004709005355834961
1,small,OI_pcb-ind_856285df3b15,probe,same metadata group,pcb-ind,0.8687584400177002,0.8620909452438354,0.8687584400177002,OI_pcb-ind_10f0505c378f,OI_pcb-ind_10f0505c378f,OI_pcb-ind_180ac0af92cc,0.006667494773864746
1,small,OI_pcb-ind_89a92041ecbc,probe,same metadata group,pcb-ind,0.7158358693122864,0.7158358693122864,0.7008320689201355,OI_pcb-ind_93c5824de1ce,OI_pcb-ind_bf3b2453aa33,OI_pcb-ind_bf3b2453aa33,0.0
1,small,OI_pcb-ind_8b66099fc90c,probe,same metadata group,pcb-ind,0.8089867234230042,0.8089867234230042,0.6170729994773865,OI_dspcbsd-plus_7256a8070201,OI_pcb-ind_a567ba069359,OI_pcb-ind_a567ba069359,0.0
1,small,OI_pcb-ind_8cc93f5f0217,probe,same metadata group,pcb-ind,0.8480513691902161,0.7462711930274963,0.8480513691902161,OI_pcb-ind_1318263c9179,OI_pcb-ind_1318263c9179,OI_pcb-ind_2ff3b50a57e7,0.10178017616271973
1,small,OI_pcb-ind_8efc070a8a9b,probe,same metadata group,pcb-ind,0.9033613204956055,0.8974422812461853,0.9033613204956055,OI_pcb-ind_ce3653ca0318,OI_pcb-ind_ce3653ca0318,OI_pcb-ind_c9668f9f6b4d,0.005919039249420166
1,small,OI_pcb-ind_917ad85e03bf,control,,pcb-ind,0.8722540140151978,0.8722540140151978,0.8339505791664124,OI_pcb-ind_d35d10e1e94a,OI_pcb-ind_55b67dbbbe15,OI_pcb-ind_55b67dbbbe15,0.0
1,small,OI_pcb-ind_91c8a68ef033,control,,pcb-ind,0.7822288274765015,0.7822288274765015,0.7675039172172546,OI_pcb-ind_a2df770a3fae,OI_pcb-ind_27d3e2171eb5,OI_pcb-ind_27d3e2171eb5,0.0
1,small,OI_pcb-ind_92d44b1567fc,probe,similar pair,pcb-ind,0.9201804399490356,0.7951256632804871,0.9201804399490356,OI_pcb-ind_803657ece868,OI_pcb-ind_803657ece868,OI_pcb-ind_c1c4a18b6e5d,0.12505477666854858
1,small,OI_pcb-ind_934c4a880fdf,probe,same metadata group,pcb-ind,0.7556143403053284,0.7556143403053284,0.6652750968933105,OI_pcb-ind_5cd30dbb5a71,OI_pcb-ind_ec505e63e835,OI_pcb-ind_ec505e63e835,0.0
1,small,OI_pcb-ind_937884232921,probe,same metadata group,pcb-ind,0.8699595928192139,0.8699595928192139,0.8302883505821228,OI_pcb-ind_e556e80950b6,OI_pcb-ind_dc5dee5f354a,OI_pcb-ind_dc5dee5f354a,0.0
1,small,OI_pcb-ind_9394b27ce42e,control,,pcb-ind,0.8220164179801941,0.8220164179801941,0.762277364730835,OI_pcb-ind_6b671757e975,OI_pcb-ind_892d4aa20b2f,OI_pcb-ind_892d4aa20b2f,0.0
1,small,OI_pcb-ind_93f438874601,control,,pcb-ind,0.9118877053260803,0.9118877053260803,0.8126219511032104,OI_pcb-ind_c9806a73595d,OI_pcb-ind_1b2ff6a78eb3,OI_pcb-ind_1b2ff6a78eb3,0.0
1,small,OI_pcb-ind_978fc2759566,probe,same metadata group,pcb-ind,0.902472198009491,0.902472198009491,0.8566752672195435,OI_pcb-ind_097cc715b65e,OI_pcb-ind_f9c212ab61ab,OI_pcb-ind_f9c212ab61ab,0.0
1,small,OI_pcb-ind_97a6c084aeaf,probe,similar pair,pcb-ind,0.92364901304245,0.8126171827316284,0.92364901304245,OI_pcb-ind_67eea419540e,OI_pcb-ind_67eea419540e,OI_pcb-ind_219d6ba3ea68,0.11103183031082153
1,small,OI_pcb-ind_9b2c4774f2f9,control,,pcb-ind,0.7467210292816162,0.7467210292816162,0.6036527156829834,OI_dspcbsd-plus_fd51e5ebd339,OI_pcb-ind_0d5197d6d9d8,OI_pcb-ind_0d5197d6d9d8,0.0
1,small,OI_pcb-ind_9cca0808fdc4,control,,pcb-ind,0.7629873752593994,0.7629873752593994,0.6473963856697083,OI_pcb-ind_acce66d419d6,OI_pcb-ind_1331f00fa638,OI_pcb-ind_1331f00fa638,0.0
1,small,OI_pcb-ind_9cd224afdd49,probe,same metadata group,pcb-ind,0.8335011005401611,0.8335011005401611,0.7280483245849609,OI_pcb-ind_e6ba7f09c2ca,OI_pcb-ind_1b29bc1ed4ea,OI_pcb-ind_1b29bc1ed4ea,0.0
1,small,OI_pcb-ind_9d7e69a622e9,control,,pcb-ind,0.8113716244697571,0.8113716244697571,0.7391156554222107,OI_dspcbsd-plus_f4d3095bbcbf,OI_pcb-ind_753fadd54f2e,OI_pcb-ind_753fadd54f2e,0.0
1,small,OI_pcb-ind_9dd9a43a9501,control,,pcb-ind,0.7446266412734985,0.7446266412734985,0.6260767579078674,OI_pcb-ind_1eaa7f361a04,OI_pcb-ind_1331f00fa638,OI_pcb-ind_1331f00fa638,0.0
1,small,OI_pcb-ind_9e7a17d789b1,control,,pcb-ind,0.7301428318023682,0.7301428318023682,0.684286892414093,OI_pcb-ind_7ceb6d0cd76c,OI_pcb-ind_b4f6c51a0876,OI_pcb-ind_b4f6c51a0876,0.0
1,small,OI_pcb-ind_a035bbe03d84,control,,pcb-ind,0.8657168745994568,0.8657168745994568,0.7352308630943298,OI_pcb-ind_ab66152edc23,OI_pcb-ind_957dcfa9faa2,OI_pcb-ind_957dcfa9faa2,0.0
1,small,OI_pcb-ind_a18b998e2ded,probe,same metadata group,pcb-ind,0.8036759495735168,0.811234176158905,0.7333859205245972,OI_pcb-ind_1bbb08cf99f3,OI_pcb-ind_475a3992fd70,OI_pcb-ind_6ca0a6322129,-0.007558226585388184
1,small,OI_pcb-ind_a376e6ad8dc8,control,,pcb-ind,0.8643079400062561,0.8223080635070801,0.8643079400062561,OI_pcb-ind_fc0d7844012b,OI_pcb-ind_fc0d7844012b,OI_pcb-ind_5a055fc7c433,0.041999876499176025
1,small,OI_pcb-ind_a3b2faa65edb,probe,same metadata group,pcb-ind,0.8479300737380981,0.8479300737380981,0.7878680229187012,OI_pcb-ind_039bc6459d74,OI_pcb-ind_07f0c71e0360,OI_pcb-ind_07f0c71e0360,0.0
1,small,OI_pcb-ind_a45765e5bd8b,probe,same metadata group,pcb-ind,0.5322532057762146,0.5322532057762146,0.5251179337501526,OI_pcb-ind_1f7ae6db263a,OI_pcb-ind_c1a7f3d84385,OI_pcb-ind_c1a7f3d84385,0.0
1,small,OI_pcb-ind_a649a3a9bd03,probe,same metadata group,pcb-ind,0.7614811658859253,0.7558467388153076,0.7614811658859253,OI_pcb-ind_1bb0d81c296b,OI_pcb-ind_1bb0d81c296b,OI_pcb-ind_44fe9376644b,0.005634427070617676
1,small,OI_pcb-ind_aa32e2ca35ca,control,,pcb-ind,0.8218753933906555,0.8218753933906555,0.7934814691543579,OI_pcb-ind_6d1da5c9adee,OI_pcb-ind_f0aaf484ce68,OI_pcb-ind_f0aaf484ce68,0.0
1,small,OI_pcb-ind_aa75ac5ad383,probe,same component,pcb-ind,0.8719771504402161,0.8618923425674438,0.8719771504402161,OI_pcb-ind_96807debdcd4,OI_pcb-ind_96807debdcd4,OI_pcb-ind_fd9d6109b711,0.010084807872772217
1,small,OI_pcb-ind_aba103edd57d,probe,same metadata group,pcb-ind,0.7188124060630798,0.7188124060630798,0.6075961589813232,OI_pcb-ind_f9f11c0a5104,OI_pcb-ind_2a8d3603b50d,OI_pcb-ind_2a8d3603b50d,0.0
1,small,OI_pcb-ind_af1b3cfd43a5,probe,same metadata group,pcb-ind,0.8328102231025696,0.8328102231025696,0.6834272742271423,OI_pcb-ind_781b45699d67,OI_pcb-ind_411a68e0a6ed,OI_pcb-ind_411a68e0a6ed,0.0
1,small,OI_pcb-ind_b0d2885e8dda,probe,same metadata group,pcb-ind,0.739585280418396,0.739585280418396,0.7009012699127197,OI_pcb-ind_c63d70a5aa35,OI_pcb-ind_56d33f38ed86,OI_pcb-ind_56d33f38ed86,0.0
1,small,OI_pcb-ind_b232f9551747,control,,pcb-ind,0.7369058728218079,0.7369058728218079,0.6333743333816528,OI_pcb-ind_59ce71d68475,OI_pcb-ind_d5737e7f8173,OI_pcb-ind_d5737e7f8173,0.0
1,small,OI_pcb-ind_b25edfb4b0dd,probe,same metadata group,pcb-ind,0.8090610504150391,0.8060430288314819,0.8090610504150391,OI_pcb-ind_c6364e564e16,OI_pcb-ind_c6364e564e16,OI_pcb-ind_a1a48be86200,0.003018021583557129
1,small,OI_pcb-ind_b569a229ae44,control,,pcb-ind,0.827633798122406,0.827633798122406,0.5799941420555115,OI_dspcbsd-plus_e81eb183706e,OI_pcb-ind_20039bf64f61,OI_pcb-ind_20039bf64f61,0.0
1,small,OI_pcb-ind_b5cec1e181e7,probe,same metadata group,pcb-ind,0.8022151589393616,0.8149188160896301,0.8022151589393616,OI_pcb-ind_1318263c9179,OI_pcb-ind_1318263c9179,OI_pcb-ind_ba73e8de24ae,-0.012703657150268555
1,small,OI_pcb-ind_b60ae1ab2654,control,,pcb-ind,0.7569546699523926,0.7569546699523926,0.6591498851776123,OI_pcb-ind_860a71bd9f1e,OI_pcb-ind_650f2401eac8,OI_pcb-ind_650f2401eac8,0.0
1,small,OI_pcb-ind_b61bfe34d483,control,,pcb-ind,0.8369235396385193,0.8369235396385193,0.7713260054588318,OI_pcb-ind_d35d10e1e94a,OI_pcb-ind_66cbde6d0ac3,OI_pcb-ind_66cbde6d0ac3,0.0
1,small,OI_pcb-ind_b639a4bdf44f,control,,pcb-ind,0.8024494647979736,0.7930206656455994,0.8024494647979736,OI_pcb-ind_1d6b0588a249,OI_pcb-ind_1d6b0588a249,OI_pcb-ind_f6eb9255bef7,0.009428799152374268
1,small,OI_pcb-ind_ba4b33ecbe4b,probe,same metadata group,pcb-ind,0.9110798239707947,0.9110195636749268,0.9110798239707947,OI_pcb-ind_6efd64b005c5,OI_pcb-ind_6efd64b005c5,OI_pcb-ind_3ee365a88950,6.026029586791992e-05
1,small,OI_pcb-ind_becb13de7fec,probe,same metadata group,pcb-ind,0.8597046732902527,0.8597046732902527,0.7877914905548096,OI_pcb-ind_f9f11c0a5104,OI_dspcbsd-plus_a1f0c9c3b3fd,OI_dspcbsd-plus_a1f0c9c3b3fd,0.0
1,small,OI_pcb-ind_bf26179098ea,probe,same metadata group,pcb-ind,0.8804302215576172,0.8804302215576172,0.73115473985672,OI_pcb-ind_d35d10e1e94a,OI_pcb-ind_57a45ff56d34,OI_pcb-ind_57a45ff56d34,0.0
1,small,OI_pcb-ind_c1569843f29f,control,,pcb-ind,0.754077672958374,0.754077672958374,0.6362066268920898,OI_pcb-ind_10f0505c378f,OI_pcb-ind_1331f00fa638,OI_pcb-ind_1331f00fa638,0.0
1,small,OI_pcb-ind_c17be7a6bebe,control,,pcb-ind,0.8760436177253723,0.8760436177253723,0.8321444988250732,OI_pcb-ind_d78da257efef,OI_pcb-ind_a44671dd246f,OI_pcb-ind_a44671dd246f,0.0
1,small,OI_pcb-ind_c2721e1bfd54,probe,same metadata group,pcb-ind,0.8832367658615112,0.8832367658615112,0.8670974373817444,OI_pcb-ind_fe37fb940941,OI_pcb-ind_3d1b448f8296,OI_pcb-ind_3d1b448f8296,0.0
1,small,OI_pcb-ind_c53206adafc6,control,,pcb-ind,0.8363922238349915,0.8363922238349915,0.691074788570404,OI_pcb-ind_c9806a73595d,OI_pcb-ind_3a6cc83a9ad1,OI_pcb-ind_3a6cc83a9ad1,0.0
1,small,OI_pcb-ind_c59a8724d253,probe,same metadata group,pcb-ind,0.7467881441116333,0.7467881441116333,0.5925961136817932,OI_dspcbsd-plus_dfb5eb53fcf7,OI_pcb-ind_fcbc87dd7505,OI_pcb-ind_fcbc87dd7505,0.0
1,small,OI_pcb-ind_c7938a9d14d3,probe,similar pair,pcb-ind,0.9667076468467712,0.8070802688598633,0.9667076468467712,OI_pcb-ind_d4708a173455,OI_pcb-ind_d4708a173455,OI_pcb-ind_7ef618aba83d,0.15962737798690796
1,small,OI_pcb-ind_c86a4c072a1a,probe,same metadata group,pcb-ind,0.8054143190383911,0.8054143190383911,0.6943444609642029,OI_dspcbsd-plus_e75f1121caf0,OI_dspcbsd-plus_8c8194d6095b,OI_dspcbsd-plus_8c8194d6095b,0.0
1,small,OI_pcb-ind_cbae2d7b7fdd,control,,pcb-ind,0.766588568687439,0.766588568687439,0.6715582013130188,OI_pcb-ind_6835e55dbfb9,OI_pcb-ind_ce3b4e6ff5e7,OI_pcb-ind_ce3b4e6ff5e7,0.0
1,small,OI_pcb-ind_cbc0bd8ef5e2,control,,pcb-ind,0.7054880857467651,0.7234506011009216,0.5531323552131653,OI_pcb-ind_afa7659dd1f9,OI_dspcbsd-plus_d0162a0fcf9e,OI_dspcbsd-plus_45045e84c18c,-0.017962515354156494
1,small,OI_pcb-ind_cf77843cb7da,probe,same metadata group,pcb-ind,0.7754018902778625,0.7754018902778625,0.6972607970237732,OI_pcb-ind_0d55db8f1ca1,OI_pcb-ind_3f4d59a35a89,OI_pcb-ind_3f4d59a35a89,0.0
1,small,OI_pcb-ind_cfa2bd2a413c,control,,pcb-ind,0.8410817980766296,0.8410817980766296,0.7458398938179016,OI_pcb-ind_6b671757e975,OI_pcb-ind_1b4ccf77f00e,OI_pcb-ind_1b4ccf77f00e,0.0
1,small,OI_pcb-ind_d280e970584b,control,,pcb-ind,0.7032170295715332,0.7032170295715332,0.6679021120071411,OI_pcb-ind_b40df8ef46fe,OI_dspcbsd-plus_a3d72109611f,OI_dspcbsd-plus_a3d72109611f,0.0
1,small,OI_pcb-ind_d2c3572c9c9e,control,,pcb-ind,0.8544302582740784,0.8544302582740784,0.8295190930366516,OI_dspcbsd-plus_85474c3f47d4,OI_pcb-ind_0fd3d0dcad5f,OI_pcb-ind_0fd3d0dcad5f,0.0
1,small,OI_pcb-ind_d2d9e81d8fe5,control,,pcb-ind,0.8607016801834106,0.8607016801834106,0.8517606258392334,OI_dspcbsd-plus_af42cb7e1bcf,OI_dspcbsd-plus_495bed6d7b5f,OI_dspcbsd-plus_495bed6d7b5f,0.0
1,small,OI_pcb-ind_d3869b9e07ee,control,,pcb-ind,0.9046539068222046,0.9046539068222046,0.8149559497833252,OI_pcb-ind_0570b99aa070,OI_pcb-ind_4b9dc7a6486f,OI_pcb-ind_4b9dc7a6486f,0.0
1,small,OI_pcb-ind_d3a978053495,control,,pcb-ind,0.8380290269851685,0.8380290269851685,0.7536032795906067,OI_dspcbsd-plus_5c3310761413,OI_dspcbsd-plus_112f4a2285ed,OI_dspcbsd-plus_112f4a2285ed,0.0
1,small,OI_pcb-ind_d49c27b3970d,probe,same metadata group,pcb-ind,0.5990025997161865,0.5990025997161865,0.5537505745887756,OI_pcb-ind_039bc6459d74,OI_pcb-ind_1a6d3769c939,OI_pcb-ind_1a6d3769c939,0.0
1,small,OI_pcb-ind_d6e2329fcede,probe,same metadata group,pcb-ind,0.8106480836868286,0.8106480836868286,0.716732919216156,OI_pcb-ind_0837185d47b9,OI_dspcbsd-plus_8e0cad96e4aa,OI_dspcbsd-plus_8e0cad96e4aa,0.0
1,small,OI_pcb-ind_d7371c34b1aa,probe,same metadata group,pcb-ind,0.8817998766899109,0.8829562067985535,0.8226380944252014,OI_pcb-ind_15321f3247e3,OI_pcb-ind_9212b079ea65,OI_pcb-ind_9091c732daa7,-0.0011563301086425781
1,small,OI_pcb-ind_d798827b65e3,control,,pcb-ind,0.8881575465202332,0.8941753506660461,0.8111087083816528,OI_pcb-ind_c65a84606afd,OI_pcb-ind_54efb3482f24,OI_pcb-ind_0b4615a560e1,-0.006017804145812988
1,small,OI_pcb-ind_da1fe53a3976,control,,pcb-ind,0.8581319451332092,0.8581319451332092,0.6457839012145996,OI_dspcbsd-plus_5c3310761413,OI_pcb-ind_58aff01dd78f,OI_pcb-ind_58aff01dd78f,0.0
1,small,OI_pcb-ind_da9531cc3c33,probe,same metadata group,pcb-ind,0.8686127066612244,0.8686127066612244,0.7403358221054077,OI_dspcbsd-plus_f4d3095bbcbf,OI_pcb-ind_651d28179213,OI_pcb-ind_651d28179213,0.0
1,small,OI_pcb-ind_daf49cb97795,control,,pcb-ind,0.772395670413971,0.772395670413971,0.6890012621879578,OI_pcb-ind_1003d92302d7,OI_pcb-ind_887978662a99,OI_pcb-ind_887978662a99,0.0
1,small,OI_pcb-ind_ddde6abe4ed3,probe,similar pair,pcb-ind,0.9687931537628174,0.9095464944839478,0.9687931537628174,OI_pcb-ind_f08f89e1e9cd,OI_pcb-ind_f08f89e1e9cd,OI_pcb-ind_aecf7267803a,0.05924665927886963
1,small,OI_pcb-ind_de55fdc55c6f,probe,same metadata group,pcb-ind,0.7847481966018677,0.7847481966018677,0.7187714576721191,OI_pcb-ind_afa7659dd1f9,OI_pcb-ind_927643ed9b39,OI_pcb-ind_927643ed9b39,0.0
1,small,OI_pcb-ind_e0ab6576e60a,control,,pcb-ind,0.9007712006568909,0.9007712006568909,0.7075235843658447,OI_pcb-ind_097cc715b65e,OI_pcb-ind_07f0c71e0360,OI_pcb-ind_07f0c71e0360,0.0
1,small,OI_pcb-ind_e11531b0e685,probe,same metadata group,pcb-ind,0.8469793200492859,0.8469793200492859,0.729929506778717,OI_dspcbsd-plus_86d6904064a2,OI_pcb-ind_762e554d6e6c,OI_pcb-ind_762e554d6e6c,0.0
1,small,OI_pcb-ind_e211e27873e4,control,,pcb-ind,0.7612593173980713,0.7612593173980713,0.6720095872879028,OI_pcb-ind_b40df8ef46fe,OI_pcb-ind_12268f08d6c1,OI_pcb-ind_12268f08d6c1,0.0
1,small,OI_pcb-ind_e311abcdca04,control,,pcb-ind,0.8577271103858948,0.8589876890182495,0.8070417642593384,OI_pcb-ind_b48ace894ae9,OI_pcb-ind_42ac3c8bc214,OI_pcb-ind_f51089ba070f,-0.0012605786323547363
1,small,OI_pcb-ind_e38575f0a3f6,control,,pcb-ind,0.9072603583335876,0.9072603583335876,0.8148894309997559,OI_dspcbsd-plus_86d6904064a2,OI_pcb-ind_fd9d6109b711,OI_pcb-ind_fd9d6109b711,0.0
1,small,OI_pcb-ind_e3ca7139ecc3,probe,same metadata group,pcb-ind,0.7178898453712463,0.7178898453712463,0.7004626393318176,OI_pcb-ind_0dc112eaeee3,OI_pcb-ind_ee6f7f176f6a,OI_pcb-ind_ee6f7f176f6a,0.0
1,small,OI_pcb-ind_e47523b54a8d,probe,same metadata group,pcb-ind,0.7220270037651062,0.7220270037651062,0.67939692735672,OI_pcb-ind_b48ace894ae9,OI_pcb-ind_e1efce4283ed,OI_pcb-ind_e1efce4283ed,0.0
1,small,OI_pcb-ind_e6242053a540,control,,pcb-ind,0.7340291142463684,0.7340291142463684,0.6903966665267944,OI_pcb-ind_1eaa7f361a04,OI_pcb-ind_49934f800a63,OI_pcb-ind_49934f800a63,0.0
1,small,OI_pcb-ind_e6344f8c78a5,probe,same metadata group,pcb-ind,0.8308634161949158,0.8308634161949158,0.8203336596488953,OI_pcb-ind_a2df770a3fae,OI_pcb-ind_ee56c35250ba,OI_pcb-ind_ee56c35250ba,0.0
1,small,OI_pcb-ind_e67d759144e6,control,,pcb-ind,0.8069875240325928,0.8069875240325928,0.7750544548034668,OI_pcb-ind_b40df8ef46fe,OI_pcb-ind_8b05337233f9,OI_pcb-ind_8b05337233f9,0.0
1,small,OI_pcb-ind_e68b1f770bca,probe,same metadata group,pcb-ind,0.8984353542327881,0.8984353542327881,0.6249534487724304,OI_dspcbsd-plus_f96e2797edb2,OI_pcb-ind_c1ff182d564b,OI_pcb-ind_c1ff182d564b,0.0
1,small,OI_pcb-ind_e8f50eef7e5d,control,,pcb-ind,0.8045159578323364,0.8045159578323364,0.6958861947059631,OI_pcb-ind_6aad633cf599,OI_pcb-ind_99b77187eadf,OI_pcb-ind_99b77187eadf,0.0
1,small,OI_pcb-ind_ebaed4f8b877,probe,same metadata group,pcb-ind,0.8310375213623047,0.7844552993774414,0.8310375213623047,OI_pcb-ind_35e021f58fb2,OI_pcb-ind_35e021f58fb2,OI_pcb-ind_ab9e9979958c,0.04658222198486328
1,small,OI_pcb-ind_ebbfd2a8caec,probe,same metadata group,pcb-ind,0.7916780114173889,0.7916780114173889,0.6220625638961792,OI_pcb-ind_3ccea58222cc,OI_pcb-ind_02f69667256d,OI_pcb-ind_02f69667256d,0.0
1,small,OI_pcb-ind_ed1aadec2e29,probe,same metadata group,pcb-ind,0.7941558361053467,0.7701104879379272,0.7941558361053467,OI_pcb-ind_eb6ce3d67189,OI_pcb-ind_eb6ce3d67189,OI_pcb-ind_68c295ee13e1,0.024045348167419434
1,small,OI_pcb-ind_ed2f495f7937,probe,same metadata group,pcb-ind,0.8452537655830383,0.8452537655830383,0.7594866156578064,OI_pcb-ind_af90edf00441,OI_pcb-ind_a1b481ca07d5,OI_pcb-ind_a1b481ca07d5,0.0
1,small,OI_pcb-ind_eda417066389,control,,pcb-ind,0.9092733860015869,0.9092733860015869,0.8292802572250366,OI_dspcbsd-plus_86d6904064a2,OI_pcb-ind_1095810fb687,OI_pcb-ind_1095810fb687,0.0
1,small,OI_pcb-ind_ee0f2727672d,probe,same metadata group,pcb-ind,0.911791205406189,0.7033576369285583,0.911791205406189,OI_pcb-ind_59ce71d68475,OI_pcb-ind_59ce71d68475,OI_pcb-ind_ca429ed0bfe5,0.20843356847763062
1,small,OI_pcb-ind_ef65623a36a4,probe,same metadata group,pcb-ind,0.7695067524909973,0.7695067524909973,0.630622386932373,OI_pcb-ind_f18b53077d1e,OI_pcb-ind_e96f1f07938a,OI_pcb-ind_e96f1f07938a,0.0
1,small,OI_pcb-ind_f136ffedfc0b,control,,pcb-ind,0.8429211378097534,0.8429211378097534,0.7321363687515259,OI_pcb-ind_c9806a73595d,OI_pcb-ind_6b71c26c22b6,OI_pcb-ind_6b71c26c22b6,0.0
1,small,OI_pcb-ind_f193dc797685,control,,pcb-ind,0.814560055732727,0.814560055732727,0.5908693075180054,OI_pcb-ind_ae09e56b5228,OI_pcb-ind_bff574037ea9,OI_pcb-ind_bff574037ea9,0.0
1,small,OI_pcb-ind_f1b779afcbc5,probe,same metadata group,pcb-ind,0.8224632740020752,0.7828447818756104,0.8224632740020752,OI_pcb-ind_acce66d419d6,OI_pcb-ind_acce66d419d6,OI_pcb-ind_c1c4a18b6e5d,0.039618492126464844
1,small,OI_pcb-ind_f2164a308705,probe,same metadata group,pcb-ind,0.8310369253158569,0.8310369253158569,0.7005340456962585,OI_pcb-ind_5799f9e435bd,OI_pcb-ind_37d36a2b72e1,OI_pcb-ind_37d36a2b72e1,0.0
1,small,OI_pcb-ind_f50af238013d,probe,similar pair,pcb-ind,0.9830832481384277,0.847161054611206,0.9830832481384277,OI_pcb-ind_b83f76d12f68,OI_pcb-ind_b83f76d12f68,OI_pcb-ind_ee56c35250ba,0.13592219352722168
1,small,OI_pcb-ind_f876a8cdd0f4,control,,pcb-ind,0.8815665245056152,0.8815665245056152,0.8038989901542664,OI_pcb-ind_ae09e56b5228,OI_dspcbsd-plus_b1e48580f669,OI_dspcbsd-plus_b1e48580f669,0.0
1,small,OI_pcb-ind_fb37baaa751b,probe,same metadata group,pcb-ind,0.822755753993988,0.822755753993988,0.7854852676391602,OI_pcb-ind_15321f3247e3,OI_pcb-ind_3e242fb729b7,OI_pcb-ind_3e242fb729b7,0.0
1,small,OI_pcb-ind_fb3cfcd0eff2,probe,same metadata group,pcb-ind,0.7879053950309753,0.7879053950309753,0.7129012942314148,OI_pcb-ind_a9e83ea4cfd9,OI_pcb-ind_fcdbfeff28fd,OI_pcb-ind_fcdbfeff28fd,0.0
1,small,OI_pcb-ind_fc3551379da4,control,,pcb-ind,0.8234446048736572,0.8234446048736572,0.7094599008560181,OI_dspcbsd-plus_6156805e6cd7,OI_pcb-ind_651d28179213,OI_pcb-ind_651d28179213,0.0
1,small,OI_pcb-ind_fcb0e2e2a011,control,,pcb-ind,0.7184587121009827,0.7184587121009827,0.6524584293365479,OI_pcb-ind_1eaa7f361a04,OI_pcb-ind_1331f00fa638,OI_pcb-ind_1331f00fa638,0.0
1,small,OI_pcb-ind_fd416f41ca3e,probe,same metadata group,pcb-ind,0.7602391242980957,0.7602391242980957,0.6849019527435303,OI_dspcbsd-plus_c5c737f691f6,OI_pcb-ind_764c9ec14276,OI_pcb-ind_764c9ec14276,0.0
1,small,OI_pcb-ind_ffdc100fbc99,control,,pcb-ind,0.7898930311203003,0.7898930311203003,0.6066437363624573,OI_pcb-ind_f9f11c0a5104,OI_pcb-ind_198d98ac55c7,OI_pcb-ind_198d98ac55c7,0.0
1,base,OI_dspcbsd-plus_001368584365,probe,similar pair,dspcbsd-plus,0.9066129922866821,0.7992732524871826,0.9066129922866821,OI_dspcbsd-plus_4c90c9d061aa,OI_dspcbsd-plus_4c90c9d061aa,OI_dspcbsd-plus_daaf28d6962b,0.10733973979949951
1,base,OI_dspcbsd-plus_0152dc94095e,probe,same component,dspcbsd-plus,0.9499365091323853,0.940643310546875,0.9499365091323853,OI_dspcbsd-plus_25a62020f985,OI_dspcbsd-plus_25a62020f985,OI_dspcbsd-plus_7a79f9cc946a,0.009293198585510254
1,base,OI_dspcbsd-plus_01d3117fc117,control,,dspcbsd-plus,0.7526830434799194,0.7526830434799194,0.6573280096054077,OI_pcb-ind_c4eb1dadecd2,OI_dspcbsd-plus_29f109b6a339,OI_dspcbsd-plus_29f109b6a339,0.0
1,base,OI_dspcbsd-plus_043866a5a95e,control,,dspcbsd-plus,0.7264223098754883,0.7264223098754883,0.6237834095954895,OI_pcb-ind_0d55db8f1ca1,OI_dspcbsd-plus_e512e1ce1c84,OI_dspcbsd-plus_e512e1ce1c84,0.0
1,base,OI_dspcbsd-plus_0623c95253d5,control,,dspcbsd-plus,0.5743674039840698,0.5743674039840698,0.5393521785736084,OI_pcb-ind_fe37fb940941,OI_pcb-ind_3d1b448f8296,OI_pcb-ind_3d1b448f8296,0.0
1,base,OI_dspcbsd-plus_0831476765fb,probe,similar pair,dspcbsd-plus,0.8264849185943604,0.8264849185943604,0.6971726417541504,OI_dspcbsd-plus_f30edac9fa8b,OI_dspcbsd-plus_163bef46044d,OI_dspcbsd-plus_163bef46044d,0.0
1,base,OI_dspcbsd-plus_083f9bb00d27,probe,similar pair,dspcbsd-plus,0.9409419298171997,0.9135816097259521,0.9409419298171997,OI_dspcbsd-plus_a4d97e1bb28d,OI_dspcbsd-plus_a4d97e1bb28d,OI_dspcbsd-plus_7a79f9cc946a,0.02736032009124756
1,base,OI_dspcbsd-plus_09cc73bb3092,probe,similar pair,dspcbsd-plus,0.9686141014099121,0.9370896816253662,0.9686141014099121,OI_dspcbsd-plus_86d6904064a2,OI_dspcbsd-plus_86d6904064a2,OI_pcb-ind_fd9d6109b711,0.0315244197845459
1,base,OI_dspcbsd-plus_09d3e586d215,control,,dspcbsd-plus,0.6729879975318909,0.6729879975318909,0.6030365228652954,OI_pcb-ind_c4eb1dadecd2,OI_dspcbsd-plus_c5156f85e4fa,OI_dspcbsd-plus_c5156f85e4fa,0.0
1,base,OI_dspcbsd-plus_0c2948f180a7,control,,dspcbsd-plus,0.7203572988510132,0.7203572988510132,0.6168093681335449,OI_dspcbsd-plus_af42cb7e1bcf,OI_dspcbsd-plus_259c8220279b,OI_dspcbsd-plus_259c8220279b,0.0
1,base,OI_dspcbsd-plus_0c683a2c5c05,probe,similar pair,dspcbsd-plus,0.8911686539649963,0.8853750228881836,0.8911686539649963,OI_dspcbsd-plus_f96e2797edb2,OI_dspcbsd-plus_f96e2797edb2,OI_dspcbsd-plus_5f057b5ad81e,0.005793631076812744
1,base,OI_dspcbsd-plus_0cce79a77060,control,,dspcbsd-plus,0.6358353495597839,0.6358353495597839,0.5774813890457153,OI_pcb-ind_6835e55dbfb9,OI_pcb-ind_b7f185b4d4d5,OI_pcb-ind_b7f185b4d4d5,0.0
1,base,OI_dspcbsd-plus_0e42c0dc35e0,probe,similar pair,dspcbsd-plus,0.9174451231956482,0.8252933025360107,0.9174451231956482,OI_dspcbsd-plus_d9aa4e54ad55,OI_dspcbsd-plus_d9aa4e54ad55,OI_dspcbsd-plus_013a7e7401ac,0.09215182065963745
1,base,OI_dspcbsd-plus_0fa778951be0,probe,similar pair,dspcbsd-plus,0.8371281623840332,0.8261203765869141,0.8371281623840332,OI_dspcbsd-plus_537d500613ab,OI_dspcbsd-plus_537d500613ab,OI_dspcbsd-plus_594df4a0c5fb,0.01100778579711914
1,base,OI_dspcbsd-plus_0faaad5f3569,control,,dspcbsd-plus,0.8803997039794922,0.8803997039794922,0.8298773765563965,OI_dspcbsd-plus_a29d78fbd295,OI_dspcbsd-plus_cf553f257b9e,OI_dspcbsd-plus_cf553f257b9e,0.0
1,base,OI_dspcbsd-plus_11750cfbb173,probe,same component,dspcbsd-plus,0.8744587898254395,0.8047221899032593,0.8744587898254395,OI_dspcbsd-plus_25a62020f985,OI_dspcbsd-plus_25a62020f985,OI_pcb-ind_286017383ff2,0.06973659992218018
1,base,OI_dspcbsd-plus_12abe0924d24,probe,similar pair,dspcbsd-plus,0.893711507320404,0.8234719038009644,0.893711507320404,OI_dspcbsd-plus_c038d894bbe6,OI_dspcbsd-plus_c038d894bbe6,OI_dspcbsd-plus_4c18abb50e7e,0.0702396035194397
1,base,OI_dspcbsd-plus_1311a2cec296,probe,similar pair,dspcbsd-plus,0.927515983581543,0.6745398044586182,0.927515983581543,OI_dspcbsd-plus_baa2a2c91a3d,OI_dspcbsd-plus_baa2a2c91a3d,OI_dspcbsd-plus_365ea3addf1b,0.2529761791229248
1,base,OI_dspcbsd-plus_13564c3d33ad,probe,same component,dspcbsd-plus,0.8735756874084473,0.8299016952514648,0.8735756874084473,OI_dspcbsd-plus_25a62020f985,OI_dspcbsd-plus_25a62020f985,OI_dspcbsd-plus_7a79f9cc946a,0.04367399215698242
1,base,OI_dspcbsd-plus_148e8f4a146d,control,,dspcbsd-plus,0.936931848526001,0.936931848526001,0.9046275615692139,OI_dspcbsd-plus_86d6904064a2,OI_dspcbsd-plus_62aa75dff8b0,OI_dspcbsd-plus_62aa75dff8b0,0.0
1,base,OI_dspcbsd-plus_191c3467c37a,control,,dspcbsd-plus,0.7140214443206787,0.7140214443206787,0.5852570533752441,OI_dspcbsd-plus_f30edac9fa8b,OI_dspcbsd-plus_40408cca793c,OI_dspcbsd-plus_40408cca793c,0.0
1,base,OI_dspcbsd-plus_1c0b4e9a83d5,control,,dspcbsd-plus,0.6323200464248657,0.6323200464248657,0.4420325756072998,OI_pcb-ind_cb4019c341e3,OI_dspcbsd-plus_d7d80eeb458c,OI_dspcbsd-plus_d7d80eeb458c,0.0
1,base,OI_dspcbsd-plus_1c906370c711,probe,same component,dspcbsd-plus,0.835663914680481,0.835663914680481,0.8119542598724365,OI_dspcbsd-plus_a6f493e08d9c,OI_dspcbsd-plus_c26953dbfa49,OI_dspcbsd-plus_c26953dbfa49,0.0
1,base,OI_dspcbsd-plus_1d40ee7a0925,probe,similar pair,dspcbsd-plus,0.9422042965888977,0.9359891414642334,0.9422042965888977,OI_dspcbsd-plus_25a62020f985,OI_dspcbsd-plus_25a62020f985,OI_dspcbsd-plus_7a79f9cc946a,0.006215155124664307
1,base,OI_dspcbsd-plus_1d50cda0f7f7,control,,dspcbsd-plus,0.6983925104141235,0.6983925104141235,0.6323233842849731,OI_dspcbsd-plus_4b28fac5f3b9,OI_dspcbsd-plus_9ab5dc79cae5,OI_dspcbsd-plus_9ab5dc79cae5,0.0
1,base,OI_dspcbsd-plus_1e5c3f1a8fb5,probe,same component,dspcbsd-plus,0.8932266235351562,0.8266273736953735,0.8932266235351562,OI_dspcbsd-plus_c5c737f691f6,OI_dspcbsd-plus_c5c737f691f6,OI_dspcbsd-plus_782dcb5f7456,0.06659924983978271
1,base,OI_dspcbsd-plus_1ea2754aa5d4,probe,similar pair,dspcbsd-plus,0.8643593788146973,0.8109153509140015,0.8643593788146973,OI_dspcbsd-plus_5f9832c7e958,OI_dspcbsd-plus_5f9832c7e958,OI_dspcbsd-plus_dd0b19d70fbe,0.0534440279006958
1,base,OI_dspcbsd-plus_20bc76e4c58a,control,,dspcbsd-plus,0.7810857892036438,0.7810857892036438,0.7129480838775635,OI_pcb-ind_15321f3247e3,OI_dspcbsd-plus_c53f8b293471,OI_dspcbsd-plus_c53f8b293471,0.0
1,base,OI_dspcbsd-plus_21cd143e3fb0,probe,similar pair,dspcbsd-plus,0.8767833113670349,0.8190604448318481,0.8767833113670349,OI_dspcbsd-plus_93d5b92757c7,OI_dspcbsd-plus_93d5b92757c7,OI_dspcbsd-plus_1eac320303ac,0.05772286653518677
1,base,OI_dspcbsd-plus_225e0737e354,control,,dspcbsd-plus,0.8043462038040161,0.8043462038040161,0.6656286716461182,OI_dspcbsd-plus_4b28fac5f3b9,OI_dspcbsd-plus_5eb0d3d90856,OI_dspcbsd-plus_5eb0d3d90856,0.0
1,base,OI_dspcbsd-plus_233e65adae65,probe,similar pair,dspcbsd-plus,0.8099269866943359,0.8099269866943359,0.7446556091308594,OI_dspcbsd-plus_0e9fe58190c2,OI_dspcbsd-plus_c5156f85e4fa,OI_dspcbsd-plus_c5156f85e4fa,0.0
1,base,OI_dspcbsd-plus_25ac6a24c2d1,control,,dspcbsd-plus,0.6556438207626343,0.6556438207626343,0.530433177947998,OI_dspcbsd-plus_3ba4fc7a7afa,OI_dspcbsd-plus_192aa02452ea,OI_dspcbsd-plus_192aa02452ea,0.0
1,base,OI_dspcbsd-plus_263fce5f00fa,control,,dspcbsd-plus,0.8298326730728149,0.8298326730728149,0.7360503673553467,OI_pcb-ind_03ce88fee16c,OI_dspcbsd-plus_0e5daeff467c,OI_dspcbsd-plus_0e5daeff467c,0.0
1,base,OI_dspcbsd-plus_26f8cde0048f,probe,similar pair,dspcbsd-plus,0.9361139535903931,0.8640046119689941,0.9361139535903931,OI_dspcbsd-plus_ca520caede4d,OI_dspcbsd-plus_ca520caede4d,OI_dspcbsd-plus_aa8bc6138582,0.07210934162139893
1,base,OI_dspcbsd-plus_2723a5ca19ab,probe,similar pair,dspcbsd-plus,0.9308068752288818,0.6159250736236572,0.9308068752288818,OI_dspcbsd-plus_eb55fb0409e3,OI_dspcbsd-plus_eb55fb0409e3,OI_dspcbsd-plus_daaf28d6962b,0.3148818016052246
1,base,OI_dspcbsd-plus_298ccafc9063,control,,dspcbsd-plus,0.7281226515769958,0.7281226515769958,0.6098315715789795,OI_pcb-ind_7ceb6d0cd76c,OI_dspcbsd-plus_1291aaaaf4e4,OI_dspcbsd-plus_1291aaaaf4e4,0.0
1,base,OI_dspcbsd-plus_2a66eea6036d,probe,similar pair,dspcbsd-plus,0.9362205862998962,0.9263367652893066,0.9362205862998962,OI_dspcbsd-plus_7cb53cab0c20,OI_dspcbsd-plus_7cb53cab0c20,OI_dspcbsd-plus_9aec937cdf1a,0.0098838210105896
1,base,OI_dspcbsd-plus_2b1633fe8f7d,control,,dspcbsd-plus,0.8214731216430664,0.8214731216430664,0.7555550336837769,OI_pcb-ind_47f1e6e7dc27,OI_dspcbsd-plus_6fa1628aff78,OI_dspcbsd-plus_6fa1628aff78,0.0
1,base,OI_dspcbsd-plus_2d804655c21b,control,,dspcbsd-plus,0.7879577279090881,0.7879577279090881,0.6813796758651733,OI_pcb-ind_15321f3247e3,OI_dspcbsd-plus_52415478e88b,OI_dspcbsd-plus_52415478e88b,0.0
1,base,OI_dspcbsd-plus_2dcc5a2fb546,control,,dspcbsd-plus,0.7708156108856201,0.6836258172988892,0.7708156108856201,OI_dspcbsd-plus_af42cb7e1bcf,OI_dspcbsd-plus_af42cb7e1bcf,OI_dspcbsd-plus_4326ebe1d793,0.08718979358673096
1,base,OI_dspcbsd-plus_2fe414263e4e,probe,same component,dspcbsd-plus,0.8423340320587158,0.7704148292541504,0.8423340320587158,OI_dspcbsd-plus_245cfc2c89a7,OI_dspcbsd-plus_245cfc2c89a7,OI_dspcbsd-plus_b3a56274dd84,0.07191920280456543
1,base,OI_dspcbsd-plus_30b7bcbbe7b3,control,,dspcbsd-plus,0.697371244430542,0.697371244430542,0.6216810941696167,OI_dspcbsd-plus_5c3310761413,OI_pcb-ind_bb30a9217531,OI_pcb-ind_bb30a9217531,0.0
1,base,OI_dspcbsd-plus_342f42125741,probe,same component,dspcbsd-plus,0.9186819791793823,0.9186819791793823,0.8376851081848145,OI_dspcbsd-plus_25a62020f985,OI_dspcbsd-plus_7729223f4f94,OI_dspcbsd-plus_7729223f4f94,0.0
1,base,OI_dspcbsd-plus_36b5430e03e4,control,,dspcbsd-plus,0.7888036966323853,0.7585839033126831,0.7888036966323853,OI_dspcbsd-plus_25a62020f985,OI_dspcbsd-plus_25a62020f985,OI_dspcbsd-plus_d1f77e99b9e1,0.03021979331970215
1,base,OI_dspcbsd-plus_387eb11e88bb,probe,same component,dspcbsd-plus,0.8912509679794312,0.8475528955459595,0.8912509679794312,OI_dspcbsd-plus_402e360b0497,OI_dspcbsd-plus_402e360b0497,OI_dspcbsd-plus_7a79f9cc946a,0.04369807243347168
1,base,OI_dspcbsd-plus_3a20af8eeada,control,,dspcbsd-plus,0.8517960906028748,0.8517960906028748,0.6317610740661621,OI_dspcbsd-plus_537d500613ab,OI_dspcbsd-plus_9a36bc7f1232,OI_dspcbsd-plus_9a36bc7f1232,0.0
1,base,OI_dspcbsd-plus_3c005d0965b8,probe,similar pair,dspcbsd-plus,0.8554818630218506,0.8554818630218506,0.8121427297592163,OI_dspcbsd-plus_bfa2bb933a68,OI_dspcbsd-plus_8965d461692b,OI_dspcbsd-plus_8965d461692b,0.0
1,base,OI_dspcbsd-plus_3c4bf1daec46,probe,similar pair,dspcbsd-plus,0.8785468935966492,0.8630353808403015,0.8785468935966492,OI_dspcbsd-plus_f8341c445e6a,OI_dspcbsd-plus_f8341c445e6a,OI_dspcbsd-plus_49bfd6243861,0.015511512756347656
1,base,OI_dspcbsd-plus_3c5d112f7fd5,probe,similar pair,dspcbsd-plus,0.8910170793533325,0.8715477585792542,0.8910170793533325,OI_dspcbsd-plus_a29d78fbd295,OI_dspcbsd-plus_a29d78fbd295,OI_dspcbsd-plus_b58fdb94e478,0.01946932077407837
1,base,OI_dspcbsd-plus_3c6f29099357,probe,similar pair,dspcbsd-plus,0.9136359691619873,0.8481838703155518,0.9136359691619873,OI_dspcbsd-plus_3ba4fc7a7afa,OI_dspcbsd-plus_3ba4fc7a7afa,OI_dspcbsd-plus_bfbde6c42304,0.06545209884643555
1,base,OI_dspcbsd-plus_3d740567b537,control,,dspcbsd-plus,0.7141852974891663,0.7141852974891663,0.533597469329834,OI_dspcbsd-plus_e81eb183706e,OI_dspcbsd-plus_26de261179ff,OI_dspcbsd-plus_26de261179ff,0.0
1,base,OI_dspcbsd-plus_3eb7e261673f,probe,same component,dspcbsd-plus,0.8098376393318176,0.7793707847595215,0.8098376393318176,OI_dspcbsd-plus_245cfc2c89a7,OI_dspcbsd-plus_245cfc2c89a7,OI_dspcbsd-plus_62e7b85e1293,0.030466854572296143
1,base,OI_dspcbsd-plus_3edebf881e8d,probe,same component,dspcbsd-plus,0.871995210647583,0.8022524118423462,0.871995210647583,OI_dspcbsd-plus_bcedffdf5c91,OI_dspcbsd-plus_bcedffdf5c91,OI_dspcbsd-plus_4c01badd52a4,0.06974279880523682
1,base,OI_dspcbsd-plus_3f24951fcfb8,probe,similar pair,dspcbsd-plus,0.8996690511703491,0.8989414572715759,0.8996690511703491,OI_dspcbsd-plus_a29d78fbd295,OI_dspcbsd-plus_a29d78fbd295,OI_dspcbsd-plus_c6314b947a0c,0.0007275938987731934
1,base,OI_dspcbsd-plus_40b98edd579e,probe,similar pair,dspcbsd-plus,0.9319407939910889,0.7426931858062744,0.9319407939910889,OI_dspcbsd-plus_4c90c9d061aa,OI_dspcbsd-plus_4c90c9d061aa,OI_dspcbsd-plus_daaf28d6962b,0.18924760818481445
1,base,OI_dspcbsd-plus_40f96a086555,probe,same component,dspcbsd-plus,0.8069522380828857,0.6844468712806702,0.8069522380828857,OI_dspcbsd-plus_e2692329fa2c,OI_dspcbsd-plus_e2692329fa2c,OI_dspcbsd-plus_d289e9e4b9ce,0.12250536680221558
1,base,OI_dspcbsd-plus_4141aa41900c,control,,dspcbsd-plus,0.89756178855896,0.89756178855896,0.8706731796264648,OI_dspcbsd-plus_41006b5135f0,OI_pcb-ind_1c6ff0d04057,OI_pcb-ind_1c6ff0d04057,0.0
1,base,OI_dspcbsd-plus_42278c84dbc8,control,,dspcbsd-plus,0.8842666149139404,0.8842666149139404,0.721997857093811,OI_dspcbsd-plus_4bfa310b7d17,OI_dspcbsd-plus_f35b99617600,OI_dspcbsd-plus_f35b99617600,0.0
1,base,OI_dspcbsd-plus_43af320e9c50,control,,dspcbsd-plus,0.8488613963127136,0.7495575547218323,0.8488613963127136,OI_dspcbsd-plus_f9403e4af9a5,OI_dspcbsd-plus_f9403e4af9a5,OI_dspcbsd-plus_2c5dc4d478c1,0.09930384159088135
1,base,OI_dspcbsd-plus_444b515ab6c4,control,,dspcbsd-plus,0.7954527139663696,0.7954527139663696,0.5920333862304688,OI_dspcbsd-plus_9e679587e516,OI_dspcbsd-plus_378494d92ad8,OI_dspcbsd-plus_378494d92ad8,0.0
1,base,OI_dspcbsd-plus_44f6467c4300,control,,dspcbsd-plus,0.7457284927368164,0.7457284927368164,0.6195425391197205,OI_dspcbsd-plus_b5c6855fe517,OI_dspcbsd-plus_4faf4bd0b9b7,OI_dspcbsd-plus_4faf4bd0b9b7,0.0
1,base,OI_dspcbsd-plus_474756b11f13,probe,similar pair,dspcbsd-plus,0.8899132013320923,0.7952565550804138,0.8899132013320923,OI_dspcbsd-plus_2b33ab99a98f,OI_dspcbsd-plus_2b33ab99a98f,OI_dspcbsd-plus_f31d438712a9,0.09465664625167847
1,base,OI_dspcbsd-plus_4756e6a7a0c9,control,,dspcbsd-plus,0.708260715007782,0.708260715007782,0.5246424078941345,OI_dspcbsd-plus_133bb32c41a8,OI_dspcbsd-plus_ef440df82210,OI_dspcbsd-plus_ef440df82210,0.0
1,base,OI_dspcbsd-plus_49245639b2f7,control,,dspcbsd-plus,0.7316422462463379,0.7316422462463379,0.6674189567565918,OI_pcb-ind_0d74dafae4ce,OI_dspcbsd-plus_c9f1ed3c089f,OI_dspcbsd-plus_c9f1ed3c089f,0.0
1,base,OI_dspcbsd-plus_4964214bfa80,control,,dspcbsd-plus,0.7723273038864136,0.7723273038864136,0.6418936252593994,OI_pcb-ind_15321f3247e3,OI_dspcbsd-plus_6d17a50f5c6e,OI_dspcbsd-plus_6d17a50f5c6e,0.0
1,base,OI_dspcbsd-plus_4aa1e4192edb,control,,dspcbsd-plus,0.7732230424880981,0.7732230424880981,0.660811185836792,OI_dspcbsd-plus_010f6b274095,OI_dspcbsd-plus_7066d74523fd,OI_dspcbsd-plus_7066d74523fd,0.0
1,base,OI_dspcbsd-plus_4b319d537fc4,probe,similar pair,dspcbsd-plus,0.9048393964767456,0.8011715412139893,0.9048393964767456,OI_dspcbsd-plus_245cfc2c89a7,OI_dspcbsd-plus_245cfc2c89a7,OI_dspcbsd-plus_b3a56274dd84,0.10366785526275635
1,base,OI_dspcbsd-plus_4c1309ab840c,control,,dspcbsd-plus,0.6451131105422974,0.6451131105422974,0.5706954598426819,OI_dspcbsd-plus_537d500613ab,OI_dspcbsd-plus_06925ca86453,OI_dspcbsd-plus_06925ca86453,0.0
1,base,OI_dspcbsd-plus_4cb795ae146b,probe,similar pair,dspcbsd-plus,0.8838136196136475,0.8627742528915405,0.8838136196136475,OI_dspcbsd-plus_4b28fac5f3b9,OI_dspcbsd-plus_4b28fac5f3b9,OI_dspcbsd-plus_3e0dc6239fab,0.021039366722106934
1,base,OI_dspcbsd-plus_4da5fb7743df,control,,dspcbsd-plus,0.795984148979187,0.795984148979187,0.7337741255760193,OI_dspcbsd-plus_6a79caf94abd,OI_dspcbsd-plus_a2c11f772ee4,OI_dspcbsd-plus_a2c11f772ee4,0.0
1,base,OI_dspcbsd-plus_4de906b98c8f,probe,same component,dspcbsd-plus,0.8703446388244629,0.8408914804458618,0.8703446388244629,OI_dspcbsd-plus_4a302792b10b,OI_dspcbsd-plus_4a302792b10b,OI_dspcbsd-plus_eee67131034f,0.029453158378601074
1,base,OI_dspcbsd-plus_4e532db8b87f,control,,dspcbsd-plus,0.7871040105819702,0.7871040105819702,0.617310106754303,OI_dspcbsd-plus_4b28fac5f3b9,OI_dspcbsd-plus_3441e866b4a7,OI_dspcbsd-plus_3441e866b4a7,0.0
1,base,OI_dspcbsd-plus_52e2a4e2a44e,probe,same component,dspcbsd-plus,0.8843896389007568,0.7784090042114258,0.8843896389007568,OI_dspcbsd-plus_b85b5e071b18,OI_dspcbsd-plus_b85b5e071b18,OI_dspcbsd-plus_3a8cd521323e,0.10598063468933105
1,base,OI_dspcbsd-plus_5426aad63d90,control,,dspcbsd-plus,0.609799861907959,0.609799861907959,0.538838267326355,OI_pcb-ind_edd26b8fbf88,OI_pcb-ind_d9ef3173138e,OI_pcb-ind_d9ef3173138e,0.0
1,base,OI_dspcbsd-plus_57c18a7de779,probe,same component,dspcbsd-plus,0.8705833554267883,0.7915029525756836,0.8705833554267883,OI_dspcbsd-plus_93d5b92757c7,OI_dspcbsd-plus_93d5b92757c7,OI_dspcbsd-plus_1eac320303ac,0.07908040285110474
1,base,OI_dspcbsd-plus_57cb25cbc047,probe,similar pair,dspcbsd-plus,0.8976393938064575,0.8162510395050049,0.8976393938064575,OI_dspcbsd-plus_7be1cc20a1c2,OI_dspcbsd-plus_7be1cc20a1c2,OI_dspcbsd-plus_064612fda073,0.08138835430145264
1,base,OI_dspcbsd-plus_5c2d117e29a2,probe,same component,dspcbsd-plus,0.9252694845199585,0.9148749709129333,0.9252694845199585,OI_dspcbsd-plus_b1f8edef84c4,OI_dspcbsd-plus_b1f8edef84c4,OI_dspcbsd-plus_7a79f9cc946a,0.010394513607025146
1,base,OI_dspcbsd-plus_5d7712fc9d90,probe,similar pair,dspcbsd-plus,0.9234241247177124,0.6740681529045105,0.9234241247177124,OI_dspcbsd-plus_9e679587e516,OI_dspcbsd-plus_9e679587e516,OI_pcb-ind_00ed303e1323,0.2493559718132019
1,base,OI_dspcbsd-plus_5e02b355c148,probe,similar pair,dspcbsd-plus,0.8870176672935486,0.8466601371765137,0.8870176672935486,OI_dspcbsd-plus_07a82f22937e,OI_dspcbsd-plus_07a82f22937e,OI_dspcbsd-plus_62e7b85e1293,0.04035753011703491
1,base,OI_dspcbsd-plus_5f1d779d45e4,control,,dspcbsd-plus,0.7402209043502808,0.7402209043502808,0.6080660820007324,OI_pcb-ind_f9f11c0a5104,OI_pcb-ind_dccbd6ac376b,OI_pcb-ind_dccbd6ac376b,0.0
1,base,OI_dspcbsd-plus_5f8e748f24e4,probe,similar pair,dspcbsd-plus,0.915317952632904,0.7894262075424194,0.915317952632904,OI_dspcbsd-plus_f45929834e71,OI_dspcbsd-plus_f45929834e71,OI_dspcbsd-plus_782dcb5f7456,0.12589174509048462
1,base,OI_dspcbsd-plus_600e0bb4b349,probe,similar pair,dspcbsd-plus,0.941002368927002,0.6850835084915161,0.941002368927002,OI_dspcbsd-plus_03ce98ccc768,OI_dspcbsd-plus_03ce98ccc768,OI_dspcbsd-plus_a530f6559094,0.25591886043548584
1,base,OI_dspcbsd-plus_60fbebee134e,probe,same component,dspcbsd-plus,0.8635205030441284,0.8377413749694824,0.8635205030441284,OI_dspcbsd-plus_215b40390cc7,OI_dspcbsd-plus_215b40390cc7,OI_dspcbsd-plus_2b653ee6b357,0.025779128074645996
1,base,OI_dspcbsd-plus_611909e0970b,control,,dspcbsd-plus,0.9099303483963013,0.9099303483963013,0.8791630268096924,OI_dspcbsd-plus_41006b5135f0,OI_dspcbsd-plus_72cb10287998,OI_dspcbsd-plus_72cb10287998,0.0
1,base,OI_dspcbsd-plus_635e1a76561b,control,,dspcbsd-plus,0.8118983507156372,0.8118983507156372,0.767266571521759,OI_dspcbsd-plus_f8341c445e6a,OI_dspcbsd-plus_012eb8082b2f,OI_dspcbsd-plus_012eb8082b2f,0.0
1,base,OI_dspcbsd-plus_63cb4a1df3b9,control,,dspcbsd-plus,0.8326852321624756,0.7850973606109619,0.8326852321624756,OI_dspcbsd-plus_f4d3095bbcbf,OI_dspcbsd-plus_f4d3095bbcbf,OI_dspcbsd-plus_4c18abb50e7e,0.04758787155151367
1,base,OI_dspcbsd-plus_643f684070a8,control,,dspcbsd-plus,0.8993644714355469,0.8993644714355469,0.8880380392074585,OI_dspcbsd-plus_ca520caede4d,OI_pcb-ind_8c9c5f111e1b,OI_pcb-ind_8c9c5f111e1b,0.0
1,base,OI_dspcbsd-plus_652d08eb716b,control,,dspcbsd-plus,0.7556980848312378,0.7556980848312378,0.7406930327415466,OI_dspcbsd-plus_5c3310761413,OI_dspcbsd-plus_112f4a2285ed,OI_dspcbsd-plus_112f4a2285ed,0.0
1,base,OI_dspcbsd-plus_65b20d0de73c,control,,dspcbsd-plus,0.8074153065681458,0.8074153065681458,0.5911465883255005,OI_dspcbsd-plus_7256a8070201,OI_dspcbsd-plus_bd94a56fe6ce,OI_dspcbsd-plus_bd94a56fe6ce,0.0
1,base,OI_dspcbsd-plus_66c759c1989f,probe,same component,dspcbsd-plus,0.9196507334709167,0.8909323215484619,0.9196507334709167,OI_dspcbsd-plus_6156805e6cd7,OI_dspcbsd-plus_6156805e6cd7,OI_dspcbsd-plus_4c18abb50e7e,0.028718411922454834
1,base,OI_dspcbsd-plus_66ca446697a1,probe,similar pair,dspcbsd-plus,0.9479652643203735,0.920204758644104,0.9479652643203735,OI_dspcbsd-plus_25a62020f985,OI_dspcbsd-plus_25a62020f985,OI_dspcbsd-plus_7a79f9cc946a,0.02776050567626953
1,base,OI_dspcbsd-plus_681a122c656b,control,,dspcbsd-plus,0.6857925653457642,0.6857925653457642,0.632264256477356,OI_dspcbsd-plus_07a82f22937e,OI_dspcbsd-plus_99729846b0ba,OI_dspcbsd-plus_99729846b0ba,0.0
1,base,OI_dspcbsd-plus_68e22ef8c7c4,control,,dspcbsd-plus,0.7017399072647095,0.7017399072647095,0.5931841135025024,OI_pcb-ind_93c5824de1ce,OI_pcb-ind_4c5300c4ad0c,OI_pcb-ind_4c5300c4ad0c,0.0
1,base,OI_dspcbsd-plus_698800c8742b,control,,dspcbsd-plus,0.7938275933265686,0.7938275933265686,0.5591784119606018,OI_dspcbsd-plus_6a79caf94abd,OI_dspcbsd-plus_330d0ccf6d04,OI_dspcbsd-plus_330d0ccf6d04,0.0
1,base,OI_dspcbsd-plus_6cb498e1cc95,probe,similar pair,dspcbsd-plus,0.9596022367477417,0.7295935153961182,0.9596022367477417,OI_dspcbsd-plus_bd77cb67b9cc,OI_dspcbsd-plus_bd77cb67b9cc,OI_dspcbsd-plus_3f3cf612b851,0.23000872135162354
1,base,OI_dspcbsd-plus_71d5c77bc2da,control,,dspcbsd-plus,0.8031744360923767,0.7720732092857361,0.8031744360923767,OI_dspcbsd-plus_4a302792b10b,OI_dspcbsd-plus_4a302792b10b,OI_dspcbsd-plus_a023a02d36af,0.031101226806640625
1,base,OI_dspcbsd-plus_725aa0053db1,control,,dspcbsd-plus,0.7205232381820679,0.7205232381820679,0.6911261081695557,OI_pcb-ind_0d74dafae4ce,OI_dspcbsd-plus_105b04b7cf86,OI_dspcbsd-plus_105b04b7cf86,0.0
1,base,OI_dspcbsd-plus_731eefa5d9df,control,,dspcbsd-plus,0.6581049561500549,0.6581049561500549,0.6176921129226685,OI_dspcbsd-plus_010f6b274095,OI_dspcbsd-plus_d8a9121c8691,OI_dspcbsd-plus_d8a9121c8691,0.0
1,base,OI_dspcbsd-plus_73b554a9f8d2,probe,same component,dspcbsd-plus,0.868678092956543,0.868678092956543,0.8299927711486816,OI_dspcbsd-plus_1b40682709ce,OI_dspcbsd-plus_03e1266b621b,OI_dspcbsd-plus_03e1266b621b,0.0
1,base,OI_dspcbsd-plus_7835054d52c6,control,,dspcbsd-plus,0.799679696559906,0.799679696559906,0.6457638740539551,OI_dspcbsd-plus_4b28fac5f3b9,OI_dspcbsd-plus_fd0e91e3584c,OI_dspcbsd-plus_fd0e91e3584c,0.0
1,base,OI_dspcbsd-plus_794731f2493f,probe,similar pair,dspcbsd-plus,0.8744869232177734,0.8307528495788574,0.8744869232177734,OI_dspcbsd-plus_ab25c96abd6e,OI_dspcbsd-plus_ab25c96abd6e,OI_dspcbsd-plus_bacd34567193,0.043734073638916016
1,base,OI_dspcbsd-plus_7a70f7d5f018,probe,similar pair,dspcbsd-plus,0.8965920209884644,0.8820714950561523,0.8965920209884644,OI_dspcbsd-plus_b5c6855fe517,OI_dspcbsd-plus_b5c6855fe517,OI_dspcbsd-plus_dfade66271d5,0.014520525932312012
1,base,OI_dspcbsd-plus_7c41fb1c296a,control,,dspcbsd-plus,0.6879562139511108,0.6879562139511108,0.5422163009643555,OI_pcb-ind_c3d0491f5f75,OI_pcb-ind_71235fcee911,OI_pcb-ind_71235fcee911,0.0
1,base,OI_dspcbsd-plus_7ef8c1b54634,probe,same component,dspcbsd-plus,0.9235876798629761,0.9079542756080627,0.9235876798629761,OI_dspcbsd-plus_b1f8edef84c4,OI_dspcbsd-plus_b1f8edef84c4,OI_dspcbsd-plus_7a79f9cc946a,0.01563340425491333
1,base,OI_dspcbsd-plus_7f25fc788332,probe,similar pair,dspcbsd-plus,0.9331276416778564,0.8601953387260437,0.9331276416778564,OI_dspcbsd-plus_85474c3f47d4,OI_dspcbsd-plus_85474c3f47d4,OI_pcb-ind_c5774516f2b5,0.07293230295181274
1,base,OI_dspcbsd-plus_806a63b1980f,probe,similar pair,dspcbsd-plus,0.9311984777450562,0.8395110368728638,0.9311984777450562,OI_dspcbsd-plus_56b026c4c387,OI_dspcbsd-plus_56b026c4c387,OI_dspcbsd-plus_06c8a179017d,0.09168744087219238
1,base,OI_dspcbsd-plus_80ad6d0abd21,control,,dspcbsd-plus,0.7330154180526733,0.7330154180526733,0.6141560077667236,OI_dspcbsd-plus_bcedffdf5c91,OI_dspcbsd-plus_a51a197a8bfc,OI_dspcbsd-plus_a51a197a8bfc,0.0
1,base,OI_dspcbsd-plus_82988810bf54,control,,dspcbsd-plus,0.8772455453872681,0.8811184167861938,0.8218631744384766,OI_dspcbsd-plus_41006b5135f0,OI_dspcbsd-plus_38ed13c40804,OI_dspcbsd-plus_a2f9dc8bf3c4,-0.0038728713989257812
1,base,OI_dspcbsd-plus_8baaaa395d40,probe,similar pair,dspcbsd-plus,0.947138786315918,0.7962658405303955,0.947138786315918,OI_dspcbsd-plus_e73dd5fbf6f2,OI_dspcbsd-plus_e73dd5fbf6f2,OI_dspcbsd-plus_76bce86712ed,0.15087294578552246
1,base,OI_dspcbsd-plus_8ec63981d503,probe,similar pair,dspcbsd-plus,0.9495900869369507,0.8567522764205933,0.9495900869369507,OI_dspcbsd-plus_f44a00eaa665,OI_dspcbsd-plus_f44a00eaa665,OI_dspcbsd-plus_0849bb222278,0.09283781051635742
1,base,OI_dspcbsd-plus_8ec7736ccb84,probe,similar pair,dspcbsd-plus,0.9177396893501282,0.7895609736442566,0.9177396893501282,OI_dspcbsd-plus_245cfc2c89a7,OI_dspcbsd-plus_245cfc2c89a7,OI_dspcbsd-plus_782dcb5f7456,0.12817871570587158
1,base,OI_dspcbsd-plus_8f382521c379,control,,dspcbsd-plus,0.8807175159454346,0.8885926604270935,0.8618525266647339,OI_pcb-ind_0d55db8f1ca1,OI_dspcbsd-plus_689736202c17,OI_dspcbsd-plus_47be19a4ede0,-0.007875144481658936
1,base,OI_dspcbsd-plus_8fbfaabaaf62,probe,similar pair,dspcbsd-plus,0.8758556842803955,0.8175297379493713,0.8758556842803955,OI_dspcbsd-plus_e52170558078,OI_dspcbsd-plus_e52170558078,OI_dspcbsd-plus_782dcb5f7456,0.05832594633102417
1,base,OI_dspcbsd-plus_8ff3a34cbeb5,control,,dspcbsd-plus,0.8599244952201843,0.8599244952201843,0.7715448141098022,OI_pcb-ind_47f1e6e7dc27,OI_dspcbsd-plus_d5375ff1bd3b,OI_dspcbsd-plus_d5375ff1bd3b,0.0
1,base,OI_dspcbsd-plus_952191be0b91,control,,dspcbsd-plus,0.8231219053268433,0.8231219053268433,0.5429635643959045,OI_dspcbsd-plus_e75f1121caf0,OI_dspcbsd-plus_31a475b7f3a6,OI_dspcbsd-plus_31a475b7f3a6,0.0
1,base,OI_dspcbsd-plus_96dde8a944d1,probe,similar pair,dspcbsd-plus,0.8674794435501099,0.6565330028533936,0.8674794435501099,OI_dspcbsd-plus_22641973d7e7,OI_dspcbsd-plus_22641973d7e7,OI_dspcbsd-plus_0e9ccb40cd55,0.2109464406967163
1,base,OI_dspcbsd-plus_98767ef1bcb0,probe,similar pair,dspcbsd-plus,0.9129315614700317,0.6934586763381958,0.9129315614700317,OI_dspcbsd-plus_fd51e5ebd339,OI_dspcbsd-plus_fd51e5ebd339,OI_dspcbsd-plus_50b154410c4a,0.21947288513183594
1,base,OI_dspcbsd-plus_989ff4cf7601,control,,dspcbsd-plus,0.6805970668792725,0.6805970668792725,0.6763210296630859,OI_pcb-ind_d62b792cb663,OI_dspcbsd-plus_6088faaa36be,OI_dspcbsd-plus_6088faaa36be,0.0
1,base,OI_dspcbsd-plus_9b1d4a40fe5b,control,,dspcbsd-plus,0.853836715221405,0.853836715221405,0.7620709538459778,OI_pcb-ind_15321f3247e3,OI_dspcbsd-plus_a16cbf96de39,OI_dspcbsd-plus_a16cbf96de39,0.0
1,base,OI_dspcbsd-plus_9ba529913caf,probe,same component,dspcbsd-plus,0.9187681078910828,0.8376001119613647,0.9187681078910828,OI_dspcbsd-plus_a1c516500ff7,OI_dspcbsd-plus_a1c516500ff7,OI_dspcbsd-plus_4c18abb50e7e,0.08116799592971802
1,base,OI_dspcbsd-plus_a022f21892ab,probe,similar pair,dspcbsd-plus,0.7827146053314209,0.7827146053314209,0.7646113634109497,OI_dspcbsd-plus_f30edac9fa8b,OI_dspcbsd-plus_163bef46044d,OI_dspcbsd-plus_163bef46044d,0.0
1,base,OI_dspcbsd-plus_a1d9bdad5249,probe,similar pair,dspcbsd-plus,0.8895320892333984,0.8435770273208618,0.8895320892333984,OI_dspcbsd-plus_245cfc2c89a7,OI_dspcbsd-plus_245cfc2c89a7,OI_dspcbsd-plus_b3a56274dd84,0.04595506191253662
1,base,OI_dspcbsd-plus_a447cf91b72f,probe,similar pair,dspcbsd-plus,0.9138543605804443,0.8136928081512451,0.9138543605804443,OI_dspcbsd-plus_245cfc2c89a7,OI_dspcbsd-plus_245cfc2c89a7,OI_dspcbsd-plus_ca2ed5162b07,0.10016155242919922
1,base,OI_dspcbsd-plus_a757533c00ad,probe,same component,dspcbsd-plus,0.838188648223877,0.7828340530395508,0.838188648223877,OI_dspcbsd-plus_8e37652fb174,OI_dspcbsd-plus_8e37652fb174,OI_dspcbsd-plus_1eac320303ac,0.05535459518432617
1,base,OI_dspcbsd-plus_aa39efc54180,control,,dspcbsd-plus,0.8157124519348145,0.8157124519348145,0.7258648872375488,OI_dspcbsd-plus_41006b5135f0,OI_dspcbsd-plus_5a33cae3cef4,OI_dspcbsd-plus_5a33cae3cef4,0.0
1,base,OI_dspcbsd-plus_aab8b8266436,probe,similar pair,dspcbsd-plus,0.9198985695838928,0.8008637428283691,0.9198985695838928,OI_dspcbsd-plus_af42cb7e1bcf,OI_dspcbsd-plus_af42cb7e1bcf,OI_dspcbsd-plus_49bfd6243861,0.11903482675552368
1,base,OI_dspcbsd-plus_ada9681a1291,control,,dspcbsd-plus,0.6745815277099609,0.6745815277099609,0.5588611364364624,OI_dspcbsd-plus_473562ea17a3,OI_pcb-ind_37da8be901b3,OI_pcb-ind_37da8be901b3,0.0
1,base,OI_dspcbsd-plus_aecaafe6ea19,probe,same component,dspcbsd-plus,0.8689627647399902,0.8584156036376953,0.8689627647399902,OI_dspcbsd-plus_c5c737f691f6,OI_dspcbsd-plus_c5c737f691f6,OI_dspcbsd-plus_b3a56274dd84,0.010547161102294922
1,base,OI_dspcbsd-plus_b1ac34705311,control,,dspcbsd-plus,0.8985271453857422,0.8985271453857422,0.8728013634681702,OI_dspcbsd-plus_41006b5135f0,OI_dspcbsd-plus_966b45827d3d,OI_dspcbsd-plus_966b45827d3d,0.0
1,base,OI_dspcbsd-plus_b5ad5aaf0418,control,,dspcbsd-plus,0.6857843995094299,0.6857843995094299,0.547088623046875,OI_dspcbsd-plus_4b28fac5f3b9,OI_dspcbsd-plus_69f41d04a600,OI_dspcbsd-plus_69f41d04a600,0.0
1,base,OI_dspcbsd-plus_b8128481d59d,control,,dspcbsd-plus,0.9471046924591064,0.9471046924591064,0.9413230419158936,OI_dspcbsd-plus_86d6904064a2,OI_dspcbsd-plus_689736202c17,OI_dspcbsd-plus_689736202c17,0.0
1,base,OI_dspcbsd-plus_b9f622bd3342,control,,dspcbsd-plus,0.8663997650146484,0.8663997650146484,0.736345648765564,OI_pcb-ind_6b671757e975,OI_dspcbsd-plus_2eee2d5b87c5,OI_dspcbsd-plus_2eee2d5b87c5,0.0
1,base,OI_dspcbsd-plus_bb3e349132f6,probe,same component,dspcbsd-plus,0.7594391107559204,0.7394082546234131,0.7594391107559204,OI_dspcbsd-plus_010f6b274095,OI_dspcbsd-plus_010f6b274095,OI_dspcbsd-plus_9bf637b56bb3,0.020030856132507324
1,base,OI_dspcbsd-plus_bbef178a1791,probe,similar pair,dspcbsd-plus,0.913211464881897,0.8429785966873169,0.913211464881897,OI_dspcbsd-plus_5c3310761413,OI_dspcbsd-plus_5c3310761413,OI_pcb-ind_764a0654181a,0.07023286819458008
1,base,OI_dspcbsd-plus_be2c9a110964,probe,similar pair,dspcbsd-plus,0.8938332200050354,0.8018620610237122,0.8938332200050354,OI_dspcbsd-plus_07a82f22937e,OI_dspcbsd-plus_07a82f22937e,OI_dspcbsd-plus_672897d05b3b,0.09197115898132324
1,base,OI_dspcbsd-plus_be53774132fc,control,,dspcbsd-plus,0.846038818359375,0.8235791325569153,0.846038818359375,OI_dspcbsd-plus_521d384b1334,OI_dspcbsd-plus_521d384b1334,OI_dspcbsd-plus_0fd823805317,0.022459685802459717
1,base,OI_dspcbsd-plus_c0aa929d9d69,control,,dspcbsd-plus,0.7295506596565247,0.7295506596565247,0.7099759578704834,OI_pcb-ind_d62b792cb663,OI_dspcbsd-plus_6088faaa36be,OI_dspcbsd-plus_6088faaa36be,0.0
1,base,OI_dspcbsd-plus_c337c8075a00,probe,similar pair,dspcbsd-plus,0.9070068597793579,0.8707228302955627,0.9070068597793579,OI_dspcbsd-plus_98dd22b6ed69,OI_dspcbsd-plus_98dd22b6ed69,OI_dspcbsd-plus_7a870ba1fb49,0.036284029483795166
1,base,OI_dspcbsd-plus_c338575b2b36,control,,dspcbsd-plus,0.8304712772369385,0.8304712772369385,0.7498024702072144,OI_dspcbsd-plus_ca520caede4d,OI_dspcbsd-plus_cf553f257b9e,OI_dspcbsd-plus_cf553f257b9e,0.0
1,base,OI_dspcbsd-plus_c481c80a1022,probe,similar pair,dspcbsd-plus,0.8655227422714233,0.6707644462585449,0.8655227422714233,OI_dspcbsd-plus_133bb32c41a8,OI_dspcbsd-plus_133bb32c41a8,OI_dspcbsd-plus_7910b0acb492,0.19475829601287842
1,base,OI_dspcbsd-plus_cc18a59105fb,probe,similar pair,dspcbsd-plus,0.909963846206665,0.8652429580688477,0.909963846206665,OI_dspcbsd-plus_42f2e2ccb3b1,OI_dspcbsd-plus_42f2e2ccb3b1,OI_dspcbsd-plus_7a79f9cc946a,0.04472088813781738
1,base,OI_dspcbsd-plus_ceccb2174cb4,probe,same component,dspcbsd-plus,0.909172534942627,0.909172534942627,0.9090961217880249,OI_dspcbsd-plus_d66fb9e98b43,OI_dspcbsd-plus_7a79f9cc946a,OI_dspcbsd-plus_7a79f9cc946a,0.0
1,base,OI_dspcbsd-plus_cf4c5efef869,control,,dspcbsd-plus,0.8447360992431641,0.8447360992431641,0.7534298300743103,OI_pcb-ind_39c9f3b56bb3,OI_dspcbsd-plus_0a379822adc8,OI_dspcbsd-plus_0a379822adc8,0.0
1,base,OI_dspcbsd-plus_d37582a8986f,control,,dspcbsd-plus,0.7358109354972839,0.7358109354972839,0.6297405958175659,OI_dspcbsd-plus_bd77cb67b9cc,OI_dspcbsd-plus_7a4bff19d15f,OI_dspcbsd-plus_7a4bff19d15f,0.0
1,base,OI_dspcbsd-plus_d39579f4f800,control,,dspcbsd-plus,0.8439599275588989,0.8439599275588989,0.720396876335144,OI_dspcbsd-plus_07a82f22937e,OI_dspcbsd-plus_b6aaf785fb8d,OI_dspcbsd-plus_b6aaf785fb8d,0.0
1,base,OI_dspcbsd-plus_d53dfbb7813d,probe,same component,dspcbsd-plus,0.8853942155838013,0.8845356702804565,0.8853942155838013,OI_dspcbsd-plus_42f2e2ccb3b1,OI_dspcbsd-plus_42f2e2ccb3b1,OI_dspcbsd-plus_7a79f9cc946a,0.0008585453033447266
1,base,OI_dspcbsd-plus_d543a2eb0d69,control,,dspcbsd-plus,0.8511768579483032,0.8511768579483032,0.7275596857070923,OI_dspcbsd-plus_ffff273bd969,OI_dspcbsd-plus_927f9aab860d,OI_dspcbsd-plus_927f9aab860d,0.0
1,base,OI_dspcbsd-plus_d587977a15b4,control,,dspcbsd-plus,0.7759226560592651,0.7759226560592651,0.6212077140808105,OI_dspcbsd-plus_010f6b274095,OI_dspcbsd-plus_8dafdfef7cef,OI_dspcbsd-plus_8dafdfef7cef,0.0
1,base,OI_dspcbsd-plus_da2d103ec487,control,,dspcbsd-plus,0.848084568977356,0.848084568977356,0.7968885898590088,OI_dspcbsd-plus_41006b5135f0,OI_dspcbsd-plus_b69f50b43eee,OI_dspcbsd-plus_b69f50b43eee,0.0
1,base,OI_dspcbsd-plus_db7e5c63a05c,control,,dspcbsd-plus,0.8713439702987671,0.8713439702987671,0.7740597724914551,OI_dspcbsd-plus_41006b5135f0,OI_dspcbsd-plus_74af9d28d2a7,OI_dspcbsd-plus_74af9d28d2a7,0.0
1,base,OI_dspcbsd-plus_dc00d4ec33cc,probe,same component,dspcbsd-plus,0.7882305979728699,0.7224782705307007,0.7882305979728699,OI_dspcbsd-plus_e8f7cbc14a71,OI_dspcbsd-plus_e8f7cbc14a71,OI_pcb-ind_57a45ff56d34,0.06575232744216919
1,base,OI_dspcbsd-plus_dd916c34392b,control,,dspcbsd-plus,0.7749625444412231,0.7749625444412231,0.7578318119049072,OI_dspcbsd-plus_133bb32c41a8,OI_dspcbsd-plus_09eee908887a,OI_dspcbsd-plus_09eee908887a,0.0
1,base,OI_dspcbsd-plus_dda48a6f621d,probe,similar pair,dspcbsd-plus,0.9396772384643555,0.8398774862289429,0.9396772384643555,OI_dspcbsd-plus_7256a8070201,OI_dspcbsd-plus_7256a8070201,OI_dspcbsd-plus_681268d3c934,0.0997997522354126
1,base,OI_dspcbsd-plus_de38b28bfccc,probe,same component,dspcbsd-plus,0.8997359275817871,0.8659172058105469,0.8997359275817871,OI_dspcbsd-plus_215b40390cc7,OI_dspcbsd-plus_215b40390cc7,OI_dspcbsd-plus_7a870ba1fb49,0.033818721771240234
1,base,OI_dspcbsd-plus_de4c667daf05,control,,dspcbsd-plus,0.8046612739562988,0.8046612739562988,0.5782246589660645,OI_dspcbsd-plus_ab25c96abd6e,OI_dspcbsd-plus_54e953e34837,OI_dspcbsd-plus_54e953e34837,0.0
1,base,OI_dspcbsd-plus_deda38b4f276,probe,similar pair,dspcbsd-plus,0.9327547550201416,0.6874542236328125,0.9327547550201416,OI_dspcbsd-plus_dfb5eb53fcf7,OI_dspcbsd-plus_dfb5eb53fcf7,OI_dspcbsd-plus_462fd96a7ad4,0.2453005313873291
1,base,OI_dspcbsd-plus_dfd13bb63fef,control,,dspcbsd-plus,0.7880337834358215,0.7880337834358215,0.4634374976158142,OI_dspcbsd-plus_9f641e675df7,OI_dspcbsd-plus_4b210717e689,OI_dspcbsd-plus_4b210717e689,0.0
1,base,OI_dspcbsd-plus_e1383b26aec0,control,,dspcbsd-plus,0.8212032318115234,0.8212032318115234,0.6632966995239258,OI_dspcbsd-plus_ed3013de37bc,OI_dspcbsd-plus_f01aa5132d28,OI_dspcbsd-plus_f01aa5132d28,0.0
1,base,OI_dspcbsd-plus_e20fe4cb862d,control,,dspcbsd-plus,0.8083689212799072,0.8083689212799072,0.6457322239875793,OI_pcb-ind_96807debdcd4,OI_dspcbsd-plus_df7a904514ef,OI_dspcbsd-plus_df7a904514ef,0.0
1,base,OI_dspcbsd-plus_e394ad739329,control,,dspcbsd-plus,0.747576892375946,0.7611128091812134,0.6789849996566772,OI_pcb-ind_15321f3247e3,OI_pcb-ind_bba579ad8d78,OI_pcb-ind_787c7b75bde6,-0.013535916805267334
1,base,OI_dspcbsd-plus_e614cd8be7b6,control,,dspcbsd-plus,0.9107893109321594,0.9107893109321594,0.8457341194152832,OI_dspcbsd-plus_f44a00eaa665,OI_dspcbsd-plus_0e79a085093c,OI_dspcbsd-plus_0e79a085093c,0.0
1,base,OI_dspcbsd-plus_e7731d089460,control,,dspcbsd-plus,0.8704853057861328,0.8798339366912842,0.8361080288887024,OI_pcb-ind_47f1e6e7dc27,OI_pcb-ind_8e17c372c56f,OI_dspcbsd-plus_47be19a4ede0,-0.009348630905151367
1,base,OI_dspcbsd-plus_e7ac24419352,probe,same component,dspcbsd-plus,0.8865877985954285,0.847992479801178,0.8865877985954285,OI_dspcbsd-plus_25a62020f985,OI_dspcbsd-plus_25a62020f985,OI_dspcbsd-plus_7a79f9cc946a,0.03859531879425049
1,base,OI_dspcbsd-plus_ebfe7b219d09,control,,dspcbsd-plus,0.7597342133522034,0.7597342133522034,0.7124173641204834,OI_dspcbsd-plus_5c3310761413,OI_dspcbsd-plus_112f4a2285ed,OI_dspcbsd-plus_112f4a2285ed,0.0
1,base,OI_dspcbsd-plus_edde3f8b9b7e,probe,similar pair,dspcbsd-plus,0.9827826023101807,0.7650588750839233,0.9827826023101807,OI_dspcbsd-plus_ffff273bd969,OI_dspcbsd-plus_ffff273bd969,OI_dspcbsd-plus_e1c348e59799,0.21772372722625732
1,base,OI_dspcbsd-plus_ee30ea6a6339,probe,similar pair,dspcbsd-plus,0.924362301826477,0.8379252552986145,0.924362301826477,OI_dspcbsd-plus_e52170558078,OI_dspcbsd-plus_e52170558078,OI_dspcbsd-plus_b821e27ea27b,0.08643704652786255
1,base,OI_dspcbsd-plus_ef371e74f135,control,,dspcbsd-plus,0.7923016548156738,0.7923016548156738,0.7456223964691162,OI_dspcbsd-plus_d9aa4e54ad55,OI_dspcbsd-plus_7b1ece85abba,OI_dspcbsd-plus_7b1ece85abba,0.0
1,base,OI_dspcbsd-plus_f09709074a90,control,,dspcbsd-plus,0.7087224721908569,0.7087224721908569,0.5700430274009705,OI_pcb-ind_f9f11c0a5104,OI_pcb-ind_bd341053ec33,OI_pcb-ind_bd341053ec33,0.0
1,base,OI_dspcbsd-plus_f3d2a48f7e43,control,,dspcbsd-plus,0.8024206161499023,0.8024206161499023,0.6831279397010803,OI_dspcbsd-plus_0e9fe58190c2,OI_dspcbsd-plus_7053b899dfcf,OI_dspcbsd-plus_7053b899dfcf,0.0
1,base,OI_dspcbsd-plus_f4fe64ae650d,probe,similar pair,dspcbsd-plus,0.9140650033950806,0.902762234210968,0.9140650033950806,OI_dspcbsd-plus_42f2e2ccb3b1,OI_dspcbsd-plus_42f2e2ccb3b1,OI_dspcbsd-plus_7a79f9cc946a,0.011302769184112549
1,base,OI_dspcbsd-plus_f5187fcc140e,probe,similar pair,dspcbsd-plus,0.9253072738647461,0.7630488872528076,0.9253072738647461,OI_dspcbsd-plus_e81eb183706e,OI_dspcbsd-plus_e81eb183706e,OI_dspcbsd-plus_03e1266b621b,0.16225838661193848
1,base,OI_dspcbsd-plus_f6c2decee548,control,,dspcbsd-plus,0.7186293601989746,0.7186293601989746,0.646166205406189,OI_pcb-ind_afa7659dd1f9,OI_pcb-ind_4bede3e15b8f,OI_pcb-ind_4bede3e15b8f,0.0
1,base,OI_dspcbsd-plus_f73ef6b81fda,control,,dspcbsd-plus,0.7060943841934204,0.7060943841934204,0.5884877443313599,OI_pcb-ind_edd26b8fbf88,OI_dspcbsd-plus_919ca0b8dc84,OI_dspcbsd-plus_919ca0b8dc84,0.0
1,base,OI_dspcbsd-plus_f7e22be66f4d,probe,same component,dspcbsd-plus,0.8500044345855713,0.6834583282470703,0.8500044345855713,OI_dspcbsd-plus_e75f1121caf0,OI_dspcbsd-plus_e75f1121caf0,OI_dspcbsd-plus_a530f6559094,0.16654610633850098
1,base,OI_dspcbsd-plus_f7fa401df228,probe,similar pair,dspcbsd-plus,0.9359971284866333,0.7864795327186584,0.9359971284866333,OI_dspcbsd-plus_6a79caf94abd,OI_dspcbsd-plus_6a79caf94abd,OI_dspcbsd-plus_9c049a5126c8,0.14951759576797485
1,base,OI_dspcbsd-plus_f8fb574866eb,control,,dspcbsd-plus,0.696470320224762,0.696470320224762,0.5948399305343628,OI_dspcbsd-plus_bd77cb67b9cc,OI_dspcbsd-plus_f1d6900124c2,OI_dspcbsd-plus_f1d6900124c2,0.0
1,base,OI_dspcbsd-plus_ff9708cee904,probe,same component,dspcbsd-plus,0.9162325263023376,0.8677903413772583,0.9162325263023376,OI_dspcbsd-plus_ec7d48a3c36d,OI_dspcbsd-plus_ec7d48a3c36d,OI_dspcbsd-plus_7a79f9cc946a,0.048442184925079346
1,base,OI_pcb-defect_037a6c5a88c0,control,,pcb-defect,0.951226532459259,0.951226532459259,0.9432036876678467,OI_pcb-defect_2e6d3e686e03,OI_pcb-defect_1cb90d5aee16,OI_pcb-defect_1cb90d5aee16,0.0
1,base,OI_pcb-defect_075ac19b0299,probe,crop sibling,pcb-defect,0.9999997615814209,0.9564669132232666,0.9999997615814209,OI_pcb-defect_3f77134145ed,OI_pcb-defect_3f77134145ed,OI_pcb-defect_3a5ccf071233,0.0435328483581543
1,base,OI_pcb-defect_08d6daf092dc,probe,crop sibling,pcb-defect,1.0,0.9516125917434692,1.0,OI_pcb-defect_1e295719c544,OI_pcb-defect_1e295719c544,OI_pcb-defect_138772afe1bd,0.04838740825653076
1,base,OI_pcb-defect_0ab8220b2561,control,,pcb-defect,0.9484330415725708,0.9484330415725708,0.9450638890266418,OI_pcb-defect_9a495444d514,OI_pcb-defect_574e6ac74c92,OI_pcb-defect_574e6ac74c92,0.0
1,base,OI_pcb-defect_10df1c72bffd,probe,crop sibling,pcb-defect,0.9999994039535522,0.9562142491340637,0.9999994039535522,OI_pcb-defect_1e97e020edd9,OI_pcb-defect_1e97e020edd9,OI_pcb-defect_0677c837a90b,0.043785154819488525
1,base,OI_pcb-defect_131a637c140e,control,,pcb-defect,0.9245741367340088,0.9245741367340088,0.9062730073928833,OI_pcb-defect_0362aeae2db7,OI_pcb-defect_61d69fe0eda8,OI_pcb-defect_61d69fe0eda8,0.0
1,base,OI_pcb-defect_157fb4b54395,probe,crop sibling,pcb-defect,0.9999998807907104,0.9486092329025269,0.9999998807907104,OI_pcb-defect_9f061c914d36,OI_pcb-defect_9f061c914d36,OI_pcb-defect_5dce1a8f1617,0.051390647888183594
1,base,OI_pcb-defect_1a75dbbd5fd3,probe,crop sibling,pcb-defect,0.9999994039535522,0.9562142491340637,0.9999994039535522,OI_pcb-defect_1e97e020edd9,OI_pcb-defect_1e97e020edd9,OI_pcb-defect_0677c837a90b,0.043785154819488525
1,base,OI_pcb-defect_262b441de501,control,,pcb-defect,0.9596706628799438,0.9596706628799438,0.9515034556388855,OI_pcb-defect_3f77134145ed,OI_pcb-defect_3a5ccf071233,OI_pcb-defect_3a5ccf071233,0.0
1,base,OI_pcb-defect_29e7eaf5b889,probe,crop sibling,pcb-defect,1.0,0.9516125917434692,1.0,OI_pcb-defect_1e295719c544,OI_pcb-defect_1e295719c544,OI_pcb-defect_138772afe1bd,0.04838740825653076
1,base,OI_pcb-defect_2d7dfd4da9ba,probe,crop sibling,pcb-defect,1.0,0.9511983394622803,1.0,OI_pcb-defect_9a495444d514,OI_pcb-defect_9a495444d514,OI_pcb-defect_51a740d7e7ac,0.04880166053771973
1,base,OI_pcb-defect_2eb168684bdd,probe,crop sibling,pcb-defect,1.0,0.9516125917434692,1.0,OI_pcb-defect_1e295719c544,OI_pcb-defect_1e295719c544,OI_pcb-defect_138772afe1bd,0.04838740825653076
1,base,OI_pcb-defect_2fb2336b03c7,control,,pcb-defect,0.9449827671051025,0.9449827671051025,0.9295875430107117,OI_pcb-defect_9a495444d514,OI_pcb-defect_5292a09b6a80,OI_pcb-defect_5292a09b6a80,0.0
1,base,OI_pcb-defect_36db30c1bbeb,control,,pcb-defect,0.9449827671051025,0.9449827671051025,0.9295875430107117,OI_pcb-defect_9a495444d514,OI_pcb-defect_5292a09b6a80,OI_pcb-defect_5292a09b6a80,0.0
1,base,OI_pcb-defect_3f2c1d6626b3,control,,pcb-defect,0.8974435329437256,0.8974435329437256,0.8764153718948364,OI_pcb-defect_1e97e020edd9,OI_pcb-defect_032d7e6577a6,OI_pcb-defect_032d7e6577a6,0.0
1,base,OI_pcb-defect_46a9f53f0700,probe,crop sibling,pcb-defect,1.0000003576278687,0.9661349654197693,1.0000003576278687,OI_pcb-defect_2e6d3e686e03,OI_pcb-defect_2e6d3e686e03,OI_pcb-defect_3a5ccf071233,0.033865392208099365
1,base,OI_pcb-defect_4af03c9a751e,control,,pcb-defect,0.95026695728302,0.95026695728302,0.944527268409729,OI_pcb-defect_1e97e020edd9,OI_pcb-defect_606c02aa3451,OI_pcb-defect_606c02aa3451,0.0
1,base,OI_pcb-defect_4b98cea2c1df,control,,pcb-defect,0.9449827671051025,0.9449827671051025,0.9295875430107117,OI_pcb-defect_9a495444d514,OI_pcb-defect_5292a09b6a80,OI_pcb-defect_5292a09b6a80,0.0
1,base,OI_pcb-defect_5442548a8da2,control,,pcb-defect,0.951226532459259,0.951226532459259,0.9432036876678467,OI_pcb-defect_2e6d3e686e03,OI_pcb-defect_1cb90d5aee16,OI_pcb-defect_1cb90d5aee16,0.0
1,base,OI_pcb-defect_55349e68e55c,probe,crop sibling,pcb-defect,0.9999997615814209,0.9564669132232666,0.9999997615814209,OI_pcb-defect_3f77134145ed,OI_pcb-defect_3f77134145ed,OI_pcb-defect_3a5ccf071233,0.0435328483581543
1,base,OI_pcb-defect_56ab66e6743f,probe,crop sibling,pcb-defect,1.0,0.9511983394622803,1.0,OI_pcb-defect_9a495444d514,OI_pcb-defect_9a495444d514,OI_pcb-defect_51a740d7e7ac,0.04880166053771973
1,base,OI_pcb-defect_6070a22b23a9,control,,pcb-defect,0.9245741367340088,0.9245741367340088,0.9062730073928833,OI_pcb-defect_0362aeae2db7,OI_pcb-defect_61d69fe0eda8,OI_pcb-defect_61d69fe0eda8,0.0
1,base,OI_pcb-defect_60f112c4adea,control,,pcb-defect,0.9566231966018677,0.9566231966018677,0.9539790749549866,OI_pcb-defect_2e6d3e686e03,OI_pcb-defect_1cb90d5aee16,OI_pcb-defect_1cb90d5aee16,0.0
1,base,OI_pcb-defect_661504452187,control,,pcb-defect,0.9415087699890137,0.9415087699890137,0.9173136949539185,OI_pcb-defect_9a495444d514,OI_pcb-defect_574e6ac74c92,OI_pcb-defect_574e6ac74c92,0.0
1,base,OI_pcb-defect_6c2287d5af28,control,,pcb-defect,0.8974435329437256,0.8974435329437256,0.8764153718948364,OI_pcb-defect_1e97e020edd9,OI_pcb-defect_032d7e6577a6,OI_pcb-defect_032d7e6577a6,0.0
1,base,OI_pcb-defect_6e7b4ba91ffb,control,,pcb-defect,0.9596706628799438,0.9596706628799438,0.9515034556388855,OI_pcb-defect_3f77134145ed,OI_pcb-defect_3a5ccf071233,OI_pcb-defect_3a5ccf071233,0.0
1,base,OI_pcb-defect_6f1dcb3615a0,probe,crop sibling,pcb-defect,1.0000003576278687,0.9648503065109253,1.0000003576278687,OI_pcb-defect_d8df6c8c6a35,OI_pcb-defect_d8df6c8c6a35,OI_pcb-defect_0892d5bd550b,0.03515005111694336
1,base,OI_pcb-defect_7339d2a40d51,control,,pcb-defect,0.9566231966018677,0.9566231966018677,0.9539790749549866,OI_pcb-defect_2e6d3e686e03,OI_pcb-defect_1cb90d5aee16,OI_pcb-defect_1cb90d5aee16,0.0
1,base,OI_pcb-defect_793d3c139aba,control,,pcb-defect,0.95026695728302,0.95026695728302,0.944527268409729,OI_pcb-defect_1e97e020edd9,OI_pcb-defect_606c02aa3451,OI_pcb-defect_606c02aa3451,0.0
1,base,OI_pcb-defect_7acfa3a9d349,control,,pcb-defect,0.9484330415725708,0.9484330415725708,0.9450638890266418,OI_pcb-defect_9a495444d514,OI_pcb-defect_574e6ac74c92,OI_pcb-defect_574e6ac74c92,0.0
1,base,OI_pcb-defect_7b86f207586d,probe,crop sibling,pcb-defect,0.9999997615814209,0.9564669132232666,0.9999997615814209,OI_pcb-defect_3f77134145ed,OI_pcb-defect_3f77134145ed,OI_pcb-defect_3a5ccf071233,0.0435328483581543
1,base,OI_pcb-defect_7b9af5947c7d,probe,crop sibling,pcb-defect,0.9999994039535522,0.9562142491340637,0.9999994039535522,OI_pcb-defect_1e97e020edd9,OI_pcb-defect_1e97e020edd9,OI_pcb-defect_0677c837a90b,0.043785154819488525
1,base,OI_pcb-defect_7d097eb420ab,control,,pcb-defect,0.9596706628799438,0.9596706628799438,0.9515034556388855,OI_pcb-defect_3f77134145ed,OI_pcb-defect_3a5ccf071233,OI_pcb-defect_3a5ccf071233,0.0
1,base,OI_pcb-defect_8420432f007a,probe,crop sibling,pcb-defect,0.9999997615814209,0.9564669132232666,0.9999997615814209,OI_pcb-defect_3f77134145ed,OI_pcb-defect_3f77134145ed,OI_pcb-defect_3a5ccf071233,0.0435328483581543
1,base,OI_pcb-defect_890e41c13fcb,control,,pcb-defect,0.95026695728302,0.95026695728302,0.944527268409729,OI_pcb-defect_1e97e020edd9,OI_pcb-defect_606c02aa3451,OI_pcb-defect_606c02aa3451,0.0
1,base,OI_pcb-defect_8cbed98d0277,control,,pcb-defect,0.9415087699890137,0.9415087699890137,0.9173136949539185,OI_pcb-defect_9a495444d514,OI_pcb-defect_574e6ac74c92,OI_pcb-defect_574e6ac74c92,0.0
1,base,OI_pcb-defect_93d932219308,probe,crop sibling,pcb-defect,1.0,0.9511983394622803,1.0,OI_pcb-defect_9a495444d514,OI_pcb-defect_9a495444d514,OI_pcb-defect_51a740d7e7ac,0.04880166053771973
1,base,OI_pcb-defect_9a780eb8fce5,control,,pcb-defect,0.9555825591087341,0.9555825591087341,0.9362121820449829,OI_pcb-defect_9a495444d514,OI_pcb-defect_2382115fe47e,OI_pcb-defect_2382115fe47e,0.0
1,base,OI_pcb-defect_9bf650087988,control,,pcb-defect,0.9415087699890137,0.9415087699890137,0.9173136949539185,OI_pcb-defect_9a495444d514,OI_pcb-defect_574e6ac74c92,OI_pcb-defect_574e6ac74c92,0.0
1,base,OI_pcb-defect_9c07e1dedf34,control,,pcb-defect,0.9566231966018677,0.9566231966018677,0.9539790749549866,OI_pcb-defect_2e6d3e686e03,OI_pcb-defect_1cb90d5aee16,OI_pcb-defect_1cb90d5aee16,0.0
1,base,OI_pcb-defect_9e15850a4fac,control,,pcb-defect,0.9566231966018677,0.9566231966018677,0.9539790749549866,OI_pcb-defect_2e6d3e686e03,OI_pcb-defect_1cb90d5aee16,OI_pcb-defect_1cb90d5aee16,0.0
1,base,OI_pcb-defect_9e7356cb8645,probe,crop sibling,pcb-defect,1.0000003576278687,0.9661349654197693,1.0000003576278687,OI_pcb-defect_2e6d3e686e03,OI_pcb-defect_2e6d3e686e03,OI_pcb-defect_3a5ccf071233,0.033865392208099365
1,base,OI_pcb-defect_a330a8e53fbf,control,,pcb-defect,0.9245741367340088,0.9245741367340088,0.9062730073928833,OI_pcb-defect_0362aeae2db7,OI_pcb-defect_61d69fe0eda8,OI_pcb-defect_61d69fe0eda8,0.0
1,base,OI_pcb-defect_a43298e40453,control,,pcb-defect,0.9566231966018677,0.9566231966018677,0.9539790749549866,OI_pcb-defect_2e6d3e686e03,OI_pcb-defect_1cb90d5aee16,OI_pcb-defect_1cb90d5aee16,0.0
1,base,OI_pcb-defect_a6bbe2517aa9,control,,pcb-defect,0.9596706628799438,0.9596706628799438,0.9515034556388855,OI_pcb-defect_3f77134145ed,OI_pcb-defect_3a5ccf071233,OI_pcb-defect_3a5ccf071233,0.0
1,base,OI_pcb-defect_a9934270897e,control,,pcb-defect,0.9555825591087341,0.9555825591087341,0.9362121820449829,OI_pcb-defect_9a495444d514,OI_pcb-defect_2382115fe47e,OI_pcb-defect_2382115fe47e,0.0
1,base,OI_pcb-defect_b1a6d3d17c2e,control,,pcb-defect,0.9555825591087341,0.9555825591087341,0.9362121820449829,OI_pcb-defect_9a495444d514,OI_pcb-defect_2382115fe47e,OI_pcb-defect_2382115fe47e,0.0
1,base,OI_pcb-defect_b7eff2a20d83,probe,crop sibling,pcb-defect,0.9999998807907104,0.9486092329025269,0.9999998807907104,OI_pcb-defect_9f061c914d36,OI_pcb-defect_9f061c914d36,OI_pcb-defect_5dce1a8f1617,0.051390647888183594
1,base,OI_pcb-defect_bce51c116712,probe,crop sibling,pcb-defect,1.0000003576278687,0.9661349654197693,1.0000003576278687,OI_pcb-defect_2e6d3e686e03,OI_pcb-defect_2e6d3e686e03,OI_pcb-defect_3a5ccf071233,0.033865392208099365
1,base,OI_pcb-defect_c4e63f40ae4e,control,,pcb-defect,0.9484330415725708,0.9484330415725708,0.9450638890266418,OI_pcb-defect_9a495444d514,OI_pcb-defect_574e6ac74c92,OI_pcb-defect_574e6ac74c92,0.0
1,base,OI_pcb-defect_c9706a3521da,control,,pcb-defect,0.8974435329437256,0.8974435329437256,0.8764153718948364,OI_pcb-defect_1e97e020edd9,OI_pcb-defect_032d7e6577a6,OI_pcb-defect_032d7e6577a6,0.0
1,base,OI_pcb-defect_ce5b2d80283f,control,,pcb-defect,0.9555825591087341,0.9555825591087341,0.9362121820449829,OI_pcb-defect_9a495444d514,OI_pcb-defect_2382115fe47e,OI_pcb-defect_2382115fe47e,0.0
1,base,OI_pcb-defect_cee167eb9b50,control,,pcb-defect,0.9449827671051025,0.9449827671051025,0.9295875430107117,OI_pcb-defect_9a495444d514,OI_pcb-defect_5292a09b6a80,OI_pcb-defect_5292a09b6a80,0.0
1,base,OI_pcb-defect_d2d57596e2dc,control,,pcb-defect,0.9571105241775513,0.9571105241775513,0.9526288509368896,OI_pcb-defect_3f77134145ed,OI_pcb-defect_083fa900db93,OI_pcb-defect_083fa900db93,0.0
1,base,OI_pcb-defect_d7b76b5ab431,control,,pcb-defect,0.951226532459259,0.951226532459259,0.9432036876678467,OI_pcb-defect_2e6d3e686e03,OI_pcb-defect_1cb90d5aee16,OI_pcb-defect_1cb90d5aee16,0.0
1,base,OI_pcb-defect_dca7df2e9f35,control,,pcb-defect,0.951226532459259,0.951226532459259,0.9432036876678467,OI_pcb-defect_2e6d3e686e03,OI_pcb-defect_1cb90d5aee16,OI_pcb-defect_1cb90d5aee16,0.0
1,base,OI_pcb-defect_dfa9ae837406,control,,pcb-defect,0.9484330415725708,0.9484330415725708,0.9450638890266418,OI_pcb-defect_9a495444d514,OI_pcb-defect_574e6ac74c92,OI_pcb-defect_574e6ac74c92,0.0
1,base,OI_pcb-defect_f1ec3ab3364c,control,,pcb-defect,0.9484330415725708,0.9484330415725708,0.9450638890266418,OI_pcb-defect_9a495444d514,OI_pcb-defect_574e6ac74c92,OI_pcb-defect_574e6ac74c92,0.0
1,base,OI_pcb-defect_f43d04d586d2,control,,pcb-defect,0.9571105241775513,0.9571105241775513,0.9526288509368896,OI_pcb-defect_3f77134145ed,OI_pcb-defect_083fa900db93,OI_pcb-defect_083fa900db93,0.0
1,base,OI_pcb-defect_f763c03f8fd1,control,,pcb-defect,0.951226532459259,0.951226532459259,0.9432036876678467,OI_pcb-defect_2e6d3e686e03,OI_pcb-defect_1cb90d5aee16,OI_pcb-defect_1cb90d5aee16,0.0
1,base,OI_pcb-ind_020767ed04ce,control,,pcb-ind,0.8526172041893005,0.8526172041893005,0.8348376750946045,OI_pcb-ind_d35d10e1e94a,OI_pcb-ind_28733bc54d8c,OI_pcb-ind_28733bc54d8c,0.0
1,base,OI_pcb-ind_04ab00027ec0,control,,pcb-ind,0.8145306706428528,0.8145306706428528,0.6881208419799805,OI_pcb-ind_f9f11c0a5104,OI_pcb-ind_9d3bcd5c9e7e,OI_pcb-ind_9d3bcd5c9e7e,0.0
1,base,OI_pcb-ind_04bca42fc747,control,,pcb-ind,0.8348872065544128,0.8348872065544128,0.7677630186080933,OI_dspcbsd-plus_e8f7cbc14a71,OI_pcb-ind_75f5b1e655de,OI_pcb-ind_75f5b1e655de,0.0
1,base,OI_pcb-ind_0599e3db6da7,probe,same metadata group,pcb-ind,0.8202410936355591,0.8202410936355591,0.819703221321106,OI_pcb-ind_93c5824de1ce,OI_pcb-ind_c9668f9f6b4d,OI_pcb-ind_c9668f9f6b4d,0.0
1,base,OI_pcb-ind_07b8c25ec587,control,,pcb-ind,0.7388465404510498,0.7388465404510498,0.6513959169387817,OI_pcb-ind_1cd5ce5b35f3,OI_pcb-ind_75337d52d865,OI_pcb-ind_75337d52d865,0.0
1,base,OI_pcb-ind_08a88d2ad408,probe,same metadata group,pcb-ind,0.7583733201026917,0.6454294323921204,0.7583733201026917,OI_pcb-ind_039bc6459d74,OI_pcb-ind_039bc6459d74,OI_pcb-ind_9bc969b14fed,0.11294388771057129
1,base,OI_pcb-ind_09a65e683d73,control,,pcb-ind,0.8237930536270142,0.8237930536270142,0.62995445728302,OI_pcb-ind_1003d92302d7,OI_pcb-ind_8743195da008,OI_pcb-ind_8743195da008,0.0
1,base,OI_pcb-ind_0dd1ed44971d,probe,same metadata group,pcb-ind,0.799450159072876,0.799450159072876,0.7761087417602539,OI_pcb-ind_03ce88fee16c,OI_pcb-ind_8494cb5bb91f,OI_pcb-ind_8494cb5bb91f,0.0
1,base,OI_pcb-ind_0ef2eb2fe7d7,control,,pcb-ind,0.5570434331893921,0.5499253869056702,0.5570434331893921,OI_pcb-ind_6aad633cf599,OI_pcb-ind_6aad633cf599,OI_pcb-ind_bbf2fa52e42f,0.007118046283721924
1,base,OI_pcb-ind_0f6ceeef01f4,control,,pcb-ind,0.7618807554244995,0.7618807554244995,0.7515963315963745,OI_pcb-ind_b40df8ef46fe,OI_pcb-ind_12268f08d6c1,OI_pcb-ind_12268f08d6c1,0.0
1,base,OI_pcb-ind_116bd8ef3cd0,probe,same metadata group,pcb-ind,0.8628882169723511,0.8628882169723511,0.7722018957138062,OI_pcb-ind_f9f11c0a5104,OI_pcb-ind_c52228ba8733,OI_pcb-ind_c52228ba8733,0.0
1,base,OI_pcb-ind_119365487506,probe,same metadata group,pcb-ind,0.7945328950881958,0.8309659957885742,0.6892894506454468,OI_pcb-ind_03ce88fee16c,OI_pcb-ind_c7f192d3f710,OI_dspcbsd-plus_e79aba1e5235,-0.03643310070037842
1,base,OI_pcb-ind_13a5e4d019e9,probe,same metadata group,pcb-ind,0.723084032535553,0.723084032535553,0.5582159757614136,OI_dspcbsd-plus_5c3310761413,OI_pcb-ind_89d1d0e86359,OI_pcb-ind_89d1d0e86359,0.0
1,base,OI_pcb-ind_15ef06eb0a3f,probe,same metadata group,pcb-ind,0.7971066236495972,0.7971066236495972,0.6852874755859375,OI_pcb-ind_e6ba7f09c2ca,OI_pcb-ind_0fd3cc97cb10,OI_pcb-ind_0fd3cc97cb10,0.0
1,base,OI_pcb-ind_165a30d0d9e8,control,,pcb-ind,0.704643726348877,0.704643726348877,0.6335666179656982,OI_pcb-ind_139491843e69,OI_pcb-ind_794d622a7ac2,OI_pcb-ind_794d622a7ac2,0.0
1,base,OI_pcb-ind_16e3000576c6,probe,same metadata group,pcb-ind,0.8228238821029663,0.8107287883758545,0.8228238821029663,OI_pcb-ind_6b671757e975,OI_pcb-ind_6b671757e975,OI_pcb-ind_804e7b151f7f,0.012095093727111816
1,base,OI_pcb-ind_18922bfffd47,probe,same metadata group,pcb-ind,0.7625442743301392,0.6231197118759155,0.7625442743301392,OI_pcb-ind_2f766e51ec63,OI_pcb-ind_2f766e51ec63,OI_pcb-ind_3ee365a88950,0.13942456245422363
1,base,OI_pcb-ind_2186bcaa12ae,control,,pcb-ind,0.8105770349502563,0.8105770349502563,0.748185396194458,OI_pcb-ind_47f1e6e7dc27,OI_pcb-ind_eeef1ce478b2,OI_pcb-ind_eeef1ce478b2,0.0
1,base,OI_pcb-ind_220992446fe4,control,,pcb-ind,0.7171933650970459,0.7171933650970459,0.6139901876449585,OI_pcb-ind_1cd5ce5b35f3,OI_pcb-ind_dc27800bcce4,OI_pcb-ind_dc27800bcce4,0.0
1,base,OI_pcb-ind_249f3fa25f2f,probe,same metadata group,pcb-ind,0.8207457065582275,0.8207457065582275,0.8071472644805908,OI_pcb-ind_0d55db8f1ca1,OI_pcb-ind_2f28bbca2657,OI_pcb-ind_2f28bbca2657,0.0
1,base,OI_pcb-ind_281bc479d90f,probe,same metadata group,pcb-ind,0.8057073950767517,0.8057073950767517,0.7318613529205322,OI_pcb-ind_139491843e69,OI_pcb-ind_42ac3c8bc214,OI_pcb-ind_42ac3c8bc214,0.0
1,base,OI_pcb-ind_28305fac9615,probe,same metadata group,pcb-ind,0.7757891416549683,0.7757891416549683,0.7407320737838745,OI_pcb-ind_c65a84606afd,OI_pcb-ind_668899762cbd,OI_pcb-ind_668899762cbd,0.0
1,base,OI_pcb-ind_295f7c5cbcd6,control,,pcb-ind,0.7346946001052856,0.7346946001052856,0.6812164187431335,OI_pcb-ind_f9f11c0a5104,OI_pcb-ind_9d3bcd5c9e7e,OI_pcb-ind_9d3bcd5c9e7e,0.0
1,base,OI_pcb-ind_29c7957a810a,control,,pcb-ind,0.8051494359970093,0.8051494359970093,0.653705358505249,OI_dspcbsd-plus_baa2a2c91a3d,OI_pcb-ind_e5bd144dbdb9,OI_pcb-ind_e5bd144dbdb9,0.0
1,base,OI_pcb-ind_2cb1670c4c84,control,,pcb-ind,0.880091667175293,0.8788869380950928,0.880091667175293,OI_pcb-ind_47f1e6e7dc27,OI_pcb-ind_47f1e6e7dc27,OI_pcb-ind_716a99e21ab0,0.0012047290802001953
1,base,OI_pcb-ind_30420710a006,probe,same metadata group,pcb-ind,0.7806720733642578,0.7790004014968872,0.7806720733642578,OI_pcb-ind_0d74dafae4ce,OI_pcb-ind_0d74dafae4ce,OI_pcb-ind_31896cc5a7f4,0.0016716718673706055
1,base,OI_pcb-ind_309f6e96cd70,control,,pcb-ind,0.7035616636276245,0.7035616636276245,0.5834346413612366,OI_pcb-ind_47f1e6e7dc27,OI_pcb-ind_61bb1efbb9e6,OI_pcb-ind_61bb1efbb9e6,0.0
1,base,OI_pcb-ind_331b99cb194c,probe,same metadata group,pcb-ind,0.6845090389251709,0.6845090389251709,0.6415082216262817,OI_pcb-ind_9be54a8ea56f,OI_pcb-ind_c0ed8f289015,OI_pcb-ind_c0ed8f289015,0.0
1,base,OI_pcb-ind_3557564810e4,control,,pcb-ind,0.7917256355285645,0.7917256355285645,0.7346711158752441,OI_pcb-ind_c4eb1dadecd2,OI_pcb-ind_d650c7a0e4bb,OI_pcb-ind_d650c7a0e4bb,0.0
1,base,OI_pcb-ind_35bc74187e98,control,,pcb-ind,0.8510966300964355,0.8510966300964355,0.8247227668762207,OI_pcb-ind_af90edf00441,OI_pcb-ind_1b7b41de06a3,OI_pcb-ind_1b7b41de06a3,0.0
1,base,OI_pcb-ind_36284801f89e,probe,same metadata group,pcb-ind,0.6512222290039062,0.5944724678993225,0.6512222290039062,OI_pcb-ind_edd26b8fbf88,OI_pcb-ind_edd26b8fbf88,OI_pcb-ind_9aeea13b58ac,0.05674976110458374
1,base,OI_pcb-ind_362bfef0b3a2,control,,pcb-ind,0.8200914263725281,0.8200914263725281,0.6568784713745117,OI_pcb-ind_c3d0491f5f75,OI_pcb-ind_52c5abad5655,OI_pcb-ind_52c5abad5655,0.0
1,base,OI_pcb-ind_37b267ee6b95,probe,same metadata group,pcb-ind,0.7198746800422668,0.7198746800422668,0.6682687997817993,OI_pcb-ind_139491843e69,OI_pcb-ind_47a1fbd12007,OI_pcb-ind_47a1fbd12007,0.0
1,base,OI_pcb-ind_383c68751243,control,,pcb-ind,0.8424901962280273,0.8424901962280273,0.7030423879623413,OI_dspcbsd-plus_5c3310761413,OI_pcb-ind_58aff01dd78f,OI_pcb-ind_58aff01dd78f,0.0
1,base,OI_pcb-ind_3a6fedd4d63a,probe,same metadata group,pcb-ind,0.8187098503112793,0.8187098503112793,0.6406563520431519,OI_pcb-ind_67eea419540e,OI_pcb-ind_1d9643a337fe,OI_pcb-ind_1d9643a337fe,0.0
1,base,OI_pcb-ind_3ebcab207b21,probe,same metadata group,pcb-ind,0.8482707738876343,0.8482707738876343,0.7188043594360352,OI_pcb-ind_ab66152edc23,OI_pcb-ind_7d631f0410ee,OI_pcb-ind_7d631f0410ee,0.0
1,base,OI_pcb-ind_41fcec1b26de,probe,same metadata group,pcb-ind,0.7419790029525757,0.689092755317688,0.7419790029525757,OI_pcb-ind_0d74dafae4ce,OI_pcb-ind_0d74dafae4ce,OI_pcb-ind_be574c291212,0.052886247634887695
1,base,OI_pcb-ind_435bb9194525,control,,pcb-ind,0.8135181665420532,0.7995822429656982,0.8135181665420532,OI_pcb-ind_03ce88fee16c,OI_pcb-ind_03ce88fee16c,OI_pcb-ind_abd68586d4b8,0.01393592357635498
1,base,OI_pcb-ind_45cefb7cf428,probe,same metadata group,pcb-ind,0.8391826152801514,0.5930235981941223,0.8391826152801514,OI_pcb-ind_1003d92302d7,OI_pcb-ind_1003d92302d7,OI_pcb-ind_c0f24e65a864,0.24615901708602905
1,base,OI_pcb-ind_46725824a2ec,control,,pcb-ind,0.8713316917419434,0.8713316917419434,0.8476972579956055,OI_pcb-ind_47f1e6e7dc27,OI_pcb-ind_18a8c4cf0ba0,OI_pcb-ind_18a8c4cf0ba0,0.0
1,base,OI_pcb-ind_47bef90fb4ab,control,,pcb-ind,0.821320652961731,0.821320652961731,0.6952120065689087,OI_dspcbsd-plus_5c3310761413,OI_pcb-ind_d713572b8d21,OI_pcb-ind_d713572b8d21,0.0
1,base,OI_pcb-ind_4d4afeac07c6,probe,same metadata group,pcb-ind,0.7104036808013916,0.7104036808013916,0.6489798426628113,OI_pcb-ind_5799f9e435bd,OI_pcb-ind_3ac125624c4c,OI_pcb-ind_3ac125624c4c,0.0
1,base,OI_pcb-ind_523286c04ccc,control,,pcb-ind,0.6416988372802734,0.6416988372802734,0.563872754573822,OI_pcb-ind_c63d70a5aa35,OI_pcb-ind_113705af8259,OI_pcb-ind_113705af8259,0.0
1,base,OI_pcb-ind_5369060db784,probe,similar pair,pcb-ind,0.9691230654716492,0.9087639451026917,0.9691230654716492,OI_pcb-ind_96807debdcd4,OI_pcb-ind_96807debdcd4,OI_dspcbsd-plus_c61e87f32122,0.06035912036895752
1,base,OI_pcb-ind_560a79c1bde5,probe,same metadata group,pcb-ind,0.6471970081329346,0.6128216981887817,0.6471970081329346,OI_pcb-ind_59ce71d68475,OI_pcb-ind_59ce71d68475,OI_pcb-ind_896dc61532d7,0.03437530994415283
1,base,OI_pcb-ind_5683e1531780,control,,pcb-ind,0.8089398145675659,0.8311424851417542,0.7716294527053833,OI_pcb-ind_ab66152edc23,OI_pcb-ind_d7079f477a1a,OI_pcb-ind_d54e0589034b,-0.022202670574188232
1,base,OI_pcb-ind_56f9ecf3059b,control,,pcb-ind,0.8605700731277466,0.8605700731277466,0.6230589747428894,OI_dspcbsd-plus_e81eb183706e,OI_pcb-ind_dccbd6ac376b,OI_pcb-ind_dccbd6ac376b,0.0
1,base,OI_pcb-ind_59c150475f0f,control,,pcb-ind,0.7751100063323975,0.7751100063323975,0.6824643015861511,OI_pcb-ind_03ce88fee16c,OI_pcb-ind_68813ea88811,OI_pcb-ind_68813ea88811,0.0
1,base,OI_pcb-ind_59de028a12fc,probe,same metadata group,pcb-ind,0.862939715385437,0.862939715385437,0.6301763653755188,OI_dspcbsd-plus_e81eb183706e,OI_pcb-ind_b96bdce0f822,OI_pcb-ind_b96bdce0f822,0.0
1,base,OI_pcb-ind_5a4f69131da7,control,,pcb-ind,0.7445205450057983,0.7445205450057983,0.6012241840362549,OI_pcb-ind_1cd5ce5b35f3,OI_pcb-ind_93b32b38ff67,OI_pcb-ind_93b32b38ff67,0.0
1,base,OI_pcb-ind_5b0d5505f3fb,probe,same metadata group,pcb-ind,0.6876058578491211,0.6876058578491211,0.6782182455062866,OI_pcb-ind_5bae7f0a808b,OI_pcb-ind_896dc61532d7,OI_pcb-ind_896dc61532d7,0.0
1,base,OI_pcb-ind_607d9400fe6b,control,,pcb-ind,0.7873884439468384,0.7873884439468384,0.437412291765213,OI_dspcbsd-plus_0e9fe58190c2,OI_pcb-ind_fcbc87dd7505,OI_pcb-ind_fcbc87dd7505,0.0
1,base,OI_pcb-ind_61164e6ebb9a,control,,pcb-ind,0.8933041095733643,0.8991339206695557,0.8318814039230347,OI_pcb-ind_c65a84606afd,OI_pcb-ind_eed90f232f56,OI_pcb-ind_0b4615a560e1,-0.005829811096191406
1,base,OI_pcb-ind_61c51e8ade61,probe,similar pair,pcb-ind,0.88565993309021,0.8502894043922424,0.88565993309021,OI_pcb-ind_6efd64b005c5,OI_pcb-ind_6efd64b005c5,OI_pcb-ind_5143c78b910a,0.03537052869796753
1,base,OI_pcb-ind_65401cd59555,control,,pcb-ind,0.9347774982452393,0.9128985404968262,0.9347774982452393,OI_pcb-ind_15321f3247e3,OI_pcb-ind_15321f3247e3,OI_pcb-ind_a09a8ceed66c,0.021878957748413086
1,base,OI_pcb-ind_669c77ab449a,control,,pcb-ind,0.7110878229141235,0.7110878229141235,0.6901889443397522,OI_pcb-ind_1cd5ce5b35f3,OI_pcb-ind_715464e518a7,OI_pcb-ind_715464e518a7,0.0
1,base,OI_pcb-ind_6aab8f42f064,control,,pcb-ind,0.8369912505149841,0.8369912505149841,0.594389796257019,OI_pcb-ind_803657ece868,OI_pcb-ind_bff574037ea9,OI_pcb-ind_bff574037ea9,0.0
1,base,OI_pcb-ind_6ada68a07442,probe,same metadata group,pcb-ind,0.9172667860984802,0.9172667860984802,0.848743200302124,OI_dspcbsd-plus_86d6904064a2,OI_dspcbsd-plus_c9606763368c,OI_dspcbsd-plus_c9606763368c,0.0
1,base,OI_pcb-ind_6e292a252163,probe,similar pair,pcb-ind,0.9154675602912903,0.7848406434059143,0.9154675602912903,OI_pcb-ind_b3a57857bcfd,OI_pcb-ind_b3a57857bcfd,OI_dspcbsd-plus_220877ef13a2,0.13062691688537598
1,base,OI_pcb-ind_6f63808eafc9,probe,same metadata group,pcb-ind,0.7139788866043091,0.7139788866043091,0.6918338537216187,OI_pcb-ind_afa7659dd1f9,OI_pcb-ind_acb843b8fa30,OI_pcb-ind_acb843b8fa30,0.0
1,base,OI_pcb-ind_702ab8a47cd6,probe,same metadata group,pcb-ind,0.8579202890396118,0.8579202890396118,0.5839158296585083,OI_pcb-ind_f9f11c0a5104,OI_pcb-ind_d897e78ee311,OI_pcb-ind_d897e78ee311,0.0
1,base,OI_pcb-ind_70b5654205d8,control,,pcb-ind,0.8490950465202332,0.8490950465202332,0.8121931552886963,OI_pcb-ind_d35d10e1e94a,OI_pcb-ind_2c6de5fd6727,OI_pcb-ind_2c6de5fd6727,0.0
1,base,OI_pcb-ind_7198b8411844,control,,pcb-ind,0.9188380837440491,0.9188380837440491,0.8524609804153442,OI_pcb-ind_b83f76d12f68,OI_pcb-ind_345b470b8d04,OI_pcb-ind_345b470b8d04,0.0
1,base,OI_pcb-ind_723bef200736,probe,same metadata group,pcb-ind,0.9204444885253906,0.9215563535690308,0.919029712677002,OI_pcb-ind_cceeed5be9cd,OI_pcb-ind_804e7b151f7f,OI_pcb-ind_7cb05a343791,-0.0011118650436401367
1,base,OI_pcb-ind_732d568a32eb,control,,pcb-ind,0.737612247467041,0.737612247467041,0.5391071438789368,OI_pcb-ind_af90edf00441,OI_pcb-ind_20c0688d78d5,OI_pcb-ind_20c0688d78d5,0.0
1,base,OI_pcb-ind_736974a21f3d,control,,pcb-ind,0.896247148513794,0.896247148513794,0.8878338932991028,OI_pcb-ind_47f1e6e7dc27,OI_pcb-ind_94fb078e90ec,OI_pcb-ind_94fb078e90ec,0.0
1,base,OI_pcb-ind_7556bb296a9b,probe,same metadata group,pcb-ind,0.7470304369926453,0.7747747898101807,0.7470304369926453,OI_pcb-ind_5bae7f0a808b,OI_pcb-ind_5bae7f0a808b,OI_pcb-ind_0fc08656dfa6,-0.0277443528175354
1,base,OI_pcb-ind_7dd6f1342758,probe,same metadata group,pcb-ind,0.8568979501724243,0.8568979501724243,0.8214638233184814,OI_pcb-ind_7ceb6d0cd76c,OI_dspcbsd-plus_b69f50b43eee,OI_dspcbsd-plus_b69f50b43eee,0.0
1,base,OI_pcb-ind_7ddca5617426,probe,same metadata group,pcb-ind,0.7503092288970947,0.7503092288970947,0.6708585023880005,OI_pcb-ind_1f7ae6db263a,OI_pcb-ind_7ca1056c581b,OI_pcb-ind_7ca1056c581b,0.0
1,base,OI_pcb-ind_80ac97508bc3,control,,pcb-ind,0.6556106805801392,0.5453723669052124,0.6556106805801392,OI_pcb-ind_1cd5ce5b35f3,OI_pcb-ind_1cd5ce5b35f3,OI_pcb-ind_da9bceaa9eba,0.11023831367492676
1,base,OI_pcb-ind_8240f13cfc08,control,,pcb-ind,0.9244723916053772,0.9244723916053772,0.8830649852752686,OI_pcb-ind_d78da257efef,OI_pcb-ind_0a2e8fd5ba7f,OI_pcb-ind_0a2e8fd5ba7f,0.0
1,base,OI_pcb-ind_8411fdf8a5cf,control,,pcb-ind,0.8643906116485596,0.8685661554336548,0.7770203948020935,OI_pcb-ind_a2df770a3fae,OI_pcb-ind_54efb3482f24,OI_pcb-ind_0b4615a560e1,-0.004175543785095215
1,base,OI_pcb-ind_84130aea9b7b,control,,pcb-ind,0.9016765356063843,0.9016765356063843,0.8718758821487427,OI_pcb-ind_47f1e6e7dc27,OI_pcb-ind_2f28bbca2657,OI_pcb-ind_2f28bbca2657,0.0
1,base,OI_pcb-ind_84b4726a1b2b,control,,pcb-ind,0.9081710577011108,0.9081710577011108,0.870600700378418,OI_pcb-ind_6b671757e975,OI_pcb-ind_6ab2a40e129c,OI_pcb-ind_6ab2a40e129c,0.0
1,base,OI_pcb-ind_856285df3b15,probe,same metadata group,pcb-ind,0.8747357726097107,0.8066352605819702,0.8747357726097107,OI_pcb-ind_10f0505c378f,OI_pcb-ind_10f0505c378f,OI_pcb-ind_1fd0140380d2,0.06810051202774048
1,base,OI_pcb-ind_89a92041ecbc,probe,same metadata group,pcb-ind,0.6610808372497559,0.6610808372497559,0.6008458137512207,OI_pcb-ind_f97b3dd44f6a,OI_pcb-ind_bf3b2453aa33,OI_pcb-ind_bf3b2453aa33,0.0
1,base,OI_pcb-ind_8b66099fc90c,probe,same metadata group,pcb-ind,0.7621268033981323,0.7621268033981323,0.5891923904418945,OI_dspcbsd-plus_7256a8070201,OI_pcb-ind_d64d525f8871,OI_pcb-ind_d64d525f8871,0.0
1,base,OI_pcb-ind_8cc93f5f0217,probe,same metadata group,pcb-ind,0.7943329811096191,0.7892972230911255,0.7943329811096191,OI_pcb-ind_1318263c9179,OI_pcb-ind_1318263c9179,OI_pcb-ind_ab9e9979958c,0.005035758018493652
1,base,OI_pcb-ind_8efc070a8a9b,probe,same metadata group,pcb-ind,0.8744344115257263,0.8744344115257263,0.7864067554473877,OI_pcb-ind_ce3653ca0318,OI_pcb-ind_c9668f9f6b4d,OI_pcb-ind_c9668f9f6b4d,0.0
1,base,OI_pcb-ind_917ad85e03bf,control,,pcb-ind,0.898227870464325,0.898227870464325,0.8890897035598755,OI_pcb-ind_d35d10e1e94a,OI_pcb-ind_ec405b54304e,OI_pcb-ind_ec405b54304e,0.0
1,base,OI_pcb-ind_91c8a68ef033,control,,pcb-ind,0.7683457136154175,0.7683457136154175,0.745844841003418,OI_pcb-ind_5cd30dbb5a71,OI_pcb-ind_fcd61cbac4fc,OI_pcb-ind_fcd61cbac4fc,0.0
1,base,OI_pcb-ind_92d44b1567fc,probe,similar pair,pcb-ind,0.8614706993103027,0.7672367691993713,0.8614706993103027,OI_pcb-ind_803657ece868,OI_pcb-ind_803657ece868,OI_pcb-ind_c1c4a18b6e5d,0.0942339301109314
1,base,OI_pcb-ind_934c4a880fdf,probe,same metadata group,pcb-ind,0.7468603849411011,0.7468603849411011,0.6654629707336426,OI_pcb-ind_f18b53077d1e,OI_pcb-ind_152e74233b07,OI_pcb-ind_152e74233b07,0.0
1,base,OI_pcb-ind_937884232921,probe,same metadata group,pcb-ind,0.823595404624939,0.823595404624939,0.7159576416015625,OI_pcb-ind_e556e80950b6,OI_pcb-ind_dc5dee5f354a,OI_pcb-ind_dc5dee5f354a,0.0
1,base,OI_pcb-ind_9394b27ce42e,control,,pcb-ind,0.8556429147720337,0.8556429147720337,0.8147690296173096,OI_dspcbsd-plus_41006b5135f0,OI_pcb-ind_935ceaaa3c32,OI_pcb-ind_935ceaaa3c32,0.0
1,base,OI_pcb-ind_93f438874601,control,,pcb-ind,0.9246022701263428,0.9246022701263428,0.7694868445396423,OI_pcb-ind_c9806a73595d,OI_pcb-ind_23597df0f32b,OI_pcb-ind_23597df0f32b,0.0
1,base,OI_pcb-ind_978fc2759566,probe,same metadata group,pcb-ind,0.8412206172943115,0.8412206172943115,0.8382633328437805,OI_pcb-ind_097cc715b65e,OI_pcb-ind_f9c212ab61ab,OI_pcb-ind_f9c212ab61ab,0.0
1,base,OI_pcb-ind_97a6c084aeaf,probe,similar pair,pcb-ind,0.9046043753623962,0.7641497850418091,0.9046043753623962,OI_pcb-ind_67eea419540e,OI_pcb-ind_67eea419540e,OI_pcb-ind_59418a185697,0.14045459032058716
1,base,OI_pcb-ind_9b2c4774f2f9,control,,pcb-ind,0.8009365797042847,0.8009365797042847,0.6608752012252808,OI_dspcbsd-plus_e81eb183706e,OI_pcb-ind_ca153bfd6893,OI_pcb-ind_ca153bfd6893,0.0
1,base,OI_pcb-ind_9cca0808fdc4,control,,pcb-ind,0.7554562091827393,0.7554562091827393,0.6473749279975891,OI_pcb-ind_6aad633cf599,OI_pcb-ind_1331f00fa638,OI_pcb-ind_1331f00fa638,0.0
1,base,OI_pcb-ind_9cd224afdd49,probe,same metadata group,pcb-ind,0.7517335414886475,0.7517335414886475,0.6379657983779907,OI_pcb-ind_ae09e56b5228,OI_pcb-ind_1b29bc1ed4ea,OI_pcb-ind_1b29bc1ed4ea,0.0
1,base,OI_pcb-ind_9d7e69a622e9,control,,pcb-ind,0.7869619727134705,0.7702527046203613,0.7869619727134705,OI_dspcbsd-plus_6156805e6cd7,OI_dspcbsd-plus_6156805e6cd7,OI_dspcbsd-plus_064612fda073,0.01670926809310913
1,base,OI_pcb-ind_9dd9a43a9501,control,,pcb-ind,0.7266873121261597,0.7266873121261597,0.6025881767272949,OI_pcb-ind_f9f11c0a5104,OI_pcb-ind_1331f00fa638,OI_pcb-ind_1331f00fa638,0.0
1,base,OI_pcb-ind_9e7a17d789b1,control,,pcb-ind,0.8068709373474121,0.8068709373474121,0.7850712537765503,OI_dspcbsd-plus_5f9832c7e958,OI_pcb-ind_68c295ee13e1,OI_pcb-ind_68c295ee13e1,0.0
1,base,OI_pcb-ind_a035bbe03d84,control,,pcb-ind,0.8229639530181885,0.8229639530181885,0.8209919929504395,OI_pcb-ind_ab66152edc23,OI_pcb-ind_957dcfa9faa2,OI_pcb-ind_957dcfa9faa2,0.0
1,base,OI_pcb-ind_a18b998e2ded,probe,same metadata group,pcb-ind,0.873156726360321,0.873156726360321,0.6414066553115845,OI_pcb-ind_1bbb08cf99f3,OI_dspcbsd-plus_a48b50cb622f,OI_dspcbsd-plus_a48b50cb622f,0.0
1,base,OI_pcb-ind_a376e6ad8dc8,control,,pcb-ind,0.8793372511863708,0.8793372511863708,0.8645973205566406,OI_pcb-ind_cceeed5be9cd,OI_pcb-ind_dd358488ad23,OI_pcb-ind_dd358488ad23,0.0
1,base,OI_pcb-ind_a3b2faa65edb,probe,same metadata group,pcb-ind,0.8044966459274292,0.8044966459274292,0.7624067664146423,OI_pcb-ind_10f0505c378f,OI_pcb-ind_07f0c71e0360,OI_pcb-ind_07f0c71e0360,0.0
1,base,OI_pcb-ind_a45765e5bd8b,probe,same metadata group,pcb-ind,0.5189331769943237,0.5909733176231384,0.49636927247047424,OI_pcb-ind_f97b3dd44f6a,OI_pcb-ind_758950428374,OI_pcb-ind_29c424bf7ca6,-0.0720401406288147
1,base,OI_pcb-ind_a649a3a9bd03,probe,same metadata group,pcb-ind,0.7453027963638306,0.7453027963638306,0.6893529891967773,OI_pcb-ind_1bb0d81c296b,OI_dspcbsd-plus_b49baa642004,OI_dspcbsd-plus_b49baa642004,0.0
1,base,OI_pcb-ind_aa32e2ca35ca,control,,pcb-ind,0.7691615223884583,0.7691615223884583,0.6576758027076721,OI_pcb-ind_03ce88fee16c,OI_pcb-ind_3b13e25ef395,OI_pcb-ind_3b13e25ef395,0.0
1,base,OI_pcb-ind_aa75ac5ad383,probe,same component,pcb-ind,0.9283561706542969,0.9283561706542969,0.9279516935348511,OI_pcb-ind_96807debdcd4,OI_pcb-ind_d2d026d9923f,OI_pcb-ind_d2d026d9923f,0.0
1,base,OI_pcb-ind_aba103edd57d,probe,same metadata group,pcb-ind,0.6718146800994873,0.6718146800994873,0.6057769060134888,OI_pcb-ind_edd26b8fbf88,OI_pcb-ind_322b714a4c2e,OI_pcb-ind_322b714a4c2e,0.0
1,base,OI_pcb-ind_af1b3cfd43a5,probe,same metadata group,pcb-ind,0.7426437735557556,0.7426437735557556,0.6810750365257263,OI_pcb-ind_781b45699d67,OI_pcb-ind_0239eff680af,OI_pcb-ind_0239eff680af,0.0
1,base,OI_pcb-ind_b0d2885e8dda,probe,same metadata group,pcb-ind,0.7087070941925049,0.6953153014183044,0.7087070941925049,OI_pcb-ind_c63d70a5aa35,OI_pcb-ind_c63d70a5aa35,OI_pcb-ind_3a010e3ab702,0.01339179277420044
1,base,OI_pcb-ind_b232f9551747,control,,pcb-ind,0.6372913718223572,0.6372913718223572,0.5265321731567383,OI_pcb-ind_86ae5af772a3,OI_pcb-ind_d5737e7f8173,OI_pcb-ind_d5737e7f8173,0.0
1,base,OI_pcb-ind_b25edfb4b0dd,probe,same metadata group,pcb-ind,0.705940842628479,0.6698698401451111,0.705940842628479,OI_pcb-ind_c6364e564e16,OI_pcb-ind_c6364e564e16,OI_pcb-ind_f3912ee48991,0.03607100248336792
1,base,OI_pcb-ind_b569a229ae44,control,,pcb-ind,0.8513522148132324,0.8513522148132324,0.7289373874664307,OI_pcb-ind_f9f11c0a5104,OI_pcb-ind_20039bf64f61,OI_pcb-ind_20039bf64f61,0.0
1,base,OI_pcb-ind_b5cec1e181e7,probe,same metadata group,pcb-ind,0.7683302760124207,0.7172936797142029,0.7683302760124207,OI_pcb-ind_1318263c9179,OI_pcb-ind_1318263c9179,OI_pcb-ind_2ff3b50a57e7,0.05103659629821777
1,base,OI_pcb-ind_b60ae1ab2654,control,,pcb-ind,0.7608428001403809,0.7821973562240601,0.6424227952957153,OI_pcb-ind_b40df8ef46fe,OI_dspcbsd-plus_524eb4e9bd5c,OI_pcb-ind_787c7b75bde6,-0.0213545560836792
1,base,OI_pcb-ind_b61bfe34d483,control,,pcb-ind,0.7712868452072144,0.7712868452072144,0.7620698809623718,OI_pcb-ind_d35d10e1e94a,OI_pcb-ind_292308bcd0df,OI_pcb-ind_292308bcd0df,0.0
1,base,OI_pcb-ind_b639a4bdf44f,control,,pcb-ind,0.7386173009872437,0.7386173009872437,0.683904230594635,OI_pcb-ind_a9e83ea4cfd9,OI_pcb-ind_da7764dc7aad,OI_pcb-ind_da7764dc7aad,0.0
1,base,OI_pcb-ind_ba4b33ecbe4b,probe,same metadata group,pcb-ind,0.8765246868133545,0.858087420463562,0.8765246868133545,OI_pcb-ind_6efd64b005c5,OI_pcb-ind_6efd64b005c5,OI_pcb-ind_5143c78b910a,0.01843726634979248
1,base,OI_pcb-ind_becb13de7fec,probe,same metadata group,pcb-ind,0.8636538982391357,0.8636538982391357,0.8173091411590576,OI_pcb-ind_f9f11c0a5104,OI_pcb-ind_880f0ee54f2a,OI_pcb-ind_880f0ee54f2a,0.0
1,base,OI_pcb-ind_bf26179098ea,probe,same metadata group,pcb-ind,0.7983682751655579,0.7983682751655579,0.7066682577133179,OI_pcb-ind_27a26b2ad9e1,OI_pcb-ind_b9df97ba6713,OI_pcb-ind_b9df97ba6713,0.0
1,base,OI_pcb-ind_c1569843f29f,control,,pcb-ind,0.664290189743042,0.664290189743042,0.5893974304199219,OI_pcb-ind_fe37fb940941,OI_pcb-ind_1331f00fa638,OI_pcb-ind_1331f00fa638,0.0
1,base,OI_pcb-ind_c17be7a6bebe,control,,pcb-ind,0.9185485243797302,0.9185485243797302,0.8815476894378662,OI_pcb-ind_d78da257efef,OI_pcb-ind_952f1d19fd13,OI_pcb-ind_952f1d19fd13,0.0
1,base,OI_pcb-ind_c2721e1bfd54,probe,same metadata group,pcb-ind,0.8887789249420166,0.8887789249420166,0.828476071357727,OI_pcb-ind_fe37fb940941,OI_pcb-ind_3d1b448f8296,OI_pcb-ind_3d1b448f8296,0.0
1,base,OI_pcb-ind_c53206adafc6,control,,pcb-ind,0.7717293500900269,0.7717293500900269,0.6068585515022278,OI_pcb-ind_5799f9e435bd,OI_pcb-ind_3a6cc83a9ad1,OI_pcb-ind_3a6cc83a9ad1,0.0
1,base,OI_pcb-ind_c59a8724d253,probe,same metadata group,pcb-ind,0.6493113040924072,0.6493113040924072,0.49075454473495483,OI_pcb-ind_6aad633cf599,OI_pcb-ind_fcbc87dd7505,OI_pcb-ind_fcbc87dd7505,0.0
1,base,OI_pcb-ind_c7938a9d14d3,probe,similar pair,pcb-ind,0.9311708211898804,0.817307710647583,0.9311708211898804,OI_pcb-ind_0837185d47b9,OI_pcb-ind_0837185d47b9,OI_pcb-ind_59418a185697,0.11386311054229736
1,base,OI_pcb-ind_c86a4c072a1a,probe,same metadata group,pcb-ind,0.7377636432647705,0.7377636432647705,0.599656879901886,OI_pcb-ind_55a76767dece,OI_pcb-ind_5eb83ecec57a,OI_pcb-ind_5eb83ecec57a,0.0
1,base,OI_pcb-ind_cbae2d7b7fdd,control,,pcb-ind,0.7274264097213745,0.7274264097213745,0.6533246040344238,OI_pcb-ind_6835e55dbfb9,OI_pcb-ind_ce3b4e6ff5e7,OI_pcb-ind_ce3b4e6ff5e7,0.0
1,base,OI_pcb-ind_cbc0bd8ef5e2,control,,pcb-ind,0.7550691962242126,0.7550691962242126,0.7323919534683228,OI_dspcbsd-plus_e73dd5fbf6f2,OI_dspcbsd-plus_2c3d3c80069c,OI_dspcbsd-plus_2c3d3c80069c,0.0
1,base,OI_pcb-ind_cf77843cb7da,probe,same metadata group,pcb-ind,0.6913661956787109,0.6913661956787109,0.5320814847946167,OI_pcb-ind_9be54a8ea56f,OI_pcb-ind_3f4d59a35a89,OI_pcb-ind_3f4d59a35a89,0.0
1,base,OI_pcb-ind_cfa2bd2a413c,control,,pcb-ind,0.908430814743042,0.908430814743042,0.8746938109397888,OI_pcb-ind_47f1e6e7dc27,OI_pcb-ind_b44f87976ae2,OI_pcb-ind_b44f87976ae2,0.0
1,base,OI_pcb-ind_d280e970584b,control,,pcb-ind,0.7030101418495178,0.7030101418495178,0.5907710790634155,OI_pcb-ind_b40df8ef46fe,OI_pcb-ind_9aeea13b58ac,OI_pcb-ind_9aeea13b58ac,0.0
1,base,OI_pcb-ind_d2c3572c9c9e,control,,pcb-ind,0.8901816606521606,0.8797732591629028,0.8901816606521606,OI_pcb-ind_d78da257efef,OI_pcb-ind_d78da257efef,OI_pcb-ind_d9305e8097ab,0.010408401489257812
1,base,OI_pcb-ind_d2d9e81d8fe5,control,,pcb-ind,0.8212116956710815,0.8212116956710815,0.7435486316680908,OI_dspcbsd-plus_4b28fac5f3b9,OI_dspcbsd-plus_ab4db57f46f0,OI_dspcbsd-plus_ab4db57f46f0,0.0
1,base,OI_pcb-ind_d3869b9e07ee,control,,pcb-ind,0.892269492149353,0.892269492149353,0.7348311543464661,OI_pcb-ind_0570b99aa070,OI_pcb-ind_a22dfe686478,OI_pcb-ind_a22dfe686478,0.0
1,base,OI_pcb-ind_d3a978053495,control,,pcb-ind,0.8709296584129333,0.8709296584129333,0.7772762775421143,OI_dspcbsd-plus_5c3310761413,OI_pcb-ind_8da9dfe62854,OI_pcb-ind_8da9dfe62854,0.0
1,base,OI_pcb-ind_d49c27b3970d,probe,same metadata group,pcb-ind,0.6516139507293701,0.5861568450927734,0.6516139507293701,OI_pcb-ind_0dc112eaeee3,OI_pcb-ind_0dc112eaeee3,OI_pcb-ind_109259ad4074,0.06545710563659668
1,base,OI_pcb-ind_d6e2329fcede,probe,same metadata group,pcb-ind,0.7585688829421997,0.7585688829421997,0.6342417001724243,OI_pcb-ind_1eaa7f361a04,OI_pcb-ind_d007ff59ec93,OI_pcb-ind_d007ff59ec93,0.0
1,base,OI_pcb-ind_d7371c34b1aa,probe,same metadata group,pcb-ind,0.9314902424812317,0.9314902424812317,0.906857967376709,OI_pcb-ind_47f1e6e7dc27,OI_pcb-ind_3e242fb729b7,OI_pcb-ind_3e242fb729b7,0.0
1,base,OI_pcb-ind_d798827b65e3,control,,pcb-ind,0.8816157579421997,0.8878782987594604,0.7498051524162292,OI_pcb-ind_b83f76d12f68,OI_pcb-ind_d63c47bae676,OI_pcb-ind_0b4615a560e1,-0.006262540817260742
1,base,OI_pcb-ind_da1fe53a3976,control,,pcb-ind,0.8426386713981628,0.8426386713981628,0.6532819271087646,OI_dspcbsd-plus_5c3310761413,OI_pcb-ind_58aff01dd78f,OI_pcb-ind_58aff01dd78f,0.0
1,base,OI_pcb-ind_da9531cc3c33,probe,same metadata group,pcb-ind,0.7383216619491577,0.7383216619491577,0.6044905185699463,OI_dspcbsd-plus_ed3013de37bc,OI_pcb-ind_e4abdaf4eb46,OI_pcb-ind_e4abdaf4eb46,0.0
1,base,OI_pcb-ind_daf49cb97795,control,,pcb-ind,0.7658604979515076,0.7658604979515076,0.6488040089607239,OI_pcb-ind_1003d92302d7,OI_pcb-ind_887978662a99,OI_pcb-ind_887978662a99,0.0
1,base,OI_pcb-ind_ddde6abe4ed3,probe,similar pair,pcb-ind,0.9610121250152588,0.8172075152397156,0.9610121250152588,OI_pcb-ind_61d1c1e2de06,OI_pcb-ind_61d1c1e2de06,OI_pcb-ind_2aac9923661b,0.1438046097755432
1,base,OI_pcb-ind_de55fdc55c6f,probe,same metadata group,pcb-ind,0.7300428748130798,0.7300428748130798,0.6203938126564026,OI_pcb-ind_43ebf34529e7,OI_pcb-ind_889edfd75374,OI_pcb-ind_889edfd75374,0.0
1,base,OI_pcb-ind_e0ab6576e60a,control,,pcb-ind,0.8880072832107544,0.8880072832107544,0.7728288173675537,OI_pcb-ind_10f0505c378f,OI_pcb-ind_07f0c71e0360,OI_pcb-ind_07f0c71e0360,0.0
1,base,OI_pcb-ind_e11531b0e685,probe,same metadata group,pcb-ind,0.8734067678451538,0.8734067678451538,0.8346025943756104,OI_dspcbsd-plus_86d6904064a2,OI_pcb-ind_762e554d6e6c,OI_pcb-ind_762e554d6e6c,0.0
1,base,OI_pcb-ind_e211e27873e4,control,,pcb-ind,0.74512779712677,0.74512779712677,0.5947897434234619,OI_pcb-ind_1f7ae6db263a,OI_pcb-ind_12268f08d6c1,OI_pcb-ind_12268f08d6c1,0.0
1,base,OI_pcb-ind_e311abcdca04,control,,pcb-ind,0.7769858837127686,0.7769858837127686,0.7217410802841187,OI_pcb-ind_b48ace894ae9,OI_pcb-ind_42ac3c8bc214,OI_pcb-ind_42ac3c8bc214,0.0
1,base,OI_pcb-ind_e38575f0a3f6,control,,pcb-ind,0.9155142307281494,0.9155142307281494,0.8535143136978149,OI_pcb-ind_96807debdcd4,OI_pcb-ind_a6fcbd5ff7ce,OI_pcb-ind_a6fcbd5ff7ce,0.0
1,base,OI_pcb-ind_e3ca7139ecc3,probe,same metadata group,pcb-ind,0.6347752809524536,0.6347752809524536,0.5985339879989624,OI_pcb-ind_0dc112eaeee3,OI_pcb-ind_ff53724c4acd,OI_pcb-ind_ff53724c4acd,0.0
1,base,OI_pcb-ind_e47523b54a8d,probe,same metadata group,pcb-ind,0.5862282514572144,0.6647025942802429,0.5777206420898438,OI_dspcbsd-plus_133bb32c41a8,OI_pcb-ind_5f40e6261c99,OI_pcb-ind_a1a453a98f80,-0.07847434282302856
1,base,OI_pcb-ind_e6242053a540,control,,pcb-ind,0.7362110614776611,0.7362110614776611,0.6223980188369751,OI_pcb-ind_1d6b0588a249,OI_pcb-ind_49934f800a63,OI_pcb-ind_49934f800a63,0.0
1,base,OI_pcb-ind_e6344f8c78a5,probe,same metadata group,pcb-ind,0.8774019479751587,0.8774019479751587,0.8199185132980347,OI_pcb-ind_7ceb6d0cd76c,OI_pcb-ind_4147f76465e8,OI_pcb-ind_4147f76465e8,0.0
1,base,OI_pcb-ind_e67d759144e6,control,,pcb-ind,0.788528323173523,0.788528323173523,0.619924008846283,OI_pcb-ind_a9e83ea4cfd9,OI_pcb-ind_cef19b805585,OI_pcb-ind_cef19b805585,0.0
1,base,OI_pcb-ind_e68b1f770bca,probe,same metadata group,pcb-ind,0.8472571969032288,0.8472571969032288,0.6064056158065796,OI_dspcbsd-plus_5c3310761413,OI_pcb-ind_c1ff182d564b,OI_pcb-ind_c1ff182d564b,0.0
1,base,OI_pcb-ind_e8f50eef7e5d,control,,pcb-ind,0.8061916828155518,0.8061916828155518,0.7089294195175171,OI_pcb-ind_6aad633cf599,OI_pcb-ind_03f3d1c7f03d,OI_pcb-ind_03f3d1c7f03d,0.0
1,base,OI_pcb-ind_ebaed4f8b877,probe,same metadata group,pcb-ind,0.7601741552352905,0.7601741552352905,0.7444701194763184,OI_pcb-ind_35e021f58fb2,OI_pcb-ind_ab9e9979958c,OI_pcb-ind_ab9e9979958c,0.0
1,base,OI_pcb-ind_ebbfd2a8caec,probe,same metadata group,pcb-ind,0.6885706186294556,0.6885706186294556,0.6594665050506592,OI_pcb-ind_3ccea58222cc,OI_pcb-ind_0b359478de65,OI_pcb-ind_0b359478de65,0.0
1,base,OI_pcb-ind_ed1aadec2e29,probe,same metadata group,pcb-ind,0.7650594115257263,0.7650594115257263,0.7086378335952759,OI_pcb-ind_eb6ce3d67189,OI_dspcbsd-plus_ad9221e3aa66,OI_dspcbsd-plus_ad9221e3aa66,0.0
1,base,OI_pcb-ind_ed2f495f7937,probe,same metadata group,pcb-ind,0.8007514476776123,0.8007514476776123,0.7670996189117432,OI_pcb-ind_d9f28766fa46,OI_pcb-ind_a1b481ca07d5,OI_pcb-ind_a1b481ca07d5,0.0
1,base,OI_pcb-ind_eda417066389,control,,pcb-ind,0.9220389723777771,0.9220389723777771,0.8427494764328003,OI_dspcbsd-plus_86d6904064a2,OI_pcb-ind_ec505e63e835,OI_pcb-ind_ec505e63e835,0.0
1,base,OI_pcb-ind_ee0f2727672d,probe,same metadata group,pcb-ind,0.9493816494941711,0.6752881407737732,0.9493816494941711,OI_pcb-ind_59ce71d68475,OI_pcb-ind_59ce71d68475,OI_pcb-ind_7a16ea5d6c76,0.27409350872039795
1,base,OI_pcb-ind_ef65623a36a4,probe,same metadata group,pcb-ind,0.7441496849060059,0.7441496849060059,0.6026508212089539,OI_pcb-ind_f97b3dd44f6a,OI_pcb-ind_e96f1f07938a,OI_pcb-ind_e96f1f07938a,0.0
1,base,OI_pcb-ind_f136ffedfc0b,control,,pcb-ind,0.7974716424942017,0.7974716424942017,0.6865828037261963,OI_pcb-ind_f18b53077d1e,OI_pcb-ind_b6e9d493bcba,OI_pcb-ind_b6e9d493bcba,0.0
1,base,OI_pcb-ind_f193dc797685,control,,pcb-ind,0.7742990851402283,0.7742990851402283,0.5305017828941345,OI_pcb-ind_097cc715b65e,OI_pcb-ind_bff574037ea9,OI_pcb-ind_bff574037ea9,0.0
1,base,OI_pcb-ind_f1b779afcbc5,probe,same metadata group,pcb-ind,0.8280841112136841,0.8030729293823242,0.8280841112136841,OI_pcb-ind_097cc715b65e,OI_pcb-ind_097cc715b65e,OI_pcb-ind_c1c4a18b6e5d,0.025011181831359863
1,base,OI_pcb-ind_f2164a308705,probe,same metadata group,pcb-ind,0.7969725728034973,0.7969725728034973,0.7031107544898987,OI_pcb-ind_55a76767dece,OI_pcb-ind_84a042222e6f,OI_pcb-ind_84a042222e6f,0.0
1,base,OI_pcb-ind_f50af238013d,probe,similar pair,pcb-ind,0.9866094589233398,0.8929928541183472,0.9866094589233398,OI_pcb-ind_b83f76d12f68,OI_pcb-ind_b83f76d12f68,OI_pcb-ind_3aa94a0070f4,0.09361660480499268
1,base,OI_pcb-ind_f876a8cdd0f4,control,,pcb-ind,0.8138666152954102,0.8138666152954102,0.7578524351119995,OI_dspcbsd-plus_4bfa310b7d17,OI_dspcbsd-plus_b1e48580f669,OI_dspcbsd-plus_b1e48580f669,0.0
1,base,OI_pcb-ind_fb37baaa751b,probe,same metadata group,pcb-ind,0.9031010866165161,0.9031010866165161,0.8985428810119629,OI_pcb-ind_47f1e6e7dc27,OI_pcb-ind_716a99e21ab0,OI_pcb-ind_716a99e21ab0,0.0
1,base,OI_pcb-ind_fb3cfcd0eff2,probe,same metadata group,pcb-ind,0.7017631530761719,0.7017631530761719,0.6319397687911987,OI_pcb-ind_86ae5af772a3,OI_pcb-ind_aa22c231815e,OI_pcb-ind_aa22c231815e,0.0
1,base,OI_pcb-ind_fc3551379da4,control,,pcb-ind,0.8040040135383606,0.8040040135383606,0.5536408424377441,OI_dspcbsd-plus_ed3013de37bc,OI_pcb-ind_651d28179213,OI_pcb-ind_651d28179213,0.0
1,base,OI_pcb-ind_fcb0e2e2a011,control,,pcb-ind,0.6681456565856934,0.6681456565856934,0.5942304134368896,OI_pcb-ind_fe37fb940941,OI_dspcbsd-plus_ae3c0c800c3e,OI_dspcbsd-plus_ae3c0c800c3e,0.0
1,base,OI_pcb-ind_fd416f41ca3e,probe,same metadata group,pcb-ind,0.7720968127250671,0.743380069732666,0.7720968127250671,OI_pcb-ind_7ceb6d0cd76c,OI_pcb-ind_7ceb6d0cd76c,OI_dspcbsd-plus_a84ff1d14862,0.028716742992401123
1,base,OI_pcb-ind_ffdc100fbc99,control,,pcb-ind,0.7088606357574463,0.7088606357574463,0.656242847442627,OI_pcb-ind_5799f9e435bd,OI_pcb-ind_e48d3d1c2525,OI_pcb-ind_e48d3d1c2525,0.0
2,small,OI_dspcbsd-plus_01d3117fc117,control,,dspcbsd-plus,0.7790659070014954,0.7790659070014954,0.7056435346603394,OI_pcb-ind_f77669524ab7,OI_dspcbsd-plus_611909e0970b,OI_dspcbsd-plus_611909e0970b,0.0
2,small,OI_dspcbsd-plus_03e1266b621b,control,,dspcbsd-plus,0.8856809735298157,0.7823017239570618,0.8856809735298157,OI_dspcbsd-plus_1b40682709ce,OI_dspcbsd-plus_1b40682709ce,OI_dspcbsd-plus_bcdc17d39f24,0.1033792495727539
2,small,OI_dspcbsd-plus_064612fda073,control,,dspcbsd-plus,0.8697280883789062,0.8156461119651794,0.8697280883789062,OI_dspcbsd-plus_12abe0924d24,OI_dspcbsd-plus_12abe0924d24,OI_dspcbsd-plus_4c18abb50e7e,0.05408197641372681
2,small,OI_dspcbsd-plus_07cff3b8a26e,control,,dspcbsd-plus,0.8791890740394592,0.8791890740394592,0.6591472625732422,OI_dspcbsd-plus_1b40682709ce,OI_dspcbsd-plus_8dafdfef7cef,OI_dspcbsd-plus_8dafdfef7cef,0.0
2,small,OI_dspcbsd-plus_0831476765fb,probe,similar pair,dspcbsd-plus,0.9220932126045227,0.8946804404258728,0.9220932126045227,OI_dspcbsd-plus_521d384b1334,OI_dspcbsd-plus_521d384b1334,OI_dspcbsd-plus_163bef46044d,0.027412772178649902
2,small,OI_dspcbsd-plus_09306cac5123,control,,dspcbsd-plus,0.8934472799301147,0.8957422375679016,0.8382942080497742,OI_dspcbsd-plus_0152dc94095e,OI_dspcbsd-plus_232acdbfb77d,OI_dspcbsd-plus_30de55dceef7,-0.0022949576377868652
2,small,OI_dspcbsd-plus_0940574db3dd,probe,similar pair,dspcbsd-plus,0.9210699796676636,0.8427934050559998,0.9210699796676636,OI_dspcbsd-plus_f45929834e71,OI_dspcbsd-plus_f45929834e71,OI_dspcbsd-plus_b821e27ea27b,0.07827657461166382
2,small,OI_dspcbsd-plus_09cc73bb3092,probe,similar pair,dspcbsd-plus,0.944914698600769,0.9173639416694641,0.944914698600769,OI_dspcbsd-plus_86d6904064a2,OI_dspcbsd-plus_86d6904064a2,OI_dspcbsd-plus_0a56a6650a57,0.02755075693130493
2,small,OI_dspcbsd-plus_0c683a2c5c05,probe,similar pair,dspcbsd-plus,0.93986576795578,0.8467110395431519,0.93986576795578,OI_dspcbsd-plus_f96e2797edb2,OI_dspcbsd-plus_f96e2797edb2,OI_dspcbsd-plus_5f057b5ad81e,0.09315472841262817
2,small,OI_dspcbsd-plus_0e9fe58190c2,probe,similar pair,dspcbsd-plus,0.9341139197349548,0.8816178441047668,0.9341139197349548,OI_dspcbsd-plus_233e65adae65,OI_dspcbsd-plus_233e65adae65,OI_dspcbsd-plus_126204af9cfb,0.05249607563018799
2,small,OI_dspcbsd-plus_0fa778951be0,probe,similar pair,dspcbsd-plus,0.933150053024292,0.8745930194854736,0.933150053024292,OI_dspcbsd-plus_537d500613ab,OI_dspcbsd-plus_537d500613ab,OI_dspcbsd-plus_594df4a0c5fb,0.05855703353881836
2,small,OI_dspcbsd-plus_0ff9491c971b,control,,dspcbsd-plus,0.8201553225517273,0.8201553225517273,0.7481653094291687,OI_dspcbsd-plus_a2f9dc8bf3c4,OI_dspcbsd-plus_2d50fc0b7255,OI_dspcbsd-plus_2d50fc0b7255,0.0
2,small,OI_dspcbsd-plus_11750cfbb173,probe,similar pair,dspcbsd-plus,0.9618973731994629,0.8884271383285522,0.9618973731994629,OI_dspcbsd-plus_cc18a59105fb,OI_dspcbsd-plus_cc18a59105fb,OI_dspcbsd-plus_47e856c80699,0.07347023487091064
2,small,OI_dspcbsd-plus_133bb32c41a8,probe,similar pair,dspcbsd-plus,0.9317517280578613,0.8278191089630127,0.9317517280578613,OI_dspcbsd-plus_c481c80a1022,OI_dspcbsd-plus_c481c80a1022,OI_dspcbsd-plus_a0dc50e55166,0.10393261909484863
2,small,OI_dspcbsd-plus_13564c3d33ad,probe,same component,dspcbsd-plus,0.913017213344574,0.8702318072319031,0.913017213344574,OI_dspcbsd-plus_66ca446697a1,OI_dspcbsd-plus_66ca446697a1,OI_dspcbsd-plus_7a79f9cc946a,0.0427854061126709
2,small,OI_dspcbsd-plus_147c878d5054,control,,dspcbsd-plus,0.6003898978233337,0.6003898978233337,0.522645115852356,OI_pcb-ind_e4330a11ed4c,OI_dspcbsd-plus_8d36e19cea50,OI_dspcbsd-plus_8d36e19cea50,0.0
2,small,OI_dspcbsd-plus_16f1e20c5456,control,,dspcbsd-plus,0.7599729895591736,0.7599729895591736,0.5522980690002441,OI_pcb-ind_4641ffd9ffd1,OI_dspcbsd-plus_134e55ae7147,OI_dspcbsd-plus_134e55ae7147,0.0
2,small,OI_dspcbsd-plus_172f0408ff87,control,,dspcbsd-plus,0.7249583005905151,0.7249583005905151,0.5428085923194885,OI_dspcbsd-plus_600e0bb4b349,OI_dspcbsd-plus_e91f7fd458fe,OI_dspcbsd-plus_e91f7fd458fe,0.0
2,small,OI_dspcbsd-plus_1e2da007deae,probe,same component,dspcbsd-plus,0.8400118947029114,0.902883768081665,0.8400118947029114,OI_dspcbsd-plus_245cfc2c89a7,OI_dspcbsd-plus_245cfc2c89a7,OI_dspcbsd-plus_43af320e9c50,-0.06287187337875366
2,small,OI_dspcbsd-plus_215b40390cc7,probe,similar pair,dspcbsd-plus,0.9288051128387451,0.8935168385505676,0.9288051128387451,OI_dspcbsd-plus_66ca446697a1,OI_dspcbsd-plus_66ca446697a1,OI_dspcbsd-plus_06c3d0f7560d,0.03528827428817749
2,small,OI_dspcbsd-plus_21cd143e3fb0,probe,similar pair,dspcbsd-plus,0.9181641936302185,0.834886908531189,0.9181641936302185,OI_dspcbsd-plus_3e9cf016f5e5,OI_dspcbsd-plus_3e9cf016f5e5,OI_dspcbsd-plus_1eac320303ac,0.08327728509902954
2,small,OI_dspcbsd-plus_23d54e5bd6a9,control,,dspcbsd-plus,0.8065077066421509,0.8065077066421509,0.7769327759742737,OI_dspcbsd-plus_c6f5b5eb7a09,OI_dspcbsd-plus_e389a0c37465,OI_dspcbsd-plus_e389a0c37465,0.0
2,small,OI_dspcbsd-plus_240b1bcfbf20,control,,dspcbsd-plus,0.8058905601501465,0.8058905601501465,0.7635443210601807,OI_pcb-ind_d9f28766fa46,OI_pcb-ind_a1a453a98f80,OI_pcb-ind_a1a453a98f80,0.0
2,small,OI_dspcbsd-plus_254ac9a86bd2,control,,dspcbsd-plus,0.8436892628669739,0.8436892628669739,0.7184255719184875,OI_dspcbsd-plus_f30edac9fa8b,OI_dspcbsd-plus_5b2e0afa34f0,OI_dspcbsd-plus_5b2e0afa34f0,0.0
2,small,OI_dspcbsd-plus_25a62020f985,probe,similar pair,dspcbsd-plus,0.946723222732544,0.868851900100708,0.946723222732544,OI_dspcbsd-plus_cc18a59105fb,OI_dspcbsd-plus_cc18a59105fb,OI_dspcbsd-plus_47e856c80699,0.07787132263183594
2,small,OI_dspcbsd-plus_28a888bdc13b,control,,dspcbsd-plus,0.7260642051696777,0.7260642051696777,0.6268604397773743,OI_dspcbsd-plus_4de906b98c8f,OI_dspcbsd-plus_0d065724482f,OI_dspcbsd-plus_0d065724482f,0.0
2,small,OI_dspcbsd-plus_28b1e0d2dade,control,,dspcbsd-plus,0.751816987991333,0.751816987991333,0.7100748419761658,OI_dspcbsd-plus_600e0bb4b349,OI_dspcbsd-plus_25ac6a24c2d1,OI_dspcbsd-plus_25ac6a24c2d1,0.0
2,small,OI_dspcbsd-plus_295af1c5afce,control,,dspcbsd-plus,0.8874124884605408,0.8874124884605408,0.6611774563789368,OI_pcb-ind_00223f066570,OI_dspcbsd-plus_4df1348ec5da,OI_dspcbsd-plus_4df1348ec5da,0.0
2,small,OI_dspcbsd-plus_295b9e8f4026,control,,dspcbsd-plus,0.8458292484283447,0.8458292484283447,0.8299384713172913,OI_dspcbsd-plus_c6f5b5eb7a09,OI_dspcbsd-plus_7a870ba1fb49,OI_dspcbsd-plus_7a870ba1fb49,0.0
2,small,OI_dspcbsd-plus_2b33ab99a98f,probe,similar pair,dspcbsd-plus,0.9203361868858337,0.8828266859054565,0.9203361868858337,OI_dspcbsd-plus_474756b11f13,OI_dspcbsd-plus_474756b11f13,OI_dspcbsd-plus_b53574011833,0.0375095009803772
2,small,OI_dspcbsd-plus_2fe414263e4e,probe,same component,dspcbsd-plus,0.8867331147193909,0.8110475540161133,0.8867331147193909,OI_dspcbsd-plus_c5c737f691f6,OI_dspcbsd-plus_c5c737f691f6,OI_dspcbsd-plus_b821e27ea27b,0.07568556070327759
2,small,OI_dspcbsd-plus_30727ef81f96,control,,dspcbsd-plus,0.7342800498008728,0.7342800498008728,0.6967732310295105,OI_pcb-ind_652e009ca0c2,OI_dspcbsd-plus_df7a904514ef,OI_dspcbsd-plus_df7a904514ef,0.0
2,small,OI_dspcbsd-plus_342f42125741,probe,same component,dspcbsd-plus,0.88034588098526,0.88034588098526,0.8528810739517212,OI_dspcbsd-plus_cc18a59105fb,OI_dspcbsd-plus_7729223f4f94,OI_dspcbsd-plus_7729223f4f94,0.0
2,small,OI_dspcbsd-plus_34d49361ea8d,control,,dspcbsd-plus,0.7004601359367371,0.7004601359367371,0.5632346272468567,OI_dspcbsd-plus_f8341c445e6a,OI_dspcbsd-plus_d9dc53252bf8,OI_dspcbsd-plus_d9dc53252bf8,0.0
2,small,OI_dspcbsd-plus_35ce0659bc5b,control,,dspcbsd-plus,0.6651868224143982,0.6651868224143982,0.5286311507225037,OI_dspcbsd-plus_880fd323c90d,OI_dspcbsd-plus_c8918ad12135,OI_dspcbsd-plus_c8918ad12135,0.0
2,small,OI_dspcbsd-plus_36a61eb52066,probe,similar pair,dspcbsd-plus,0.9861382246017456,0.8983630537986755,0.9861382246017456,OI_dspcbsd-plus_a4d97e1bb28d,OI_dspcbsd-plus_a4d97e1bb28d,OI_dspcbsd-plus_7a79f9cc946a,0.08777517080307007
2,small,OI_dspcbsd-plus_393952300367,control,,dspcbsd-plus,0.8145931959152222,0.8145931959152222,0.7334210872650146,OI_dspcbsd-plus_bbef178a1791,OI_dspcbsd-plus_464a9abbe380,OI_dspcbsd-plus_464a9abbe380,0.0
2,small,OI_dspcbsd-plus_3a20af8eeada,control,,dspcbsd-plus,0.9105322957038879,0.9105322957038879,0.7652854919433594,OI_dspcbsd-plus_f96e2797edb2,OI_dspcbsd-plus_9a36bc7f1232,OI_dspcbsd-plus_9a36bc7f1232,0.0
2,small,OI_dspcbsd-plus_3b71e743ad51,control,,dspcbsd-plus,0.854478120803833,0.854478120803833,0.6608349680900574,OI_dspcbsd-plus_4b319d537fc4,OI_dspcbsd-plus_989ff4cf7601,OI_dspcbsd-plus_989ff4cf7601,0.0
2,small,OI_dspcbsd-plus_3ba4fc7a7afa,probe,similar pair,dspcbsd-plus,0.9554426670074463,0.8853923678398132,0.9554426670074463,OI_dspcbsd-plus_3c6f29099357,OI_dspcbsd-plus_3c6f29099357,OI_dspcbsd-plus_394394c602af,0.07005029916763306
2,small,OI_dspcbsd-plus_3c4bf1daec46,probe,similar pair,dspcbsd-plus,0.9238273501396179,0.8780821561813354,0.9238273501396179,OI_dspcbsd-plus_f8341c445e6a,OI_dspcbsd-plus_f8341c445e6a,OI_dspcbsd-plus_8169c451bb67,0.04574519395828247
2,small,OI_dspcbsd-plus_3eb7e261673f,probe,similar pair,dspcbsd-plus,0.9266216158866882,0.8167069554328918,0.9266216158866882,OI_dspcbsd-plus_4b319d537fc4,OI_dspcbsd-plus_4b319d537fc4,OI_dspcbsd-plus_8edd98080171,0.10991466045379639
2,small,OI_dspcbsd-plus_3edebf881e8d,probe,same component,dspcbsd-plus,0.8911890387535095,0.8293015360832214,0.8911890387535095,OI_dspcbsd-plus_bcedffdf5c91,OI_dspcbsd-plus_bcedffdf5c91,OI_dspcbsd-plus_93f8674ab1f5,0.061887502670288086
2,small,OI_dspcbsd-plus_3f24951fcfb8,probe,similar pair,dspcbsd-plus,0.918363094329834,0.9172222018241882,0.918363094329834,OI_dspcbsd-plus_41006b5135f0,OI_dspcbsd-plus_41006b5135f0,OI_dspcbsd-plus_c6314b947a0c,0.001140892505645752
2,small,OI_dspcbsd-plus_402e360b0497,probe,same component,dspcbsd-plus,0.9158183932304382,0.8448542952537537,0.9158183932304382,OI_dspcbsd-plus_ff9708cee904,OI_dspcbsd-plus_ff9708cee904,OI_dspcbsd-plus_41c26127bfbd,0.07096409797668457
2,small,OI_dspcbsd-plus_40b98edd579e,probe,similar pair,dspcbsd-plus,0.9587970972061157,0.6983274817466736,0.9587970972061157,OI_dspcbsd-plus_001368584365,OI_dspcbsd-plus_001368584365,OI_dspcbsd-plus_9d96e6af0b38,0.26046961545944214
2,small,OI_dspcbsd-plus_40f96a086555,probe,same component,dspcbsd-plus,0.8864679336547852,0.7968540191650391,0.8864679336547852,OI_dspcbsd-plus_e2692329fa2c,OI_dspcbsd-plus_e2692329fa2c,OI_dspcbsd-plus_6a9b02493e9e,0.0896139144897461
2,small,OI_dspcbsd-plus_41be72629072,control,,dspcbsd-plus,0.816339910030365,0.816339910030365,0.7239996194839478,OI_pcb-ind_6e292a252163,OI_pcb-ind_c2c3b955b200,OI_pcb-ind_c2c3b955b200,0.0
2,small,OI_dspcbsd-plus_433b88c61737,control,,dspcbsd-plus,0.8772088289260864,0.8772088289260864,0.7082788348197937,OI_dspcbsd-plus_3c005d0965b8,OI_dspcbsd-plus_dd916c34392b,OI_dspcbsd-plus_dd916c34392b,0.0
2,small,OI_dspcbsd-plus_456edf1c023a,probe,same component,dspcbsd-plus,0.8962313532829285,0.8376041650772095,0.8962313532829285,OI_dspcbsd-plus_880fd323c90d,OI_dspcbsd-plus_880fd323c90d,OI_dspcbsd-plus_b821e27ea27b,0.058627188205718994
2,small,OI_dspcbsd-plus_476c157efc95,control,,dspcbsd-plus,0.8675292730331421,0.8675292730331421,0.7654284834861755,OI_dspcbsd-plus_3c005d0965b8,OI_dspcbsd-plus_c0bc68b43caa,OI_dspcbsd-plus_c0bc68b43caa,0.0
2,small,OI_dspcbsd-plus_4a302792b10b,probe,similar pair,dspcbsd-plus,0.9191069006919861,0.9003556370735168,0.9191069006919861,OI_dspcbsd-plus_7a70f7d5f018,OI_dspcbsd-plus_7a70f7d5f018,OI_dspcbsd-plus_dfade66271d5,0.01875126361846924
2,small,OI_dspcbsd-plus_4c1309ab840c,control,,dspcbsd-plus,0.7203530669212341,0.7203530669212341,0.6497618556022644,OI_dspcbsd-plus_9e679587e516,OI_dspcbsd-plus_a2432529583b,OI_dspcbsd-plus_a2432529583b,0.0
2,small,OI_dspcbsd-plus_4c7451784d26,control,,dspcbsd-plus,0.7691449522972107,0.7691449522972107,0.6758919358253479,OI_pcb-ind_d43f68d73a87,OI_dspcbsd-plus_9c90ddabdca3,OI_dspcbsd-plus_9c90ddabdca3,0.0
2,small,OI_dspcbsd-plus_4c90c9d061aa,probe,similar pair,dspcbsd-plus,0.9774981141090393,0.7487273216247559,0.9774981141090393,OI_dspcbsd-plus_fe4d5298873b,OI_dspcbsd-plus_fe4d5298873b,OI_dspcbsd-plus_daaf28d6962b,0.22877079248428345
2,small,OI_dspcbsd-plus_4cb795ae146b,probe,similar pair,dspcbsd-plus,0.927204430103302,0.8711975812911987,0.927204430103302,OI_dspcbsd-plus_4b28fac5f3b9,OI_dspcbsd-plus_4b28fac5f3b9,OI_dspcbsd-plus_8169c451bb67,0.05600684881210327
2,small,OI_dspcbsd-plus_4d46c74b19cf,control,,dspcbsd-plus,0.8511801958084106,0.8511801958084106,0.7580778002738953,OI_pcb-ind_d43f68d73a87,OI_dspcbsd-plus_e5fb8a42351a,OI_dspcbsd-plus_e5fb8a42351a,0.0
2,small,OI_dspcbsd-plus_4e3197d33ec4,control,,dspcbsd-plus,0.7770640850067139,0.7770640850067139,0.5970509648323059,OI_dspcbsd-plus_c038d894bbe6,OI_dspcbsd-plus_308e2a14c018,OI_dspcbsd-plus_308e2a14c018,0.0
2,small,OI_dspcbsd-plus_502763ed6098,control,,dspcbsd-plus,0.6977030634880066,0.6977030634880066,0.6568350195884705,OI_pcb-ind_6e292a252163,OI_dspcbsd-plus_dd0da4765d93,OI_dspcbsd-plus_dd0da4765d93,0.0
2,small,OI_dspcbsd-plus_50ab8cedacbe,control,,dspcbsd-plus,0.7664724588394165,0.6954506635665894,0.7664724588394165,OI_dspcbsd-plus_bd77cb67b9cc,OI_dspcbsd-plus_bd77cb67b9cc,OI_dspcbsd-plus_e2a0c4c6f12f,0.07102179527282715
2,small,OI_dspcbsd-plus_516524f98c80,control,,dspcbsd-plus,0.8411604166030884,0.8360233902931213,0.8411604166030884,OI_pcb-ind_aa75ac5ad383,OI_pcb-ind_aa75ac5ad383,OI_dspcbsd-plus_9534d526fc87,0.005137026309967041
2,small,OI_dspcbsd-plus_52e2a4e2a44e,probe,same component,dspcbsd-plus,0.9061329960823059,0.860504150390625,0.9061329960823059,OI_dspcbsd-plus_880fd323c90d,OI_dspcbsd-plus_880fd323c90d,OI_dspcbsd-plus_b821e27ea27b,0.04562884569168091
2,small,OI_dspcbsd-plus_55083d6d747a,control,,dspcbsd-plus,0.888304591178894,0.888304591178894,0.8778411746025085,OI_dspcbsd-plus_41006b5135f0,OI_dspcbsd-plus_4a323f42ebbf,OI_dspcbsd-plus_4a323f42ebbf,0.0
2,small,OI_dspcbsd-plus_5b8f51faecea,control,,dspcbsd-plus,0.9072346091270447,0.9072346091270447,0.8032017946243286,OI_dspcbsd-plus_474756b11f13,OI_dspcbsd-plus_1a1d846de7fe,OI_dspcbsd-plus_1a1d846de7fe,0.0
2,small,OI_dspcbsd-plus_5c3310761413,probe,similar pair,dspcbsd-plus,0.9336336851119995,0.8766212463378906,0.9336336851119995,OI_dspcbsd-plus_bbef178a1791,OI_dspcbsd-plus_bbef178a1791,OI_pcb-ind_764a0654181a,0.05701243877410889
2,small,OI_dspcbsd-plus_5cfa1a1b528c,control,,dspcbsd-plus,0.7779641151428223,0.7779641151428223,0.7272345423698425,OI_pcb-ind_56e12bd681a5,OI_dspcbsd-plus_45c55822b748,OI_dspcbsd-plus_45c55822b748,0.0
2,small,OI_dspcbsd-plus_5d7712fc9d90,probe,similar pair,dspcbsd-plus,0.9725437760353088,0.8087521195411682,0.9725437760353088,OI_dspcbsd-plus_9e679587e516,OI_dspcbsd-plus_9e679587e516,OI_dspcbsd-plus_fea6034c929e,0.16379165649414062
2,small,OI_dspcbsd-plus_5e02b355c148,probe,similar pair,dspcbsd-plus,0.9244524836540222,0.8543398976325989,0.9244524836540222,OI_dspcbsd-plus_07a82f22937e,OI_dspcbsd-plus_07a82f22937e,OI_dspcbsd-plus_b6aaf785fb8d,0.07011258602142334
2,small,OI_dspcbsd-plus_5f8dc5a1c5e0,probe,similar pair,dspcbsd-plus,0.9519312381744385,0.9155852794647217,0.9519312381744385,OI_dspcbsd-plus_56b026c4c387,OI_dspcbsd-plus_56b026c4c387,OI_dspcbsd-plus_06c8a179017d,0.0363459587097168
2,small,OI_dspcbsd-plus_5f8e748f24e4,probe,similar pair,dspcbsd-plus,0.9233238101005554,0.8443337082862854,0.9233238101005554,OI_dspcbsd-plus_12bba18b9467,OI_dspcbsd-plus_12bba18b9467,OI_dspcbsd-plus_091754278c33,0.07899010181427002
2,small,OI_dspcbsd-plus_5f9832c7e958,probe,similar pair,dspcbsd-plus,0.9493728280067444,0.9051241874694824,0.9493728280067444,OI_dspcbsd-plus_1ea2754aa5d4,OI_dspcbsd-plus_1ea2754aa5d4,OI_dspcbsd-plus_13073a87789a,0.04424864053726196
2,small,OI_dspcbsd-plus_60fbebee134e,probe,same component,dspcbsd-plus,0.905321478843689,0.8535149097442627,0.905321478843689,OI_dspcbsd-plus_c6f5b5eb7a09,OI_dspcbsd-plus_c6f5b5eb7a09,OI_dspcbsd-plus_47e856c80699,0.05180656909942627
2,small,OI_dspcbsd-plus_613c6b81528d,control,,dspcbsd-plus,0.848442792892456,0.848442792892456,0.7172630429267883,OI_dspcbsd-plus_2a66eea6036d,OI_dspcbsd-plus_d980c1541c5b,OI_dspcbsd-plus_d980c1541c5b,0.0
2,small,OI_dspcbsd-plus_6156805e6cd7,probe,same component,dspcbsd-plus,0.8640092015266418,0.8651803731918335,0.8640092015266418,OI_dspcbsd-plus_12abe0924d24,OI_dspcbsd-plus_12abe0924d24,OI_dspcbsd-plus_4c18abb50e7e,-0.0011711716651916504
2,small,OI_dspcbsd-plus_618b14e9cca7,probe,similar pair,dspcbsd-plus,0.9240782260894775,0.8286814093589783,0.9240782260894775,OI_dspcbsd-plus_8fbfaabaaf62,OI_dspcbsd-plus_8fbfaabaaf62,OI_dspcbsd-plus_43af320e9c50,0.09539681673049927
2,small,OI_dspcbsd-plus_6691fd125546,probe,similar pair,dspcbsd-plus,0.9216620922088623,0.8224063515663147,0.9216620922088623,OI_dspcbsd-plus_a4d97e1bb28d,OI_dspcbsd-plus_a4d97e1bb28d,OI_dspcbsd-plus_4c18abb50e7e,0.09925574064254761
2,small,OI_dspcbsd-plus_66c759c1989f,probe,same component,dspcbsd-plus,0.9080229997634888,0.9065676927566528,0.9080229997634888,OI_dspcbsd-plus_12abe0924d24,OI_dspcbsd-plus_12abe0924d24,OI_dspcbsd-plus_4c18abb50e7e,0.0014553070068359375
2,small,OI_dspcbsd-plus_68719abe64a0,control,,dspcbsd-plus,0.8452954292297363,0.8452954292297363,0.7548295855522156,OI_pcb-ind_6ada68a07442,OI_dspcbsd-plus_f38e7c53d785,OI_dspcbsd-plus_f38e7c53d785,0.0
2,small,OI_dspcbsd-plus_688733ba4228,control,,dspcbsd-plus,0.8439562916755676,0.8439562916755676,0.7436214089393616,OI_dspcbsd-plus_521d384b1334,OI_dspcbsd-plus_38bf30eabf7f,OI_dspcbsd-plus_38bf30eabf7f,0.0
2,small,OI_dspcbsd-plus_6a79caf94abd,probe,similar pair,dspcbsd-plus,0.954649806022644,0.871579647064209,0.954649806022644,OI_dspcbsd-plus_f7fa401df228,OI_dspcbsd-plus_f7fa401df228,OI_dspcbsd-plus_9729bee1df03,0.08307015895843506
2,small,OI_dspcbsd-plus_6ad4d2598d1d,control,,dspcbsd-plus,0.8228734135627747,0.8228734135627747,0.6811090111732483,OI_dspcbsd-plus_a2f9dc8bf3c4,OI_dspcbsd-plus_82988810bf54,OI_dspcbsd-plus_82988810bf54,0.0
2,small,OI_dspcbsd-plus_6adf3cb453aa,control,,dspcbsd-plus,0.8056889772415161,0.7742487192153931,0.8056889772415161,OI_dspcbsd-plus_ffff273bd969,OI_dspcbsd-plus_ffff273bd969,OI_dspcbsd-plus_d543a2eb0d69,0.03144025802612305
2,small,OI_dspcbsd-plus_6b545dd95cf0,control,,dspcbsd-plus,0.8313018679618835,0.8313018679618835,0.8089263439178467,OI_dspcbsd-plus_a2f9dc8bf3c4,OI_dspcbsd-plus_339f2291a79f,OI_dspcbsd-plus_339f2291a79f,0.0
2,small,OI_dspcbsd-plus_6cb498e1cc95,probe,similar pair,dspcbsd-plus,0.9711529612541199,0.8178581595420837,0.9711529612541199,OI_dspcbsd-plus_bd77cb67b9cc,OI_dspcbsd-plus_bd77cb67b9cc,OI_dspcbsd-plus_3f3cf612b851,0.15329480171203613
2,small,OI_dspcbsd-plus_6d17a50f5c6e,control,,dspcbsd-plus,0.8385283946990967,0.8385283946990967,0.6788976788520813,OI_pcb-ind_e4330a11ed4c,OI_dspcbsd-plus_be5363e5fa5f,OI_dspcbsd-plus_be5363e5fa5f,0.0
2,small,OI_dspcbsd-plus_6fb9b98e9391,control,,dspcbsd-plus,0.8348055481910706,0.8348055481910706,0.7884832620620728,OI_dspcbsd-plus_233e65adae65,OI_dspcbsd-plus_5c2589e38bc0,OI_dspcbsd-plus_5c2589e38bc0,0.0
2,small,OI_dspcbsd-plus_70a05a4f4cd0,control,,dspcbsd-plus,0.7211958169937134,0.7211958169937134,0.6786302924156189,OI_dspcbsd-plus_f8341c445e6a,OI_dspcbsd-plus_e9932bac58a0,OI_dspcbsd-plus_e9932bac58a0,0.0
2,small,OI_dspcbsd-plus_7256a8070201,probe,similar pair,dspcbsd-plus,0.9525159001350403,0.9123333692550659,0.9525159001350403,OI_dspcbsd-plus_dda48a6f621d,OI_dspcbsd-plus_dda48a6f621d,OI_dspcbsd-plus_71c07199a1c1,0.040182530879974365
2,small,OI_dspcbsd-plus_72743edb4e25,control,,dspcbsd-plus,0.6549550294876099,0.6549550294876099,0.583663821220398,OI_pcb-ind_61c51e8ade61,OI_dspcbsd-plus_f98511422fde,OI_dspcbsd-plus_f98511422fde,0.0
2,small,OI_dspcbsd-plus_73b554a9f8d2,probe,same component,dspcbsd-plus,0.8642648458480835,0.8560665845870972,0.8642648458480835,OI_dspcbsd-plus_1b40682709ce,OI_dspcbsd-plus_1b40682709ce,OI_dspcbsd-plus_bcdc17d39f24,0.008198261260986328
2,small,OI_dspcbsd-plus_74b13fc9411d,control,,dspcbsd-plus,0.7138922214508057,0.7138922214508057,0.6778575778007507,OI_pcb-ind_cd28c082879f,OI_dspcbsd-plus_4188e5dac6de,OI_dspcbsd-plus_4188e5dac6de,0.0
2,small,OI_dspcbsd-plus_76bce86712ed,control,,dspcbsd-plus,0.8296509385108948,0.8374101519584656,0.8138933777809143,OI_pcb-ind_6ada68a07442,OI_dspcbsd-plus_e51de3301549,OI_pcb-ind_67c9caede9fc,-0.007759213447570801
2,small,OI_dspcbsd-plus_78a6012fffe4,control,,dspcbsd-plus,0.8252450227737427,0.8252450227737427,0.654250979423523,OI_pcb-ind_1243fa1633ba,OI_dspcbsd-plus_4eae8bd1a877,OI_dspcbsd-plus_4eae8bd1a877,0.0
2,small,OI_dspcbsd-plus_79e0cba74699,control,,dspcbsd-plus,0.8273000717163086,0.8254349231719971,0.8273000717163086,OI_dspcbsd-plus_ee30ea6a6339,OI_dspcbsd-plus_ee30ea6a6339,OI_dspcbsd-plus_e626c6d62273,0.0018651485443115234
2,small,OI_dspcbsd-plus_7a0600398785,control,,dspcbsd-plus,0.8134272694587708,0.8134272694587708,0.725080132484436,OI_pcb-ind_7dd6f1342758,OI_dspcbsd-plus_4cf8a3111490,OI_dspcbsd-plus_4cf8a3111490,0.0
2,small,OI_dspcbsd-plus_7c41fb1c296a,control,,dspcbsd-plus,0.7453948259353638,0.7453948259353638,0.569443941116333,OI_dspcbsd-plus_12abe0924d24,OI_pcb-ind_9bac6ab7ad7e,OI_pcb-ind_9bac6ab7ad7e,0.0
2,small,OI_dspcbsd-plus_7cb53cab0c20,probe,similar pair,dspcbsd-plus,0.9266095161437988,0.9130247831344604,0.9266095161437988,OI_dspcbsd-plus_2a66eea6036d,OI_dspcbsd-plus_2a66eea6036d,OI_dspcbsd-plus_9aec937cdf1a,0.013584733009338379
2,small,OI_dspcbsd-plus_7d9815ad3ff2,control,,dspcbsd-plus,0.8024085760116577,0.8024085760116577,0.6473656892776489,OI_pcb-ind_fb37baaa751b,OI_dspcbsd-plus_c5113c266741,OI_dspcbsd-plus_c5113c266741,0.0
2,small,OI_dspcbsd-plus_7e5214349fdf,control,,dspcbsd-plus,0.8408617973327637,0.8408617973327637,0.7835273742675781,OI_dspcbsd-plus_233e65adae65,OI_dspcbsd-plus_e0e63b276110,OI_dspcbsd-plus_e0e63b276110,0.0
2,small,OI_dspcbsd-plus_7ef8c1b54634,probe,similar pair,dspcbsd-plus,0.9599899053573608,0.9155725836753845,0.9599899053573608,OI_dspcbsd-plus_66ca446697a1,OI_dspcbsd-plus_66ca446697a1,OI_dspcbsd-plus_47e856c80699,0.04441732168197632
2,small,OI_dspcbsd-plus_846ef2b43ab3,control,,dspcbsd-plus,0.8857346773147583,0.8857346773147583,0.8478249311447144,OI_dspcbsd-plus_26f8cde0048f,OI_dspcbsd-plus_daa72f733598,OI_dspcbsd-plus_daa72f733598,0.0
2,small,OI_dspcbsd-plus_85474c3f47d4,probe,similar pair,dspcbsd-plus,0.9268270134925842,0.8621619343757629,0.9268270134925842,OI_dspcbsd-plus_7f25fc788332,OI_dspcbsd-plus_7f25fc788332,OI_pcb-ind_a44671dd246f,0.06466507911682129
2,small,OI_dspcbsd-plus_89ceacd9d528,control,,dspcbsd-plus,0.7123228907585144,0.7440784573554993,0.6440934538841248,OI_dspcbsd-plus_537d500613ab,OI_dspcbsd-plus_e9a1b9418673,OI_dspcbsd-plus_f8d64bfc4917,-0.03175556659698486
2,small,OI_dspcbsd-plus_8d0ee8649f39,control,,dspcbsd-plus,0.9025061726570129,0.9025061726570129,0.8670318126678467,OI_dspcbsd-plus_41006b5135f0,OI_dspcbsd-plus_fc1bd5467cb5,OI_dspcbsd-plus_fc1bd5467cb5,0.0
2,small,OI_dspcbsd-plus_8d1c68fb7347,control,,dspcbsd-plus,0.7490195631980896,0.7490195631980896,0.6411194801330566,OI_dspcbsd-plus_600e0bb4b349,OI_pcb-ind_f3c68691ec29,OI_pcb-ind_f3c68691ec29,0.0
2,small,OI_dspcbsd-plus_8ec63981d503,probe,similar pair,dspcbsd-plus,0.9629589319229126,0.853830099105835,0.9629589319229126,OI_dspcbsd-plus_f44a00eaa665,OI_dspcbsd-plus_f44a00eaa665,OI_dspcbsd-plus_e614cd8be7b6,0.10912883281707764
2,small,OI_dspcbsd-plus_8ec7736ccb84,probe,similar pair,dspcbsd-plus,0.9332876205444336,0.7928851842880249,0.9332876205444336,OI_dspcbsd-plus_245cfc2c89a7,OI_dspcbsd-plus_245cfc2c89a7,OI_dspcbsd-plus_b821e27ea27b,0.1404024362564087
2,small,OI_dspcbsd-plus_8ecd8f208c68,probe,similar pair,dspcbsd-plus,0.9323473572731018,0.8895739316940308,0.9323473572731018,OI_dspcbsd-plus_083f9bb00d27,OI_dspcbsd-plus_083f9bb00d27,OI_dspcbsd-plus_3ea89fbe7a98,0.042773425579071045
2,small,OI_dspcbsd-plus_8f213396a547,control,,dspcbsd-plus,0.6594567894935608,0.6594567894935608,0.572990894317627,OI_pcb-ind_e4330a11ed4c,OI_dspcbsd-plus_bcdc17d39f24,OI_dspcbsd-plus_bcdc17d39f24,0.0
2,small,OI_dspcbsd-plus_8ff50c0b94cd,control,,dspcbsd-plus,0.6264139413833618,0.6264139413833618,0.5407066941261292,OI_dspcbsd-plus_1311a2cec296,OI_pcb-ind_71235fcee911,OI_pcb-ind_71235fcee911,0.0
2,small,OI_dspcbsd-plus_924f55cef510,control,,dspcbsd-plus,0.8767553567886353,0.8767553567886353,0.7470992803573608,OI_dspcbsd-plus_a2f9dc8bf3c4,OI_dspcbsd-plus_2edef7a20d33,OI_dspcbsd-plus_2edef7a20d33,0.0
2,small,OI_dspcbsd-plus_93d5b92757c7,probe,similar pair,dspcbsd-plus,0.9228256940841675,0.8858981728553772,0.9228256940841675,OI_dspcbsd-plus_8e37652fb174,OI_dspcbsd-plus_8e37652fb174,OI_dspcbsd-plus_1eac320303ac,0.03692752122879028
2,small,OI_dspcbsd-plus_96dde8a944d1,probe,similar pair,dspcbsd-plus,0.9370343089103699,0.7839924693107605,0.9370343089103699,OI_dspcbsd-plus_22641973d7e7,OI_dspcbsd-plus_22641973d7e7,OI_dspcbsd-plus_be6876eea310,0.15304183959960938
2,small,OI_dspcbsd-plus_a022f21892ab,probe,similar pair,dspcbsd-plus,0.9203874468803406,0.8764755725860596,0.9203874468803406,OI_dspcbsd-plus_f30edac9fa8b,OI_dspcbsd-plus_f30edac9fa8b,OI_dspcbsd-plus_e60fdc8368f0,0.043911874294281006
2,small,OI_dspcbsd-plus_a12828c65f3a,control,,dspcbsd-plus,0.8238762617111206,0.8238762617111206,0.730621337890625,OI_pcb-ind_d43f68d73a87,OI_dspcbsd-plus_b2d425e41859,OI_dspcbsd-plus_b2d425e41859,0.0
2,small,OI_dspcbsd-plus_a1c516500ff7,probe,same component,dspcbsd-plus,0.9029681086540222,0.7368746995925903,0.9029681086540222,OI_dspcbsd-plus_9ba529913caf,OI_dspcbsd-plus_9ba529913caf,OI_dspcbsd-plus_e42ed176bcb9,0.16609340906143188
2,small,OI_dspcbsd-plus_a1d9bdad5249,probe,similar pair,dspcbsd-plus,0.9351230263710022,0.7924318909645081,0.9351230263710022,OI_dspcbsd-plus_245cfc2c89a7,OI_dspcbsd-plus_245cfc2c89a7,OI_dspcbsd-plus_b3a56274dd84,0.14269113540649414
2,small,OI_dspcbsd-plus_a29d78fbd295,probe,similar pair,dspcbsd-plus,0.9308311939239502,0.913551926612854,0.9308311939239502,OI_dspcbsd-plus_3c5d112f7fd5,OI_dspcbsd-plus_3c5d112f7fd5,OI_dspcbsd-plus_b2ed651dfd26,0.01727926731109619
2,small,OI_dspcbsd-plus_a447cf91b72f,probe,similar pair,dspcbsd-plus,0.9394849538803101,0.8049654364585876,0.9394849538803101,OI_dspcbsd-plus_245cfc2c89a7,OI_dspcbsd-plus_245cfc2c89a7,OI_dspcbsd-plus_b821e27ea27b,0.1345195174217224
2,small,OI_dspcbsd-plus_a4ed397b28bd,control,,dspcbsd-plus,0.7609387636184692,0.7609387636184692,0.6898341178894043,OI_dspcbsd-plus_f7fa401df228,OI_dspcbsd-plus_b5b79e421068,OI_dspcbsd-plus_b5b79e421068,0.0
2,small,OI_dspcbsd-plus_a6feb356dba8,control,,dspcbsd-plus,0.7766869068145752,0.8440349102020264,0.5535757541656494,OI_dspcbsd-plus_537d500613ab,OI_dspcbsd-plus_66d0e5168b03,OI_dspcbsd-plus_bdc935fa9972,-0.06734800338745117
2,small,OI_dspcbsd-plus_a757533c00ad,probe,same component,dspcbsd-plus,0.909051239490509,0.8705751895904541,0.909051239490509,OI_dspcbsd-plus_8e37652fb174,OI_dspcbsd-plus_8e37652fb174,OI_dspcbsd-plus_1eac320303ac,0.03847604990005493
2,small,OI_dspcbsd-plus_a77eee08b680,control,,dspcbsd-plus,0.8035022616386414,0.8035022616386414,0.7203993201255798,OI_pcb-ind_7d049ecb36bd,OI_dspcbsd-plus_43011ec74b89,OI_dspcbsd-plus_43011ec74b89,0.0
2,small,OI_dspcbsd-plus_a871fe14dd3c,control,,dspcbsd-plus,0.8267533183097839,0.8267533183097839,0.5342150330543518,OI_pcb-ind_702ab8a47cd6,OI_dspcbsd-plus_bd94a56fe6ce,OI_dspcbsd-plus_bd94a56fe6ce,0.0
2,small,OI_dspcbsd-plus_aad13eafd91c,control,,dspcbsd-plus,0.6895752549171448,0.6895752549171448,0.5838112235069275,OI_dspcbsd-plus_88a7ac995bde,OI_dspcbsd-plus_feaf144976be,OI_dspcbsd-plus_feaf144976be,0.0
2,small,OI_dspcbsd-plus_ab25c96abd6e,probe,similar pair,dspcbsd-plus,0.9259376525878906,0.8078010082244873,0.9259376525878906,OI_dspcbsd-plus_400aa198068c,OI_dspcbsd-plus_400aa198068c,OI_dspcbsd-plus_bacd34567193,0.11813664436340332
2,small,OI_dspcbsd-plus_ace9bbf41291,control,,dspcbsd-plus,0.8115385174751282,0.8354783654212952,0.7516183853149414,OI_dspcbsd-plus_010f6b274095,OI_dspcbsd-plus_e628599ebd98,OI_dspcbsd-plus_5c0ec22eaa5d,-0.023939847946166992
2,small,OI_dspcbsd-plus_aecaafe6ea19,probe,same component,dspcbsd-plus,0.8707818388938904,0.8706352710723877,0.8707818388938904,OI_dspcbsd-plus_a6f493e08d9c,OI_dspcbsd-plus_a6f493e08d9c,OI_dspcbsd-plus_672897d05b3b,0.00014656782150268555
2,small,OI_dspcbsd-plus_af42cb7e1bcf,probe,similar pair,dspcbsd-plus,0.9334954023361206,0.8411557674407959,0.9334954023361206,OI_dspcbsd-plus_aab8b8266436,OI_dspcbsd-plus_aab8b8266436,OI_dspcbsd-plus_0e9ccb40cd55,0.09233963489532471
2,small,OI_dspcbsd-plus_b1d7bd5c7626,control,,dspcbsd-plus,0.7994635105133057,0.7994635105133057,0.7076439261436462,OI_dspcbsd-plus_a2f9dc8bf3c4,OI_dspcbsd-plus_9534d526fc87,OI_dspcbsd-plus_9534d526fc87,0.0
2,small,OI_dspcbsd-plus_b5c6855fe517,probe,similar pair,dspcbsd-plus,0.9243671894073486,0.8841267228126526,0.9243671894073486,OI_dspcbsd-plus_7a70f7d5f018,OI_dspcbsd-plus_7a70f7d5f018,OI_dspcbsd-plus_dfade66271d5,0.040240466594696045
2,small,OI_dspcbsd-plus_baa2a2c91a3d,probe,similar pair,dspcbsd-plus,0.9634810090065002,0.7688395380973816,0.9634810090065002,OI_dspcbsd-plus_1311a2cec296,OI_dspcbsd-plus_1311a2cec296,OI_pcb-ind_105c87270289,0.19464147090911865
2,small,OI_dspcbsd-plus_bb3e349132f6,probe,same component,dspcbsd-plus,0.886020302772522,0.8243775963783264,0.886020302772522,OI_dspcbsd-plus_010f6b274095,OI_dspcbsd-plus_010f6b274095,OI_dspcbsd-plus_ad8c23e0dc10,0.06164270639419556
2,small,OI_dspcbsd-plus_bdb7494aa4e5,control,,dspcbsd-plus,0.7986270785331726,0.7986270785331726,0.7231829762458801,OI_dspcbsd-plus_1ea2754aa5d4,OI_dspcbsd-plus_e512e1ce1c84,OI_dspcbsd-plus_e512e1ce1c84,0.0
2,small,OI_dspcbsd-plus_bdef5e1dd133,control,,dspcbsd-plus,0.6935457587242126,0.6935457587242126,0.5721304416656494,OI_dspcbsd-plus_98767ef1bcb0,OI_dspcbsd-plus_ad8c23e0dc10,OI_dspcbsd-plus_ad8c23e0dc10,0.0
2,small,OI_dspcbsd-plus_bf978ba21370,control,,dspcbsd-plus,0.9066464304924011,0.8884422183036804,0.9066464304924011,OI_dspcbsd-plus_f8341c445e6a,OI_dspcbsd-plus_f8341c445e6a,OI_dspcbsd-plus_f06f2a1d9265,0.018204212188720703
2,small,OI_dspcbsd-plus_bfa2bb933a68,probe,similar pair,dspcbsd-plus,0.9227728247642517,0.8753055334091187,0.9227728247642517,OI_dspcbsd-plus_3c005d0965b8,OI_dspcbsd-plus_3c005d0965b8,OI_dspcbsd-plus_67c3fb8a1134,0.04746729135513306
2,small,OI_dspcbsd-plus_c0333227b244,control,,dspcbsd-plus,0.8534241914749146,0.8534241914749146,0.7801985740661621,OI_dspcbsd-plus_473562ea17a3,OI_dspcbsd-plus_4326ebe1d793,OI_dspcbsd-plus_4326ebe1d793,0.0
2,small,OI_dspcbsd-plus_c337c8075a00,probe,similar pair,dspcbsd-plus,0.9555559754371643,0.8630314469337463,0.9555559754371643,OI_dspcbsd-plus_98dd22b6ed69,OI_dspcbsd-plus_98dd22b6ed69,OI_dspcbsd-plus_7a79f9cc946a,0.09252452850341797
2,small,OI_dspcbsd-plus_c384a24c308d,probe,similar pair,dspcbsd-plus,0.9297741055488586,0.8384431004524231,0.9297741055488586,OI_dspcbsd-plus_c038d894bbe6,OI_dspcbsd-plus_c038d894bbe6,OI_dspcbsd-plus_d3e7117e8f45,0.09133100509643555
2,small,OI_dspcbsd-plus_c9a370cd77e6,control,,dspcbsd-plus,0.8016640543937683,0.8016640543937683,0.7678173184394836,OI_dspcbsd-plus_41006b5135f0,OI_dspcbsd-plus_ad9221e3aa66,OI_dspcbsd-plus_ad9221e3aa66,0.0
2,small,OI_dspcbsd-plus_ca520caede4d,probe,similar pair,dspcbsd-plus,0.9408562183380127,0.9083327651023865,0.9408562183380127,OI_dspcbsd-plus_26f8cde0048f,OI_dspcbsd-plus_26f8cde0048f,OI_dspcbsd-plus_aa8bc6138582,0.03252345323562622
2,small,OI_dspcbsd-plus_cbcb908efc36,control,,dspcbsd-plus,0.8071684241294861,0.8071684241294861,0.7156089544296265,OI_dspcbsd-plus_2a66eea6036d,OI_dspcbsd-plus_f38e7c53d785,OI_dspcbsd-plus_f38e7c53d785,0.0
2,small,OI_dspcbsd-plus_cdb66e719d3a,probe,similar pair,dspcbsd-plus,0.9266456961631775,0.8819881081581116,0.9266456961631775,OI_dspcbsd-plus_a2f9dc8bf3c4,OI_dspcbsd-plus_a2f9dc8bf3c4,OI_dspcbsd-plus_fcbdeb7d5633,0.04465758800506592
2,small,OI_dspcbsd-plus_ceccb2174cb4,probe,same component,dspcbsd-plus,0.9100978970527649,0.8533770442008972,0.9100978970527649,OI_dspcbsd-plus_387eb11e88bb,OI_dspcbsd-plus_387eb11e88bb,OI_dspcbsd-plus_30de55dceef7,0.056720852851867676
2,small,OI_dspcbsd-plus_d2653b3192ae,control,,dspcbsd-plus,0.7717273831367493,0.7717273831367493,0.638178288936615,OI_pcb-ind_e4330a11ed4c,OI_dspcbsd-plus_91f346f05b9e,OI_dspcbsd-plus_91f346f05b9e,0.0
2,small,OI_dspcbsd-plus_d3ba21aba78b,control,,dspcbsd-plus,0.773463249206543,0.773463249206543,0.6504587531089783,OI_dspcbsd-plus_ed3013de37bc,OI_dspcbsd-plus_64337148b807,OI_dspcbsd-plus_64337148b807,0.0
2,small,OI_dspcbsd-plus_d53dfbb7813d,probe,same component,dspcbsd-plus,0.9088354110717773,0.8784441947937012,0.9088354110717773,OI_dspcbsd-plus_66ca446697a1,OI_dspcbsd-plus_66ca446697a1,OI_dspcbsd-plus_06c3d0f7560d,0.030391216278076172
2,small,OI_dspcbsd-plus_d66fb9e98b43,probe,same component,dspcbsd-plus,0.908606231212616,0.8844138979911804,0.908606231212616,OI_dspcbsd-plus_390f3bc9b929,OI_dspcbsd-plus_390f3bc9b929,OI_dspcbsd-plus_06c3d0f7560d,0.024192333221435547
2,small,OI_dspcbsd-plus_d9aa4e54ad55,probe,similar pair,dspcbsd-plus,0.9188372492790222,0.8799049854278564,0.9188372492790222,OI_dspcbsd-plus_0e42c0dc35e0,OI_dspcbsd-plus_0e42c0dc35e0,OI_pcb-ind_f3eb53a30c3e,0.03893226385116577
2,small,OI_dspcbsd-plus_da2d103ec487,control,,dspcbsd-plus,0.9080711603164673,0.9080711603164673,0.8182884454727173,OI_dspcbsd-plus_3c005d0965b8,OI_dspcbsd-plus_4e15cdeff6fa,OI_dspcbsd-plus_4e15cdeff6fa,0.0
2,small,OI_dspcbsd-plus_dc00d4ec33cc,probe,same component,dspcbsd-plus,0.8772024512290955,0.8149589896202087,0.8772024512290955,OI_dspcbsd-plus_e8f7cbc14a71,OI_dspcbsd-plus_e8f7cbc14a71,OI_pcb-ind_9bcdef9f9054,0.06224346160888672
2,small,OI_dspcbsd-plus_ddc82030af15,control,,dspcbsd-plus,0.8489276766777039,0.8377403020858765,0.8489276766777039,OI_dspcbsd-plus_a4d97e1bb28d,OI_dspcbsd-plus_a4d97e1bb28d,OI_dspcbsd-plus_22d9d289f1c4,0.011187374591827393
2,small,OI_dspcbsd-plus_ddfbb9b3396a,control,,dspcbsd-plus,0.6877112984657288,0.6877112984657288,0.5587561726570129,OI_pcb-ind_88be441f069e,OI_dspcbsd-plus_a43136785b2c,OI_dspcbsd-plus_a43136785b2c,0.0
2,small,OI_dspcbsd-plus_dfb5eb53fcf7,probe,similar pair,dspcbsd-plus,0.9338036179542542,0.7213916182518005,0.9338036179542542,OI_dspcbsd-plus_deda38b4f276,OI_dspcbsd-plus_deda38b4f276,OI_dspcbsd-plus_51c24a4341c6,0.2124119997024536
2,small,OI_dspcbsd-plus_dfcf0e32fdfa,control,,dspcbsd-plus,0.8023819327354431,0.8023819327354431,0.6245852112770081,OI_pcb-ind_4a1a51fd610e,OI_pcb-ind_ae4d9539723c,OI_pcb-ind_ae4d9539723c,0.0
2,small,OI_dspcbsd-plus_e52170558078,probe,similar pair,dspcbsd-plus,0.9344431757926941,0.8804447650909424,0.9344431757926941,OI_dspcbsd-plus_ee30ea6a6339,OI_dspcbsd-plus_ee30ea6a6339,OI_dspcbsd-plus_b821e27ea27b,0.05399841070175171
2,small,OI_dspcbsd-plus_e73c2a8629ad,control,,dspcbsd-plus,0.9075832962989807,0.9075832962989807,0.8503792881965637,OI_dspcbsd-plus_7a70f7d5f018,OI_dspcbsd-plus_1c16f70ca122,OI_dspcbsd-plus_1c16f70ca122,0.0
2,small,OI_dspcbsd-plus_e75f1121caf0,probe,similar pair,dspcbsd-plus,0.9492689967155457,0.7949246764183044,0.9492689967155457,OI_dspcbsd-plus_600e0bb4b349,OI_dspcbsd-plus_600e0bb4b349,OI_dspcbsd-plus_bb31b6410d9f,0.1543443202972412
2,small,OI_dspcbsd-plus_e7ac24419352,probe,same component,dspcbsd-plus,0.8904978036880493,0.8785515427589417,0.8904978036880493,OI_dspcbsd-plus_42f2e2ccb3b1,OI_dspcbsd-plus_42f2e2ccb3b1,OI_dspcbsd-plus_f5d35dd6b6a0,0.011946260929107666
2,small,OI_dspcbsd-plus_e81eb183706e,probe,similar pair,dspcbsd-plus,0.926324188709259,0.7951392531394958,0.926324188709259,OI_dspcbsd-plus_f5187fcc140e,OI_dspcbsd-plus_f5187fcc140e,OI_dspcbsd-plus_94b72549851c,0.13118493556976318
2,small,OI_dspcbsd-plus_eb55fb0409e3,probe,similar pair,dspcbsd-plus,0.9672276377677917,0.6859629154205322,0.9672276377677917,OI_dspcbsd-plus_9f641e675df7,OI_dspcbsd-plus_9f641e675df7,OI_pcb-ind_d62b792cb663,0.2812647223472595
2,small,OI_dspcbsd-plus_ec7d48a3c36d,probe,similar pair,dspcbsd-plus,0.9261738657951355,0.8678444623947144,0.9261738657951355,OI_dspcbsd-plus_57cb25cbc047,OI_dspcbsd-plus_57cb25cbc047,OI_dspcbsd-plus_7a79f9cc946a,0.05832940340042114
2,small,OI_dspcbsd-plus_ed0acba34a5b,control,,dspcbsd-plus,0.82635498046875,0.82635498046875,0.6651889085769653,OI_dspcbsd-plus_7a70f7d5f018,OI_dspcbsd-plus_e1c348e59799,OI_dspcbsd-plus_e1c348e59799,0.0
2,small,OI_dspcbsd-plus_ed3ce3177bf7,control,,dspcbsd-plus,0.8756231665611267,0.8756231665611267,0.8578009605407715,OI_dspcbsd-plus_41006b5135f0,OI_dspcbsd-plus_966b45827d3d,OI_dspcbsd-plus_966b45827d3d,0.0
2,small,OI_dspcbsd-plus_ed8461875e05,control,,dspcbsd-plus,0.8634851574897766,0.8634851574897766,0.7865755558013916,OI_dspcbsd-plus_f30edac9fa8b,OI_dspcbsd-plus_e60fdc8368f0,OI_dspcbsd-plus_e60fdc8368f0,0.0
2,small,OI_dspcbsd-plus_edde3f8b9b7e,probe,similar pair,dspcbsd-plus,0.9749383330345154,0.8591055870056152,0.9749383330345154,OI_dspcbsd-plus_ffff273bd969,OI_dspcbsd-plus_ffff273bd969,OI_dspcbsd-plus_d543a2eb0d69,0.11583274602890015
2,small,OI_dspcbsd-plus_f3d2a48f7e43,control,,dspcbsd-plus,0.8642935156822205,0.8642935156822205,0.7698265314102173,OI_dspcbsd-plus_f44a00eaa665,OI_dspcbsd-plus_7053b899dfcf,OI_dspcbsd-plus_7053b899dfcf,0.0
2,small,OI_dspcbsd-plus_f4c0dca2a943,control,,dspcbsd-plus,0.8860809206962585,0.8860809206962585,0.7292861938476562,OI_dspcbsd-plus_521d384b1334,OI_dspcbsd-plus_eb37a992eb9b,OI_dspcbsd-plus_eb37a992eb9b,0.0
2,small,OI_dspcbsd-plus_f4d3095bbcbf,probe,similar pair,dspcbsd-plus,0.9194641709327698,0.8441424369812012,0.9194641709327698,OI_dspcbsd-plus_12abe0924d24,OI_dspcbsd-plus_12abe0924d24,OI_dspcbsd-plus_4c18abb50e7e,0.0753217339515686
2,small,OI_dspcbsd-plus_f4fe64ae650d,probe,similar pair,dspcbsd-plus,0.942391574382782,0.8829010725021362,0.942391574382782,OI_dspcbsd-plus_66ca446697a1,OI_dspcbsd-plus_66ca446697a1,OI_dspcbsd-plus_7a79f9cc946a,0.05949050188064575
2,small,OI_dspcbsd-plus_f6d949db7661,control,,dspcbsd-plus,0.7170228362083435,0.7170228362083435,0.559821367263794,OI_dspcbsd-plus_f30edac9fa8b,OI_dspcbsd-plus_7c58635ba11c,OI_dspcbsd-plus_7c58635ba11c,0.0
2,small,OI_dspcbsd-plus_f7e22be66f4d,probe,similar pair,dspcbsd-plus,0.9247381687164307,0.790765643119812,0.9247381687164307,OI_dspcbsd-plus_600e0bb4b349,OI_dspcbsd-plus_600e0bb4b349,OI_dspcbsd-plus_bb31b6410d9f,0.13397252559661865
2,small,OI_dspcbsd-plus_f8a76c7516e9,control,,dspcbsd-plus,0.8342716097831726,0.8342716097831726,0.7485535144805908,OI_dspcbsd-plus_a2f9dc8bf3c4,OI_dspcbsd-plus_78b30c1d02ca,OI_dspcbsd-plus_78b30c1d02ca,0.0
2,small,OI_dspcbsd-plus_f9403e4af9a5,probe,same component,dspcbsd-plus,0.9163998365402222,0.8752676248550415,0.9163998365402222,OI_dspcbsd-plus_e71906d3084c,OI_dspcbsd-plus_e71906d3084c,OI_dspcbsd-plus_43af320e9c50,0.041132211685180664
2,small,OI_dspcbsd-plus_fd51e5ebd339,probe,similar pair,dspcbsd-plus,0.9410702586174011,0.7894545793533325,0.9410702586174011,OI_dspcbsd-plus_98767ef1bcb0,OI_dspcbsd-plus_98767ef1bcb0,OI_dspcbsd-plus_50b154410c4a,0.1516156792640686
2,small,OI_dspcbsd-plus_ff8e76883de7,control,,dspcbsd-plus,0.8566197156906128,0.8566197156906128,0.7451033592224121,OI_pcb-ind_5369060db784,OI_dspcbsd-plus_e51de3301549,OI_dspcbsd-plus_e51de3301549,0.0
2,small,OI_pcb-defect_0362aeae2db7,control,,pcb-defect,0.9205158352851868,0.9205158352851868,0.9028666615486145,OI_pcb-defect_037a6c5a88c0,OI_pcb-defect_6aa0ec85a9e9,OI_pcb-defect_6aa0ec85a9e9,0.0
2,small,OI_pcb-defect_075ac19b0299,control,,pcb-defect,0.9133154153823853,0.9133154153823853,0.8972320556640625,OI_pcb-defect_d2d57596e2dc,OI_pcb-defect_1cb90d5aee16,OI_pcb-defect_1cb90d5aee16,0.0
2,small,OI_pcb-defect_08d6daf092dc,control,,pcb-defect,0.920863926410675,0.920863926410675,0.9054279923439026,OI_pcb-defect_2fb2336b03c7,OI_pcb-defect_51a740d7e7ac,OI_pcb-defect_51a740d7e7ac,0.0
2,small,OI_pcb-defect_10df1c72bffd,control,,pcb-defect,0.9242404699325562,0.9242404699325562,0.8941289186477661,OI_pcb-defect_037a6c5a88c0,OI_pcb-defect_252fa2c0e7c6,OI_pcb-defect_209be83fc398,0.0
2,small,OI_pcb-defect_131a637c140e,probe,crop sibling,pcb-defect,1.0,0.901799201965332,1.0,OI_pcb-defect_a330a8e53fbf,OI_pcb-defect_a330a8e53fbf,OI_pcb-defect_5baa2168820e,0.09820079803466797
2,small,OI_pcb-defect_157fb4b54395,control,,pcb-defect,0.9194797873497009,0.9194797873497009,0.9048271179199219,OI_pcb-defect_037a6c5a88c0,OI_pcb-defect_1cb90d5aee16,OI_pcb-defect_1cb90d5aee16,0.0
2,small,OI_pcb-defect_1a75dbbd5fd3,control,,pcb-defect,0.9242404699325562,0.9242404699325562,0.8941289186477661,OI_pcb-defect_037a6c5a88c0,OI_pcb-defect_252fa2c0e7c6,OI_pcb-defect_209be83fc398,0.0
2,small,OI_pcb-defect_1e295719c544,control,,pcb-defect,0.920863926410675,0.920863926410675,0.9054279923439026,OI_pcb-defect_2fb2336b03c7,OI_pcb-defect_51a740d7e7ac,OI_pcb-defect_51a740d7e7ac,0.0
2,small,OI_pcb-defect_1e97e020edd9,control,,pcb-defect,0.9242404699325562,0.9242404699325562,0.8941289186477661,OI_pcb-defect_037a6c5a88c0,OI_pcb-defect_252fa2c0e7c6,OI_pcb-defect_209be83fc398,0.0
2,small,OI_pcb-defect_262b441de501,probe,crop sibling,pcb-defect,0.9999999403953552,0.9197349548339844,0.9999999403953552,OI_pcb-defect_6e7b4ba91ffb,OI_pcb-defect_6e7b4ba91ffb,OI_pcb-defect_3a5ccf071233,0.08026498556137085
2,small,OI_pcb-defect_29e7eaf5b889,control,,pcb-defect,0.920863926410675,0.920863926410675,0.9054279923439026,OI_pcb-defect_2fb2336b03c7,OI_pcb-defect_51a740d7e7ac,OI_pcb-defect_51a740d7e7ac,0.0
2,small,OI_pcb-defect_2d7dfd4da9ba,control,,pcb-defect,0.921443521976471,0.921443521976471,0.9153428077697754,OI_pcb-defect_6e7b4ba91ffb,OI_pcb-defect_51a740d7e7ac,OI_pcb-defect_51a740d7e7ac,0.0
2,small,OI_pcb-defect_2e6d3e686e03,control,,pcb-defect,0.9100069999694824,0.9100069999694824,0.883963942527771,OI_pcb-defect_d2d57596e2dc,OI_pcb-defect_be7ff166bc20,OI_pcb-defect_be7ff166bc20,0.0
2,small,OI_pcb-defect_2eb168684bdd,control,,pcb-defect,0.920863926410675,0.920863926410675,0.9054279923439026,OI_pcb-defect_2fb2336b03c7,OI_pcb-defect_51a740d7e7ac,OI_pcb-defect_51a740d7e7ac,0.0
2,small,OI_pcb-defect_36db30c1bbeb,probe,crop sibling,pcb-defect,1.000000238418579,0.8937453627586365,1.000000238418579,OI_pcb-defect_2fb2336b03c7,OI_pcb-defect_2fb2336b03c7,OI_pcb-defect_3a5ccf071233,0.10625487565994263
2,small,OI_pcb-defect_3f2c1d6626b3,probe,similar pair,pcb-defect,0.9412157535552979,0.9132957458496094,0.9412157535552979,OI_pcb-defect_0ab8220b2561,OI_pcb-defect_0ab8220b2561,OI_pcb-defect_0bfdb4e36984,0.027920007705688477
2,small,OI_pcb-defect_3f77134145ed,control,,pcb-defect,0.9133154153823853,0.9133154153823853,0.8972320556640625,OI_pcb-defect_d2d57596e2dc,OI_pcb-defect_1cb90d5aee16,OI_pcb-defect_1cb90d5aee16,0.0
2,small,OI_pcb-defect_44825592ab3e,control,,pcb-defect,0.9242404699325562,0.9242404699325562,0.8941289186477661,OI_pcb-defect_037a6c5a88c0,OI_pcb-defect_252fa2c0e7c6,OI_pcb-defect_209be83fc398,0.0
2,small,OI_pcb-defect_46a9f53f0700,control,,pcb-defect,0.9100069999694824,0.9100069999694824,0.883963942527771,OI_pcb-defect_d2d57596e2dc,OI_pcb-defect_be7ff166bc20,OI_pcb-defect_be7ff166bc20,0.0
2,small,OI_pcb-defect_4efa8044f387,control,,pcb-defect,0.9205158352851868,0.9205158352851868,0.9028666615486145,OI_pcb-defect_037a6c5a88c0,OI_pcb-defect_6aa0ec85a9e9,OI_pcb-defect_6aa0ec85a9e9,0.0
2,small,OI_pcb-defect_55349e68e55c,control,,pcb-defect,0.9133154153823853,0.9133154153823853,0.8972320556640625,OI_pcb-defect_d2d57596e2dc,OI_pcb-defect_1cb90d5aee16,OI_pcb-defect_1cb90d5aee16,0.0
2,small,OI_pcb-defect_56ab66e6743f,control,,pcb-defect,0.921443521976471,0.921443521976471,0.9153428077697754,OI_pcb-defect_6e7b4ba91ffb,OI_pcb-defect_51a740d7e7ac,OI_pcb-defect_51a740d7e7ac,0.0
2,small,OI_pcb-defect_6070a22b23a9,probe,crop sibling,pcb-defect,1.0,0.901799201965332,1.0,OI_pcb-defect_a330a8e53fbf,OI_pcb-defect_a330a8e53fbf,OI_pcb-defect_5baa2168820e,0.09820079803466797
2,small,OI_pcb-defect_60f112c4adea,probe,crop sibling,pcb-defect,1.0000003576278687,0.9152632355690002,1.0000003576278687,OI_pcb-defect_9c07e1dedf34,OI_pcb-defect_9c07e1dedf34,OI_pcb-defect_4d0992b8e86a,0.08473712205886841
2,small,OI_pcb-defect_6c2287d5af28,probe,similar pair,pcb-defect,0.9412157535552979,0.9132957458496094,0.9412157535552979,OI_pcb-defect_0ab8220b2561,OI_pcb-defect_0ab8220b2561,OI_pcb-defect_0bfdb4e36984,0.027920007705688477
2,small,OI_pcb-defect_6f1dcb3615a0,control,,pcb-defect,0.9251635074615479,0.9251635074615479,0.8877583146095276,OI_pcb-defect_037a6c5a88c0,OI_pcb-defect_6aa0ec85a9e9,OI_pcb-defect_6aa0ec85a9e9,0.0
2,small,OI_pcb-defect_7339d2a40d51,probe,crop sibling,pcb-defect,1.0000003576278687,0.9152632355690002,1.0000003576278687,OI_pcb-defect_9c07e1dedf34,OI_pcb-defect_9c07e1dedf34,OI_pcb-defect_4d0992b8e86a,0.08473712205886841
2,small,OI_pcb-defect_793d3c139aba,probe,crop sibling,pcb-defect,1.0000003576278687,0.915865957736969,1.0000003576278687,OI_pcb-defect_4af03c9a751e,OI_pcb-defect_4af03c9a751e,OI_pcb-defect_4d0992b8e86a,0.08413439989089966
2,small,OI_pcb-defect_7acfa3a9d349,probe,crop sibling,pcb-defect,1.0,0.9147000908851624,1.0,OI_pcb-defect_0ab8220b2561,OI_pcb-defect_0ab8220b2561,OI_pcb-defect_3a5ccf071233,0.08529990911483765
2,small,OI_pcb-defect_7b86f207586d,control,,pcb-defect,0.9133154153823853,0.9133154153823853,0.8972320556640625,OI_pcb-defect_d2d57596e2dc,OI_pcb-defect_1cb90d5aee16,OI_pcb-defect_1cb90d5aee16,0.0
2,small,OI_pcb-defect_7b9af5947c7d,control,,pcb-defect,0.9242404699325562,0.9242404699325562,0.8941289186477661,OI_pcb-defect_037a6c5a88c0,OI_pcb-defect_252fa2c0e7c6,OI_pcb-defect_209be83fc398,0.0
2,small,OI_pcb-defect_8420432f007a,control,,pcb-defect,0.9133154153823853,0.9133154153823853,0.8972320556640625,OI_pcb-defect_d2d57596e2dc,OI_pcb-defect_1cb90d5aee16,OI_pcb-defect_1cb90d5aee16,0.0
2,small,OI_pcb-defect_8a08dd270c38,control,,pcb-defect,0.9133154153823853,0.9133154153823853,0.8972320556640625,OI_pcb-defect_d2d57596e2dc,OI_pcb-defect_1cb90d5aee16,OI_pcb-defect_1cb90d5aee16,0.0
2,small,OI_pcb-defect_8cbed98d0277,probe,crop sibling,pcb-defect,1.0000001192092896,0.899608314037323,1.0000001192092896,OI_pcb-defect_661504452187,OI_pcb-defect_661504452187,OI_pcb-defect_5292a09b6a80,0.10039180517196655
2,small,OI_pcb-defect_93d932219308,control,,pcb-defect,0.921443521976471,0.921443521976471,0.9153428077697754,OI_pcb-defect_6e7b4ba91ffb,OI_pcb-defect_51a740d7e7ac,OI_pcb-defect_51a740d7e7ac,0.0
2,small,OI_pcb-defect_9739672c8ed7,control,,pcb-defect,0.920863926410675,0.920863926410675,0.9054279923439026,OI_pcb-defect_2fb2336b03c7,OI_pcb-defect_51a740d7e7ac,OI_pcb-defect_51a740d7e7ac,0.0
2,small,OI_pcb-defect_9a495444d514,control,,pcb-defect,0.921443521976471,0.921443521976471,0.9153428077697754,OI_pcb-defect_6e7b4ba91ffb,OI_pcb-defect_51a740d7e7ac,OI_pcb-defect_51a740d7e7ac,0.0
2,small,OI_pcb-defect_9a780eb8fce5,probe,crop sibling,pcb-defect,1.000000238418579,0.9141695499420166,1.000000238418579,OI_pcb-defect_a9934270897e,OI_pcb-defect_a9934270897e,OI_pcb-defect_3a5ccf071233,0.0858306884765625
2,small,OI_pcb-defect_9ade3a1f2136,control,,pcb-defect,0.9205158352851868,0.9205158352851868,0.9028666615486145,OI_pcb-defect_037a6c5a88c0,OI_pcb-defect_6aa0ec85a9e9,OI_pcb-defect_6aa0ec85a9e9,0.0
2,small,OI_pcb-defect_9e7356cb8645,control,,pcb-defect,0.9100069999694824,0.9100069999694824,0.883963942527771,OI_pcb-defect_d2d57596e2dc,OI_pcb-defect_be7ff166bc20,OI_pcb-defect_be7ff166bc20,0.0
2,small,OI_pcb-defect_9f061c914d36,control,,pcb-defect,0.9194797873497009,0.9194797873497009,0.9048271179199219,OI_pcb-defect_037a6c5a88c0,OI_pcb-defect_1cb90d5aee16,OI_pcb-defect_1cb90d5aee16,0.0
2,small,OI_pcb-defect_a43298e40453,probe,crop sibling,pcb-defect,1.0000003576278687,0.9152632355690002,1.0000003576278687,OI_pcb-defect_9c07e1dedf34,OI_pcb-defect_9c07e1dedf34,OI_pcb-defect_4d0992b8e86a,0.08473712205886841
2,small,OI_pcb-defect_a6bbe2517aa9,probe,crop sibling,pcb-defect,0.9999999403953552,0.9197349548339844,0.9999999403953552,OI_pcb-defect_6e7b4ba91ffb,OI_pcb-defect_6e7b4ba91ffb,OI_pcb-defect_3a5ccf071233,0.08026498556137085
2,small,OI_pcb-defect_b1a6d3d17c2e,probe,crop sibling,pcb-defect,1.000000238418579,0.9141695499420166,1.000000238418579,OI_pcb-defect_a9934270897e,OI_pcb-defect_a9934270897e,OI_pcb-defect_3a5ccf071233,0.0858306884765625
2,small,OI_pcb-defect_b7c7bc0b2e33,control,,pcb-defect,0.9100069999694824,0.9100069999694824,0.883963942527771,OI_pcb-defect_d2d57596e2dc,OI_pcb-defect_be7ff166bc20,OI_pcb-defect_be7ff166bc20,0.0
2,small,OI_pcb-defect_b7eff2a20d83,control,,pcb-defect,0.9194797873497009,0.9194797873497009,0.9048271179199219,OI_pcb-defect_037a6c5a88c0,OI_pcb-defect_1cb90d5aee16,OI_pcb-defect_1cb90d5aee16,0.0
2,small,OI_pcb-defect_bce51c116712,control,,pcb-defect,0.9100069999694824,0.9100069999694824,0.883963942527771,OI_pcb-defect_d2d57596e2dc,OI_pcb-defect_be7ff166bc20,OI_pcb-defect_be7ff166bc20,0.0
2,small,OI_pcb-defect_c2616dae2f53,control,,pcb-defect,0.9100069999694824,0.9100069999694824,0.883963942527771,OI_pcb-defect_d2d57596e2dc,OI_pcb-defect_be7ff166bc20,OI_pcb-defect_be7ff166bc20,0.0
2,small,OI_pcb-defect_c464f487ec04,control,,pcb-defect,0.921443521976471,0.921443521976471,0.9153428077697754,OI_pcb-defect_6e7b4ba91ffb,OI_pcb-defect_51a740d7e7ac,OI_pcb-defect_51a740d7e7ac,0.0
2,small,OI_pcb-defect_c9706a3521da,probe,similar pair,pcb-defect,0.9412157535552979,0.9132957458496094,0.9412157535552979,OI_pcb-defect_0ab8220b2561,OI_pcb-defect_0ab8220b2561,OI_pcb-defect_0bfdb4e36984,0.027920007705688477
2,small,OI_pcb-defect_ce5b2d80283f,probe,crop sibling,pcb-defect,1.000000238418579,0.9141695499420166,1.000000238418579,OI_pcb-defect_a9934270897e,OI_pcb-defect_a9934270897e,OI_pcb-defect_3a5ccf071233,0.0858306884765625
2,small,OI_pcb-defect_d8df6c8c6a35,control,,pcb-defect,0.9251635074615479,0.9251635074615479,0.8877583146095276,OI_pcb-defect_037a6c5a88c0,OI_pcb-defect_6aa0ec85a9e9,OI_pcb-defect_6aa0ec85a9e9,0.0
2,small,OI_pcb-defect_dad6db61d950,control,,pcb-defect,0.9242404699325562,0.9242404699325562,0.8941289186477661,OI_pcb-defect_037a6c5a88c0,OI_pcb-defect_252fa2c0e7c6,OI_pcb-defect_209be83fc398,0.0
2,small,OI_pcb-defect_db0d42f5eab9,control,,pcb-defect,0.9251635074615479,0.9251635074615479,0.8877583146095276,OI_pcb-defect_037a6c5a88c0,OI_pcb-defect_6aa0ec85a9e9,OI_pcb-defect_6aa0ec85a9e9,0.0
2,small,OI_pcb-defect_dca7df2e9f35,probe,crop sibling,pcb-defect,0.9999996423721313,0.9291986227035522,0.9999996423721313,OI_pcb-defect_037a6c5a88c0,OI_pcb-defect_037a6c5a88c0,OI_pcb-defect_12933ccb2cf4,0.0708010196685791
2,small,OI_pcb-defect_e2dcd6c87f7f,control,,pcb-defect,0.9194797873497009,0.9194797873497009,0.9048271179199219,OI_pcb-defect_037a6c5a88c0,OI_pcb-defect_1cb90d5aee16,OI_pcb-defect_1cb90d5aee16,0.0
2,small,OI_pcb-defect_f1ec3ab3364c,probe,crop sibling,pcb-defect,1.0,0.9147000908851624,1.0,OI_pcb-defect_0ab8220b2561,OI_pcb-defect_0ab8220b2561,OI_pcb-defect_3a5ccf071233,0.08529990911483765
2,small,OI_pcb-defect_f29b6eca06b3,control,,pcb-defect,0.9205158352851868,0.9205158352851868,0.9028666615486145,OI_pcb-defect_037a6c5a88c0,OI_pcb-defect_6aa0ec85a9e9,OI_pcb-defect_6aa0ec85a9e9,0.0
2,small,OI_pcb-defect_f43d04d586d2,probe,crop sibling,pcb-defect,1.0000003576278687,0.9243281483650208,1.0000003576278687,OI_pcb-defect_d2d57596e2dc,OI_pcb-defect_d2d57596e2dc,OI_pcb-defect_313b70563876,0.0756722092628479
2,small,OI_pcb-ind_0239eff680af,control,,pcb-ind,0.8166513442993164,0.8166513442993164,0.665583610534668,OI_pcb-ind_cc4f64f8eccb,OI_pcb-ind_68b8ed2a3dd6,OI_pcb-ind_68b8ed2a3dd6,0.0
2,small,OI_pcb-ind_030fa859caec,control,,pcb-ind,0.8495333194732666,0.8495333194732666,0.7153329253196716,OI_pcb-ind_42f21ad21b6f,OI_pcb-ind_e4abdaf4eb46,OI_pcb-ind_e4abdaf4eb46,0.0
2,small,OI_pcb-ind_03ce88fee16c,probe,same metadata group,pcb-ind,0.9005424976348877,0.9005424976348877,0.7940871715545654,OI_pcb-ind_119365487506,OI_pcb-ind_f4b7b67ffb62,OI_pcb-ind_f4b7b67ffb62,0.0
2,small,OI_pcb-ind_04ab00027ec0,control,,pcb-ind,0.7975605726242065,0.7975605726242065,0.7273519039154053,OI_pcb-ind_4641ffd9ffd1,OI_pcb-ind_6c8b72f85fa6,OI_pcb-ind_6c8b72f85fa6,0.0
2,small,OI_pcb-ind_04cc176ff1e2,probe,same metadata group,pcb-ind,0.8079574108123779,0.8206161260604858,0.7502285838127136,OI_pcb-ind_6835e55dbfb9,OI_pcb-ind_d202ff7b7cdd,OI_pcb-ind_b69507102b4a,-0.01265871524810791
2,small,OI_pcb-ind_0525d8e5efe8,control,,pcb-ind,0.7450230121612549,0.7450230121612549,0.6687712669372559,OI_pcb-ind_702ab8a47cd6,OI_pcb-ind_916da9fb34ff,OI_pcb-ind_916da9fb34ff,0.0
2,small,OI_pcb-ind_05ed6f219060,probe,same metadata group,pcb-ind,0.8145299553871155,0.8145299553871155,0.6683213710784912,OI_pcb-ind_d9f28766fa46,OI_pcb-ind_7ec1d8902534,OI_pcb-ind_7ec1d8902534,0.0
2,small,OI_pcb-ind_0b359478de65,probe,same metadata group,pcb-ind,0.7407929301261902,0.7407929301261902,0.7213557362556458,OI_pcb-ind_6fd0c4f92a0a,OI_pcb-ind_a2f43223dccf,OI_pcb-ind_a2f43223dccf,0.0
2,small,OI_pcb-ind_0ca4f5596fab,control,,pcb-ind,0.8357230424880981,0.8357230424880981,0.7907662391662598,OI_pcb-ind_3cb0d2b02cbb,OI_pcb-ind_250e87b21baa,OI_pcb-ind_250e87b21baa,0.0
2,small,OI_pcb-ind_0cb6fa197182,control,,pcb-ind,0.8355373740196228,0.8355373740196228,0.6742991209030151,OI_pcb-ind_4641ffd9ffd1,OI_pcb-ind_d03fcc8237fd,OI_pcb-ind_d03fcc8237fd,0.0
2,small,OI_pcb-ind_0e9cbd9d80b2,probe,same metadata group,pcb-ind,0.7084260582923889,0.7072209715843201,0.7084260582923889,OI_pcb-ind_fcdbfeff28fd,OI_pcb-ind_fcdbfeff28fd,OI_pcb-ind_7ca1056c581b,0.0012050867080688477
2,small,OI_pcb-ind_11e65a717723,control,,pcb-ind,0.7992533445358276,0.7992533445358276,0.7154447436332703,OI_pcb-ind_1243fa1633ba,OI_pcb-ind_576bb2e31275,OI_pcb-ind_576bb2e31275,0.0
2,small,OI_pcb-ind_13a5e4d019e9,probe,same metadata group,pcb-ind,0.7723971605300903,0.7723971605300903,0.7108108997344971,OI_pcb-ind_5bdfe9ff12c5,OI_pcb-ind_b74e407b3fbd,OI_pcb-ind_b74e407b3fbd,0.0
2,small,OI_pcb-ind_16e3000576c6,probe,same metadata group,pcb-ind,0.7705901861190796,0.7705901861190796,0.729923665523529,OI_dspcbsd-plus_41006b5135f0,OI_dspcbsd-plus_8d1edd2768c9,OI_dspcbsd-plus_8d1edd2768c9,0.0
2,small,OI_pcb-ind_1a28c0db8b69,probe,same metadata group,pcb-ind,0.8120399117469788,0.8120399117469788,0.7237316370010376,OI_pcb-ind_e4330a11ed4c,OI_pcb-ind_7ddca5617426,OI_pcb-ind_7ddca5617426,0.0
2,small,OI_pcb-ind_1a325d7297b3,control,,pcb-ind,0.7248044013977051,0.7248044013977051,0.698800265789032,OI_pcb-ind_6fd0c4f92a0a,OI_pcb-ind_18648e185dd8,OI_pcb-ind_18648e185dd8,0.0
2,small,OI_pcb-ind_1a6d3769c939,probe,same metadata group,pcb-ind,0.6958326697349548,0.6958326697349548,0.6560602188110352,OI_pcb-ind_6e292a252163,OI_pcb-ind_1b29bc1ed4ea,OI_pcb-ind_1b29bc1ed4ea,0.0
2,small,OI_pcb-ind_1b44b1c7fb9f,control,,pcb-ind,0.8689157962799072,0.8695951104164124,0.7810642719268799,OI_dspcbsd-plus_4b28fac5f3b9,OI_pcb-ind_0f2dc6665e3c,OI_pcb-ind_188d43c4f6aa,-0.000679314136505127
2,small,OI_pcb-ind_1b5e82aa8eec,control,,pcb-ind,0.7182461619377136,0.7182461619377136,0.6423460245132446,OI_pcb-ind_5dd074bf54f5,OI_dspcbsd-plus_64337148b807,OI_dspcbsd-plus_64337148b807,0.0
2,small,OI_pcb-ind_1c5c03420437,control,,pcb-ind,0.7849612832069397,0.7849612832069397,0.6756356358528137,OI_pcb-ind_3a6fedd4d63a,OI_pcb-ind_1bbb08cf99f3,OI_pcb-ind_1bbb08cf99f3,0.0
2,small,OI_pcb-ind_1cd5ce5b35f3,probe,same metadata group,pcb-ind,0.6850176453590393,0.6813793778419495,0.6850176453590393,OI_pcb-ind_da9bceaa9eba,OI_pcb-ind_da9bceaa9eba,OI_pcb-ind_99b77187eadf,0.0036382675170898438
2,small,OI_pcb-ind_1d6b0588a249,probe,same metadata group,pcb-ind,0.7740269303321838,0.7740269303321838,0.7218921780586243,OI_pcb-ind_c6e5529f9367,OI_dspcbsd-plus_946ee223b1b6,OI_dspcbsd-plus_946ee223b1b6,0.0
2,small,OI_pcb-ind_1fd0140380d2,probe,same metadata group,pcb-ind,0.9076099395751953,0.8591498732566833,0.9076099395751953,OI_pcb-ind_180ac0af92cc,OI_pcb-ind_180ac0af92cc,OI_pcb-ind_856285df3b15,0.04846006631851196
2,small,OI_pcb-ind_2186bcaa12ae,control,,pcb-ind,0.7924307584762573,0.7754582166671753,0.7924307584762573,OI_pcb-ind_309f6e96cd70,OI_pcb-ind_309f6e96cd70,OI_pcb-ind_dccbd6ac376b,0.01697254180908203
2,small,OI_pcb-ind_278fdccf0b22,probe,same metadata group,pcb-ind,0.7667251825332642,0.7115601301193237,0.7667251825332642,OI_pcb-ind_e4330a11ed4c,OI_pcb-ind_e4330a11ed4c,OI_dspcbsd-plus_fbf8c271995e,0.05516505241394043
2,small,OI_pcb-ind_279d892c8dc2,probe,same metadata group,pcb-ind,0.750900387763977,0.750900387763977,0.6262875199317932,OI_dspcbsd-plus_aab8b8266436,OI_pcb-ind_607d9400fe6b,OI_pcb-ind_607d9400fe6b,0.0
2,small,OI_pcb-ind_286017383ff2,probe,same metadata group,pcb-ind,0.8582797050476074,0.8582797050476074,0.7630866765975952,OI_dspcbsd-plus_bf422a18b3a3,OI_pcb-ind_75f5b1e655de,OI_pcb-ind_75f5b1e655de,0.0
2,small,OI_pcb-ind_294a8aa68b56,probe,same metadata group,pcb-ind,0.8403832316398621,0.7581949234008789,0.8403832316398621,OI_pcb-ind_6e292a252163,OI_pcb-ind_6e292a252163,OI_dspcbsd-plus_220877ef13a2,0.08218830823898315
2,small,OI_pcb-ind_2b737a4631b7,control,,pcb-ind,0.7319090962409973,0.7319090962409973,0.6697493195533752,OI_pcb-ind_03e66510bb42,OI_pcb-ind_99b77187eadf,OI_pcb-ind_99b77187eadf,0.0
2,small,OI_pcb-ind_2c99981b4d3b,control,,pcb-ind,0.8959057927131653,0.8959057927131653,0.8374965786933899,OI_pcb-ind_5dd074bf54f5,OI_pcb-ind_40e628e80289,OI_pcb-ind_40e628e80289,0.0
2,small,OI_pcb-ind_32c792b63c5e,probe,same metadata group,pcb-ind,0.7279216051101685,0.742512047290802,0.6902201175689697,OI_pcb-ind_84bdb014a069,OI_pcb-ind_69f86f9f7299,OI_pcb-ind_b56056a11ed7,-0.014590442180633545
2,small,OI_pcb-ind_33ca59c95fe5,probe,similar pair,pcb-ind,0.9700376987457275,0.773414134979248,0.9700376987457275,OI_pcb-ind_56e12bd681a5,OI_pcb-ind_56e12bd681a5,OI_pcb-ind_855c0c9097c0,0.1966235637664795
2,small,OI_pcb-ind_33e9b4a69427,probe,same metadata group,pcb-ind,0.8861703276634216,0.8861703276634216,0.7167145013809204,OI_pcb-ind_d9f28766fa46,OI_pcb-ind_8c6407a0416f,OI_pcb-ind_8c6407a0416f,0.0
2,small,OI_pcb-ind_3557564810e4,control,,pcb-ind,0.8443721532821655,0.8443721532821655,0.8001459836959839,OI_pcb-ind_c4eb1dadecd2,OI_pcb-ind_e4abdaf4eb46,OI_pcb-ind_e4abdaf4eb46,0.0
2,small,OI_pcb-ind_35e021f58fb2,probe,same metadata group,pcb-ind,0.8310375213623047,0.6091315746307373,0.8310375213623047,OI_pcb-ind_ebaed4f8b877,OI_pcb-ind_ebaed4f8b877,OI_pcb-ind_7151b73acc21,0.22190594673156738
2,small,OI_pcb-ind_3b3ce4488f69,probe,same metadata group,pcb-ind,0.7386658787727356,0.7386658787727356,0.6275122761726379,OI_pcb-ind_8b66099fc90c,OI_pcb-ind_735f8897e6be,OI_pcb-ind_735f8897e6be,0.0
2,small,OI_pcb-ind_3b65d32b3559,control,,pcb-ind,0.7351320385932922,0.7351320385932922,0.6758186221122742,OI_pcb-ind_8b66099fc90c,OI_pcb-ind_bff574037ea9,OI_pcb-ind_bff574037ea9,0.0
2,small,OI_pcb-ind_3d7f807b61c8,control,,pcb-ind,0.7482713460922241,0.7482713460922241,0.7011129260063171,OI_pcb-ind_702ab8a47cd6,OI_pcb-ind_ba6e12438f14,OI_pcb-ind_ba6e12438f14,0.0
2,small,OI_pcb-ind_435bb9194525,control,,pcb-ind,0.8333346843719482,0.8333346843719482,0.7914045453071594,OI_pcb-ind_740d3c9b17e5,OI_dspcbsd-plus_263fce5f00fa,OI_dspcbsd-plus_263fce5f00fa,0.0
2,small,OI_pcb-ind_461911f4bcb6,control,,pcb-ind,0.8688867092132568,0.8688867092132568,0.854843258857727,OI_pcb-ind_c4eb1dadecd2,OI_pcb-ind_a6c448e4ce31,OI_pcb-ind_a6c448e4ce31,0.0
2,small,OI_pcb-ind_4642d51814eb,control,,pcb-ind,0.7676466107368469,0.7676466107368469,0.7171784043312073,OI_pcb-ind_19bd4d2bb5df,OI_pcb-ind_12268f08d6c1,OI_pcb-ind_12268f08d6c1,0.0
2,small,OI_pcb-ind_46725824a2ec,control,,pcb-ind,0.8251373767852783,0.8251373767852783,0.7727504372596741,OI_pcb-ind_00223f066570,OI_pcb-ind_88f4bd61a62f,OI_pcb-ind_88f4bd61a62f,0.0
2,small,OI_pcb-ind_4700946fe7cf,control,,pcb-ind,0.8173851370811462,0.8173851370811462,0.7471004128456116,OI_pcb-ind_56e12bd681a5,OI_pcb-ind_cf3e15512266,OI_pcb-ind_cf3e15512266,0.0
2,small,OI_pcb-ind_486c8720aabb,probe,same metadata group,pcb-ind,0.8654487133026123,0.8654487133026123,0.7959192991256714,OI_pcb-ind_702ab8a47cd6,OI_pcb-ind_f3650f53ac6c,OI_pcb-ind_f3650f53ac6c,0.0
2,small,OI_pcb-ind_49a4ede64130,probe,same metadata group,pcb-ind,0.7870264649391174,0.7207092642784119,0.7870264649391174,OI_pcb-ind_f77669524ab7,OI_pcb-ind_f77669524ab7,OI_pcb-ind_9928e1c64798,0.06631720066070557
2,small,OI_pcb-ind_4a91679f28f4,probe,same metadata group,pcb-ind,0.8358170390129089,0.8358170390129089,0.7911304235458374,OI_pcb-ind_7dd6f1342758,OI_dspcbsd-plus_c7aedcd9ff68,OI_dspcbsd-plus_c7aedcd9ff68,0.0
2,small,OI_pcb-ind_4acb381ab85b,probe,same metadata group,pcb-ind,0.885547399520874,0.7784021496772766,0.885547399520874,OI_pcb-ind_5bdfe9ff12c5,OI_pcb-ind_5bdfe9ff12c5,OI_pcb-ind_becb13de7fec,0.10714524984359741
2,small,OI_pcb-ind_4bd005f36ce0,control,,pcb-ind,0.8405728340148926,0.716623067855835,0.8405728340148926,OI_pcb-ind_be89223f12e2,OI_pcb-ind_be89223f12e2,OI_pcb-ind_9aeea13b58ac,0.12394976615905762
2,small,OI_pcb-ind_4ca52b26ffb4,probe,same metadata group,pcb-ind,0.8539767861366272,0.8200607299804688,0.8539767861366272,OI_pcb-ind_03e66510bb42,OI_pcb-ind_03e66510bb42,OI_pcb-ind_710a742bb5dd,0.03391605615615845
2,small,OI_pcb-ind_509751acf907,probe,same metadata group,pcb-ind,0.8261966109275818,0.664185106754303,0.8261966109275818,OI_pcb-ind_ec2da72a0010,OI_pcb-ind_ec2da72a0010,OI_pcb-ind_f33a746a77f4,0.1620115041732788
2,small,OI_pcb-ind_52747b611f4a,control,,pcb-ind,0.6744017004966736,0.6744017004966736,0.6406803131103516,OI_pcb-ind_281edbfdd872,OI_pcb-ind_4c396183f695,OI_pcb-ind_4c396183f695,0.0
2,small,OI_pcb-ind_52a00b031c74,probe,same metadata group,pcb-ind,0.8513669371604919,0.8518925905227661,0.8513669371604919,OI_pcb-ind_87f9b963eaaf,OI_pcb-ind_87f9b963eaaf,OI_pcb-ind_6f995ebd104b,-0.0005256533622741699
2,small,OI_pcb-ind_53a6576f3149,probe,same metadata group,pcb-ind,0.8525875806808472,0.8525875806808472,0.713861882686615,OI_pcb-ind_702ab8a47cd6,OI_pcb-ind_3e14599e93fc,OI_pcb-ind_3e14599e93fc,0.0
2,small,OI_pcb-ind_54083f4ba653,control,,pcb-ind,0.7143763303756714,0.6947687268257141,0.7143763303756714,OI_pcb-ind_cca2f8efab2d,OI_pcb-ind_cca2f8efab2d,OI_pcb-ind_c6364e564e16,0.019607603549957275
2,small,OI_pcb-ind_5799f9e435bd,probe,same metadata group,pcb-ind,0.886844277381897,0.886844277381897,0.8440373539924622,OI_pcb-ind_4a1a51fd610e,OI_pcb-ind_3e370d4123ed,OI_pcb-ind_3e370d4123ed,0.0
2,small,OI_pcb-ind_57f2d975c1a0,probe,same metadata group,pcb-ind,0.8098217844963074,0.7876662611961365,0.8098217844963074,OI_pcb-ind_be89223f12e2,OI_pcb-ind_be89223f12e2,OI_dspcbsd-plus_d289e9e4b9ce,0.0221555233001709
2,small,OI_pcb-ind_5b9259203dc2,control,,pcb-ind,0.9017503261566162,0.9017503261566162,0.7183104157447815,OI_pcb-ind_5bdfe9ff12c5,OI_pcb-ind_3e14599e93fc,OI_pcb-ind_3e14599e93fc,0.0
2,small,OI_pcb-ind_5bcc7618d15f,probe,similar pair,pcb-ind,0.9490351676940918,0.7192457914352417,0.9490351676940918,OI_pcb-ind_705426a02e25,OI_pcb-ind_705426a02e25,OI_dspcbsd-plus_4dafc8161121,0.2297893762588501
2,small,OI_pcb-ind_5f40e6261c99,control,,pcb-ind,0.7921852469444275,0.7921852469444275,0.660860002040863,OI_pcb-ind_1243fa1633ba,OI_pcb-ind_5f88a4bb62c9,OI_pcb-ind_5f88a4bb62c9,0.0
2,small,OI_pcb-ind_5f9727430013,control,,pcb-ind,0.6928405165672302,0.6928405165672302,0.6598649621009827,OI_dspcbsd-plus_56b026c4c387,OI_pcb-ind_31ddb1c94b63,OI_pcb-ind_31ddb1c94b63,0.0
2,small,OI_pcb-ind_61e6317dc7ec,control,,pcb-ind,0.8408914804458618,0.8408914804458618,0.7887009382247925,OI_pcb-ind_fb37baaa751b,OI_pcb-ind_fcd61cbac4fc,OI_pcb-ind_fcd61cbac4fc,0.0
2,small,OI_pcb-ind_62d220ef97bd,control,,pcb-ind,0.5533420443534851,0.5533420443534851,0.553232729434967,OI_pcb-ind_04f4776bd3d5,OI_pcb-ind_735f8897e6be,OI_pcb-ind_735f8897e6be,0.0
2,small,OI_pcb-ind_634ece23c05d,control,,pcb-ind,0.8458804488182068,0.8458804488182068,0.6700598001480103,OI_dspcbsd-plus_cc18a59105fb,OI_pcb-ind_b9df97ba6713,OI_pcb-ind_b9df97ba6713,0.0
2,small,OI_pcb-ind_64a9e6aaa87f,control,,pcb-ind,0.8397414088249207,0.7489904165267944,0.8397414088249207,OI_pcb-ind_03e66510bb42,OI_pcb-ind_03e66510bb42,OI_pcb-ind_2a8d3603b50d,0.09075099229812622
2,small,OI_pcb-ind_650f2401eac8,control,,pcb-ind,0.8523371815681458,0.8523371815681458,0.7449775338172913,OI_pcb-ind_19bd4d2bb5df,OI_pcb-ind_12268f08d6c1,OI_pcb-ind_12268f08d6c1,0.0
2,small,OI_pcb-ind_65c5569fe959,control,,pcb-ind,0.7333167791366577,0.6704807281494141,0.7333167791366577,OI_pcb-ind_d354fbfe7634,OI_pcb-ind_d354fbfe7634,OI_pcb-ind_2988a3ec3439,0.06283605098724365
2,small,OI_pcb-ind_68480fe41015,control,,pcb-ind,0.8113368153572083,0.8113368153572083,0.7471241354942322,OI_pcb-ind_af90edf00441,OI_pcb-ind_ed2f495f7937,OI_pcb-ind_ed2f495f7937,0.0
2,small,OI_pcb-ind_6879ed992024,control,,pcb-ind,0.8358674645423889,0.8358674645423889,0.7928343415260315,OI_pcb-ind_7d049ecb36bd,OI_pcb-ind_c005fef126cf,OI_pcb-ind_c005fef126cf,0.0
2,small,OI_pcb-ind_6d5950a23446,control,,pcb-ind,0.6254799962043762,0.573621928691864,0.6254799962043762,OI_pcb-ind_cca2f8efab2d,OI_pcb-ind_cca2f8efab2d,OI_pcb-ind_a9db6d24a436,0.05185806751251221
2,small,OI_pcb-ind_6dc9231465a6,control,,pcb-ind,0.8041298985481262,0.8041298985481262,0.6879305243492126,OI_pcb-ind_00223f066570,OI_pcb-ind_f51089ba070f,OI_pcb-ind_f51089ba070f,0.0
2,small,OI_pcb-ind_6fc8fa6842e8,probe,same metadata group,pcb-ind,0.8541432619094849,0.8541432619094849,0.7989929914474487,OI_dspcbsd-plus_2a66eea6036d,OI_pcb-ind_eed90f232f56,OI_pcb-ind_eed90f232f56,0.0
2,small,OI_pcb-ind_71eebdf540d6,probe,same metadata group,pcb-ind,0.867887020111084,0.867887020111084,0.7834184765815735,OI_pcb-ind_b3a57857bcfd,OI_pcb-ind_250e87b21baa,OI_pcb-ind_250e87b21baa,0.0
2,small,OI_pcb-ind_74e41cb07d11,control,,pcb-ind,0.6607373952865601,0.6669677495956421,0.6053587794303894,OI_pcb-ind_4038c179fc63,OI_pcb-ind_6b9a205d3cdd,OI_pcb-ind_b51afceccf45,-0.006230354309082031
2,small,OI_pcb-ind_764c9ec14276,probe,similar pair,pcb-ind,0.9503815770149231,0.7814728617668152,0.9503815770149231,OI_pcb-ind_652e009ca0c2,OI_pcb-ind_652e009ca0c2,OI_pcb-ind_e3db93e3ea17,0.1689087152481079
2,small,OI_pcb-ind_7cb05a343791,probe,same metadata group,pcb-ind,0.875699520111084,0.875699520111084,0.793657660484314,OI_dspcbsd-plus_41006b5135f0,OI_pcb-ind_723bef200736,OI_pcb-ind_723bef200736,0.0
2,small,OI_pcb-ind_7ceb6d0cd76c,control,,pcb-ind,0.8377368450164795,0.8377368450164795,0.8289485573768616,OI_pcb-ind_7dd6f1342758,OI_pcb-ind_9f77c6a4065e,OI_pcb-ind_9f77c6a4065e,0.0
2,small,OI_pcb-ind_7d0f0b6914c3,control,,pcb-ind,0.8433562517166138,0.8433562517166138,0.8213963508605957,OI_pcb-ind_702ab8a47cd6,OI_pcb-ind_ba6e12438f14,OI_pcb-ind_ba6e12438f14,0.0
2,small,OI_pcb-ind_8240f13cfc08,control,,pcb-ind,0.8892660737037659,0.8892660737037659,0.7517858743667603,OI_pcb-ind_6ada68a07442,OI_pcb-ind_9212b079ea65,OI_pcb-ind_9212b079ea65,0.0
2,small,OI_pcb-ind_870d70c239d2,control,,pcb-ind,0.8611472845077515,0.8611472845077515,0.7606405019760132,OI_pcb-ind_00223f066570,OI_pcb-ind_2f5902acfcf4,OI_pcb-ind_2f5902acfcf4,0.0
2,small,OI_pcb-ind_8b248752bc4a,probe,similar pair,pcb-ind,0.9651093482971191,0.8554983139038086,0.9651093482971191,OI_pcb-ind_a80de76c1450,OI_pcb-ind_a80de76c1450,OI_pcb-ind_055261ccf214,0.10961103439331055
2,small,OI_pcb-ind_8cc93f5f0217,probe,same metadata group,pcb-ind,0.8480513691902161,0.707548975944519,0.8480513691902161,OI_pcb-ind_1318263c9179,OI_pcb-ind_1318263c9179,OI_pcb-ind_8ad96dc0adb0,0.14050239324569702
2,small,OI_pcb-ind_8d1810e30619,control,,pcb-ind,0.7571965456008911,0.7571965456008911,0.6785039901733398,OI_dspcbsd-plus_a6f493e08d9c,OI_pcb-ind_30317c4a163e,OI_pcb-ind_30317c4a163e,0.0
2,small,OI_pcb-ind_8ee4d3a97cfd,control,,pcb-ind,0.7565953135490417,0.7565953135490417,0.6770204305648804,OI_dspcbsd-plus_010f6b274095,OI_dspcbsd-plus_ad8c23e0dc10,OI_dspcbsd-plus_ad8c23e0dc10,0.0
2,small,OI_pcb-ind_8f7e1dae5fb1,probe,same metadata group,pcb-ind,0.7805727124214172,0.7471244931221008,0.7805727124214172,OI_pcb-ind_e4cf23fdb421,OI_pcb-ind_e4cf23fdb421,OI_pcb-ind_29fa23e03726,0.033448219299316406
2,small,OI_pcb-ind_91c8a68ef033,probe,same metadata group,pcb-ind,0.8142567873001099,0.7822288274765015,0.8142567873001099,OI_pcb-ind_7d049ecb36bd,OI_pcb-ind_7d049ecb36bd,OI_pcb-ind_27d3e2171eb5,0.0320279598236084
2,small,OI_pcb-ind_93f438874601,control,,pcb-ind,0.9118877053260803,0.9118877053260803,0.7887164950370789,OI_pcb-ind_b8ebaf954dd1,OI_pcb-ind_1b2ff6a78eb3,OI_pcb-ind_1b2ff6a78eb3,0.0
2,small,OI_pcb-ind_9476789759a9,control,,pcb-ind,0.8221790194511414,0.8221790194511414,0.6183072328567505,OI_pcb-ind_af90edf00441,OI_pcb-ind_52d5b934e9a9,OI_pcb-ind_52d5b934e9a9,0.0
2,small,OI_pcb-ind_956255c493f4,probe,same metadata group,pcb-ind,0.7307403683662415,0.7307403683662415,0.6190561652183533,OI_pcb-ind_652e009ca0c2,OI_pcb-ind_d3f24aad5811,OI_pcb-ind_d3f24aad5811,0.0
2,small,OI_pcb-ind_95daa61352f1,probe,same metadata group,pcb-ind,0.7156757712364197,0.717093825340271,0.6264855861663818,OI_pcb-ind_84bdb014a069,OI_pcb-ind_ba02441e48b8,OI_pcb-ind_93c5824de1ce,-0.0014180541038513184
2,small,OI_pcb-ind_97095db6e72b,probe,same metadata group,pcb-ind,0.8460440635681152,0.8460440635681152,0.7621327638626099,OI_pcb-ind_3a6fedd4d63a,OI_dspcbsd-plus_91ee9b2e9d70,OI_dspcbsd-plus_91ee9b2e9d70,0.0
2,small,OI_pcb-ind_9753d3cbc5e0,control,,pcb-ind,0.7397454380989075,0.7397454380989075,0.693525493144989,OI_dspcbsd-plus_1ea2754aa5d4,OI_dspcbsd-plus_641337fbf3dc,OI_dspcbsd-plus_641337fbf3dc,0.0
2,small,OI_pcb-ind_989e9110bf39,control,,pcb-ind,0.809196412563324,0.809196412563324,0.6530645489692688,OI_pcb-ind_d43f68d73a87,OI_pcb-ind_5f9aed361346,OI_pcb-ind_5f9aed361346,0.0
2,small,OI_pcb-ind_98e07a1235a0,control,,pcb-ind,0.7167040109634399,0.6848291754722595,0.7167040109634399,OI_pcb-ind_c4796e0791b1,OI_pcb-ind_c4796e0791b1,OI_pcb-ind_29fa23e03726,0.03187483549118042
2,small,OI_pcb-ind_99e4310589a9,control,,pcb-ind,0.5934445858001709,0.5671936869621277,0.5934445858001709,OI_pcb-ind_4038c179fc63,OI_pcb-ind_4038c179fc63,OI_pcb-ind_7a8a76393869,0.026250898838043213
2,small,OI_pcb-ind_9b2c4774f2f9,control,,pcb-ind,0.7229697108268738,0.7229697108268738,0.6227657794952393,OI_pcb-ind_281edbfdd872,OI_pcb-ind_11eea6479bad,OI_pcb-ind_11eea6479bad,0.0
2,small,OI_pcb-ind_9b709aad9221,control,,pcb-ind,0.7257336974143982,0.7257336974143982,0.5843434929847717,OI_pcb-ind_61c51e8ade61,OI_pcb-ind_225658727d17,OI_pcb-ind_225658727d17,0.0
2,small,OI_pcb-ind_9bb79d064454,probe,same metadata group,pcb-ind,0.6931580305099487,0.6931580305099487,0.5567368268966675,OI_pcb-ind_84bdb014a069,OI_pcb-ind_8ad96dc0adb0,OI_pcb-ind_8ad96dc0adb0,0.0
2,small,OI_pcb-ind_9db537cc59c1,probe,same metadata group,pcb-ind,0.7656890749931335,0.7831089496612549,0.7656890749931335,OI_pcb-ind_42f21ad21b6f,OI_pcb-ind_42f21ad21b6f,OI_pcb-ind_651d28179213,-0.017419874668121338
2,small,OI_pcb-ind_9f33ba9afa9a,control,,pcb-ind,0.8126513361930847,0.8126513361930847,0.6931795477867126,OI_pcb-ind_702ab8a47cd6,OI_pcb-ind_e8a6a1ebb444,OI_pcb-ind_e8a6a1ebb444,0.0
2,small,OI_pcb-ind_a035bbe03d84,control,,pcb-ind,0.8657168745994568,0.8657168745994568,0.6430696845054626,OI_pcb-ind_d9f28766fa46,OI_pcb-ind_957dcfa9faa2,OI_pcb-ind_957dcfa9faa2,0.0
2,small,OI_pcb-ind_a176913092f1,probe,same metadata group,pcb-ind,0.7604840397834778,0.8366189002990723,0.7604840397834778,OI_pcb-ind_87f9b963eaaf,OI_pcb-ind_87f9b963eaaf,OI_pcb-ind_6f995ebd104b,-0.07613486051559448
2,small,OI_pcb-ind_a2df770a3fae,probe,same metadata group,pcb-ind,0.8888311386108398,0.8888311386108398,0.8187894225120544,OI_dspcbsd-plus_0e42c0dc35e0,OI_pcb-ind_245a694b6ceb,OI_pcb-ind_245a694b6ceb,0.0
2,small,OI_pcb-ind_a376e6ad8dc8,control,,pcb-ind,0.8643079400062561,0.8643079400062561,0.7341294884681702,OI_pcb-ind_c4eb1dadecd2,OI_pcb-ind_fc0d7844012b,OI_pcb-ind_fc0d7844012b,0.0
2,small,OI_pcb-ind_a3d5e2972530,control,,pcb-ind,0.7444042563438416,0.7444042563438416,0.5828444361686707,OI_pcb-ind_705426a02e25,OI_pcb-ind_51544d8432b7,OI_pcb-ind_51544d8432b7,0.0
2,small,OI_pcb-ind_a4c170a79973,control,,pcb-ind,0.7389000654220581,0.7389000654220581,0.6701399087905884,OI_pcb-ind_d373b07861ce,OI_pcb-ind_cc0e68bae26f,OI_pcb-ind_cc0e68bae26f,0.0
2,small,OI_pcb-ind_aa22c231815e,probe,same metadata group,pcb-ind,0.7876600623130798,0.7873385548591614,0.7876600623130798,OI_pcb-ind_fcdbfeff28fd,OI_pcb-ind_fcdbfeff28fd,OI_pcb-ind_fb3cfcd0eff2,0.00032150745391845703
2,small,OI_pcb-ind_aae86100e4dd,probe,same metadata group,pcb-ind,0.8606776595115662,0.8606776595115662,0.8463044166564941,OI_pcb-ind_4a1a51fd610e,OI_pcb-ind_c7f192d3f710,OI_pcb-ind_c7f192d3f710,0.0
2,small,OI_pcb-ind_ab66152edc23,probe,same metadata group,pcb-ind,0.8985484838485718,0.8985484838485718,0.7671350240707397,OI_pcb-ind_d54e0589034b,OI_pcb-ind_e9034543777c,OI_pcb-ind_e9034543777c,0.0
2,small,OI_pcb-ind_ab797f223f53,control,,pcb-ind,0.9004277586936951,0.9004277586936951,0.830992579460144,OI_pcb-ind_3a6fedd4d63a,OI_pcb-ind_219eaabe6cbb,OI_pcb-ind_219eaabe6cbb,0.0
2,small,OI_pcb-ind_aba103edd57d,probe,same metadata group,pcb-ind,0.7188124060630798,0.7188124060630798,0.6866602897644043,OI_pcb-ind_d373b07861ce,OI_pcb-ind_2a8d3603b50d,OI_pcb-ind_2a8d3603b50d,0.0
2,small,OI_pcb-ind_ac354f2b9d91,probe,same metadata group,pcb-ind,0.74847412109375,0.74847412109375,0.6797781586647034,OI_pcb-ind_e6ba7f09c2ca,OI_dspcbsd-plus_2a51a3f3a0e5,OI_dspcbsd-plus_2a51a3f3a0e5,0.0
2,small,OI_pcb-ind_af075b454214,control,,pcb-ind,0.8771163821220398,0.8771163821220398,0.7899488806724548,OI_pcb-ind_fb37baaa751b,OI_pcb-ind_716a99e21ab0,OI_pcb-ind_716a99e21ab0,0.0
2,small,OI_pcb-ind_af40fd881070,probe,same metadata group,pcb-ind,0.883269727230072,0.883269727230072,0.8113358020782471,OI_pcb-ind_6ada68a07442,OI_pcb-ind_06cc01034b2f,OI_pcb-ind_06cc01034b2f,0.0
2,small,OI_pcb-ind_b2e625dc6e05,probe,same metadata group,pcb-ind,0.8945856690406799,0.8945856690406799,0.7774440050125122,OI_pcb-ind_119365487506,OI_pcb-ind_f4b7b67ffb62,OI_pcb-ind_f4b7b67ffb62,0.0
2,small,OI_pcb-ind_b342a8d57dcc,control,,pcb-ind,0.8146096467971802,0.8146096467971802,0.735601544380188,OI_dspcbsd-plus_bbef178a1791,OI_pcb-ind_764a0654181a,OI_pcb-ind_764a0654181a,0.0
2,small,OI_pcb-ind_b35540790db9,control,,pcb-ind,0.8563052415847778,0.8319812417030334,0.8563052415847778,OI_pcb-ind_c6e5529f9367,OI_pcb-ind_c6e5529f9367,OI_dspcbsd-plus_0e8bdf69ac7d,0.024323999881744385
2,small,OI_pcb-ind_b44f87976ae2,probe,same metadata group,pcb-ind,0.869512677192688,0.869512677192688,0.7895761728286743,OI_pcb-ind_d43f68d73a87,OI_pcb-ind_7ad9a122b38c,OI_pcb-ind_7ad9a122b38c,0.0
2,small,OI_pcb-ind_b569a229ae44,control,,pcb-ind,0.827633798122406,0.827633798122406,0.73201984167099,OI_pcb-ind_4641ffd9ffd1,OI_pcb-ind_20039bf64f61,OI_pcb-ind_20039bf64f61,0.0
2,small,OI_pcb-ind_b5cec1e181e7,probe,same metadata group,pcb-ind,0.8022151589393616,0.7710753083229065,0.8022151589393616,OI_pcb-ind_1318263c9179,OI_pcb-ind_1318263c9179,OI_pcb-ind_5db77f9beebe,0.031139850616455078
2,small,OI_pcb-ind_b6144673f1ce,probe,same metadata group,pcb-ind,0.6251243948936462,0.6096257567405701,0.6251243948936462,OI_pcb-ind_cca2f8efab2d,OI_pcb-ind_cca2f8efab2d,OI_pcb-ind_d91db468bf3e,0.015498638153076172
2,small,OI_pcb-ind_b6e9d493bcba,control,,pcb-ind,0.9000712633132935,0.9000712633132935,0.8396468162536621,OI_pcb-ind_b8ebaf954dd1,OI_pcb-ind_5add620a7f33,OI_pcb-ind_5add620a7f33,0.0
2,small,OI_pcb-ind_b798fbae4952,control,,pcb-ind,0.8414613604545593,0.7547690272331238,0.8414613604545593,OI_pcb-ind_cc4f64f8eccb,OI_pcb-ind_cc4f64f8eccb,OI_dspcbsd-plus_35935c465b21,0.08669233322143555
2,small,OI_pcb-ind_b91f6c02e372,probe,same metadata group,pcb-ind,0.785636305809021,0.785636305809021,0.573974072933197,OI_dspcbsd-plus_deda38b4f276,OI_dspcbsd-plus_5aeef8510a0c,OI_dspcbsd-plus_5aeef8510a0c,0.0
2,small,OI_pcb-ind_ba4b33ecbe4b,probe,same metadata group,pcb-ind,0.9110798239707947,0.8705572485923767,0.9110798239707947,OI_pcb-ind_6efd64b005c5,OI_pcb-ind_6efd64b005c5,OI_pcb-ind_c1c4a18b6e5d,0.04052257537841797
2,small,OI_pcb-ind_bb6d5320537d,control,,pcb-ind,0.8973484039306641,0.8973484039306641,0.787418782711029,OI_pcb-ind_e7afe7089634,OI_pcb-ind_c6364e564e16,OI_pcb-ind_c6364e564e16,0.0
2,small,OI_pcb-ind_bf26179098ea,probe,same metadata group,pcb-ind,0.8804302215576172,0.8804302215576172,0.7227133512496948,OI_pcb-ind_e599561acfbf,OI_pcb-ind_57a45ff56d34,OI_pcb-ind_57a45ff56d34,0.0
2,small,OI_pcb-ind_c029ea2d3c69,control,,pcb-ind,0.7866915464401245,0.7698273658752441,0.7866915464401245,OI_pcb-ind_7dd6f1342758,OI_pcb-ind_7dd6f1342758,OI_dspcbsd-plus_c7aedcd9ff68,0.01686418056488037
2,small,OI_pcb-ind_c1ff182d564b,control,,pcb-ind,0.8984353542327881,0.8984353542327881,0.6833280324935913,OI_dspcbsd-plus_f96e2797edb2,OI_pcb-ind_e68b1f770bca,OI_pcb-ind_e68b1f770bca,0.0
2,small,OI_pcb-ind_c2167fd837ad,probe,same metadata group,pcb-ind,0.5729217529296875,0.5729217529296875,0.5641569495201111,OI_pcb-ind_fcdbfeff28fd,OI_pcb-ind_fb3cfcd0eff2,OI_pcb-ind_fb3cfcd0eff2,0.0
2,small,OI_pcb-ind_c2721e1bfd54,control,,pcb-ind,0.8832367658615112,0.8832367658615112,0.727074921131134,OI_pcb-ind_87f9b963eaaf,OI_pcb-ind_3d1b448f8296,OI_pcb-ind_3d1b448f8296,0.0
2,small,OI_pcb-ind_c313c688071e,probe,same metadata group,pcb-ind,0.794268786907196,0.794268786907196,0.6029985547065735,OI_pcb-ind_b8ebaf954dd1,OI_pcb-ind_08d4ad90b0cd,OI_pcb-ind_08d4ad90b0cd,0.0
2,small,OI_pcb-ind_c3780365f1b4,probe,same metadata group,pcb-ind,0.8841546177864075,0.8841546177864075,0.7987666726112366,OI_pcb-ind_5dd074bf54f5,OI_pcb-ind_292308bcd0df,OI_pcb-ind_292308bcd0df,0.0
2,small,OI_pcb-ind_c5e45a7e1d8f,probe,same metadata group,pcb-ind,0.8878829479217529,0.8878829479217529,0.777254045009613,OI_pcb-ind_c4eb1dadecd2,OI_pcb-ind_226d4015e6df,OI_pcb-ind_226d4015e6df,0.0
2,small,OI_pcb-ind_ca02b8fbbb1a,control,,pcb-ind,0.7134085297584534,0.7134085297584534,0.6872884631156921,OI_pcb-ind_61c51e8ade61,OI_pcb-ind_bff574037ea9,OI_pcb-ind_bff574037ea9,0.0
2,small,OI_pcb-ind_ca429ed0bfe5,probe,same metadata group,pcb-ind,0.9074785113334656,0.9074785113334656,0.7105550765991211,OI_pcb-ind_3e24383b77fa,OI_pcb-ind_7a16ea5d6c76,OI_pcb-ind_7a16ea5d6c76,0.0
2,small,OI_pcb-ind_d35d10e1e94a,probe,same metadata group,pcb-ind,0.9107921123504639,0.9107921123504639,0.7947136163711548,OI_dspcbsd-plus_e8f7cbc14a71,OI_pcb-ind_292308bcd0df,OI_pcb-ind_292308bcd0df,0.0
2,small,OI_pcb-ind_d435abd786f9,probe,same metadata group,pcb-ind,0.8592243194580078,0.8592243194580078,0.8016527891159058,OI_pcb-ind_00223f066570,OI_pcb-ind_f871d173bcee,OI_pcb-ind_f871d173bcee,0.0
2,small,OI_pcb-ind_d582644e2e57,control,,pcb-ind,0.8277402520179749,0.8277402520179749,0.6754631996154785,OI_pcb-ind_d43f68d73a87,OI_pcb-ind_f3650f53ac6c,OI_pcb-ind_f3650f53ac6c,0.0
2,small,OI_pcb-ind_d62b6a55826f,control,,pcb-ind,0.8396491408348083,0.8396491408348083,0.791069746017456,OI_pcb-ind_3ac125624c4c,OI_pcb-ind_2938301d286f,OI_pcb-ind_2938301d286f,0.0
2,small,OI_pcb-ind_d7371c34b1aa,probe,same metadata group,pcb-ind,0.9109877943992615,0.9109877943992615,0.8096840381622314,OI_pcb-ind_6ada68a07442,OI_pcb-ind_e048bf4ee61d,OI_pcb-ind_e048bf4ee61d,0.0
2,small,OI_pcb-ind_d87096ff844d,probe,similar pair,pcb-ind,0.918319582939148,0.7632062435150146,0.918319582939148,OI_pcb-ind_c8c7d2b5dfa3,OI_pcb-ind_c8c7d2b5dfa3,OI_pcb-ind_2a8d3603b50d,0.1551133394241333
2,small,OI_pcb-ind_d897e78ee311,probe,same metadata group,pcb-ind,0.8847355842590332,0.8847355842590332,0.8723627924919128,OI_pcb-ind_702ab8a47cd6,OI_pcb-ind_7d9ac5c49a39,OI_pcb-ind_7d9ac5c49a39,0.0
2,small,OI_pcb-ind_d950ea498214,probe,same metadata group,pcb-ind,0.6588813662528992,0.652872622013092,0.6588813662528992,OI_pcb-ind_cca2f8efab2d,OI_pcb-ind_cca2f8efab2d,OI_pcb-ind_607d9400fe6b,0.006008744239807129
2,small,OI_pcb-ind_da9531cc3c33,probe,same metadata group,pcb-ind,0.8484084010124207,0.8686127066612244,0.7050688862800598,OI_pcb-ind_003f37c28c97,OI_pcb-ind_fc3551379da4,OI_pcb-ind_651d28179213,-0.02020430564880371
2,small,OI_pcb-ind_dc93d690c6d9,control,,pcb-ind,0.7323413491249084,0.7323413491249084,0.7176297307014465,OI_pcb-ind_f77669524ab7,OI_pcb-ind_1633bb842c25,OI_pcb-ind_1633bb842c25,0.0
2,small,OI_pcb-ind_e03ed9080d9a,control,,pcb-ind,0.7477266192436218,0.7477266192436218,0.6845040321350098,OI_pcb-ind_8b66099fc90c,OI_pcb-ind_99b77187eadf,OI_pcb-ind_99b77187eadf,0.0
2,small,OI_pcb-ind_e0f04649498f,control,,pcb-ind,0.862632691860199,0.8588627576828003,0.862632691860199,OI_pcb-ind_7dd6f1342758,OI_pcb-ind_7dd6f1342758,OI_pcb-ind_707f40e31de5,0.0037699341773986816
2,small,OI_pcb-ind_e11531b0e685,probe,same metadata group,pcb-ind,0.8469793200492859,0.8469793200492859,0.729929506778717,OI_dspcbsd-plus_86d6904064a2,OI_pcb-ind_762e554d6e6c,OI_pcb-ind_762e554d6e6c,0.0
2,small,OI_pcb-ind_e2ddd7bb3ce2,control,,pcb-ind,0.6980469822883606,0.6980469822883606,0.5518704056739807,OI_pcb-ind_b3a57857bcfd,OI_dspcbsd-plus_18cb91d3ebb2,OI_dspcbsd-plus_18cb91d3ebb2,0.0
2,small,OI_pcb-ind_e31a0bc6134b,probe,similar pair,pcb-ind,0.9678962230682373,0.8101935386657715,0.9678962230682373,OI_pcb-ind_c6e5529f9367,OI_pcb-ind_c6e5529f9367,OI_pcb-ind_860a71bd9f1e,0.15770268440246582
2,small,OI_pcb-ind_e43291bbc184,control,,pcb-ind,0.8456494212150574,0.8456494212150574,0.7473617196083069,OI_pcb-ind_309f6e96cd70,OI_pcb-ind_db78ea0f2c34,OI_pcb-ind_db78ea0f2c34,0.0
2,small,OI_pcb-ind_e4a4b215d494,control,,pcb-ind,0.7555314302444458,0.7555314302444458,0.7526178956031799,OI_pcb-ind_740d3c9b17e5,OI_pcb-ind_456ffa2f0ffc,OI_pcb-ind_456ffa2f0ffc,0.0
2,small,OI_pcb-ind_e556e80950b6,probe,similar pair,pcb-ind,0.9192550778388977,0.9020639061927795,0.9192550778388977,OI_pcb-ind_d9f28766fa46,OI_pcb-ind_d9f28766fa46,OI_pcb-ind_e193135be507,0.017191171646118164
2,small,OI_pcb-ind_e6344f8c78a5,control,,pcb-ind,0.8284681439399719,0.8308634161949158,0.8153665065765381,OI_pcb-ind_7d049ecb36bd,OI_pcb-ind_ab6ba3749111,OI_pcb-ind_ee56c35250ba,-0.0023952722549438477
2,small,OI_pcb-ind_e728344310f8,probe,same metadata group,pcb-ind,0.7417491674423218,0.7417491674423218,0.6585180163383484,OI_pcb-ind_35f28365bfc1,OI_pcb-ind_fd2ec8e4025a,OI_pcb-ind_fd2ec8e4025a,0.0
2,small,OI_pcb-ind_e87b575d8757,control,,pcb-ind,0.7909840941429138,0.7909840941429138,0.741722583770752,OI_pcb-ind_b3a57857bcfd,OI_pcb-ind_8c2934916b7b,OI_pcb-ind_8c2934916b7b,0.0
2,small,OI_pcb-ind_e9008d55ff07,control,,pcb-ind,0.7937990427017212,0.7937990427017212,0.7283980846405029,OI_pcb-ind_7dd6f1342758,OI_pcb-ind_dfd677628054,OI_pcb-ind_dfd677628054,0.0
2,small,OI_pcb-ind_ea4ebb3a6744,probe,same metadata group,pcb-ind,0.8315072655677795,0.8261426091194153,0.8315072655677795,OI_pcb-ind_180ac0af92cc,OI_pcb-ind_180ac0af92cc,OI_pcb-ind_856285df3b15,0.005364656448364258
2,small,OI_pcb-ind_eb6ce3d67189,control,,pcb-ind,0.8357143998146057,0.8357143998146057,0.7233791351318359,OI_dspcbsd-plus_f44a00eaa665,OI_pcb-ind_68c295ee13e1,OI_pcb-ind_68c295ee13e1,0.0
2,small,OI_pcb-ind_ec38eb74e43b,control,,pcb-ind,0.8219883441925049,0.7703269720077515,0.8219883441925049,OI_pcb-ind_740d3c9b17e5,OI_pcb-ind_740d3c9b17e5,OI_pcb-ind_59c150475f0f,0.05166137218475342
2,small,OI_pcb-ind_edec98841bf7,control,,pcb-ind,0.7672747373580933,0.7672747373580933,0.6836549043655396,OI_pcb-ind_f77669524ab7,OI_pcb-ind_9928e1c64798,OI_pcb-ind_9928e1c64798,0.0
2,small,OI_pcb-ind_ee5602ae7b78,probe,same metadata group,pcb-ind,0.8840521574020386,0.7830961346626282,0.8840521574020386,OI_pcb-ind_be89223f12e2,OI_pcb-ind_be89223f12e2,OI_pcb-ind_2c7af35093c2,0.1009560227394104
2,small,OI_pcb-ind_ee6f7f176f6a,control,,pcb-ind,0.8405324220657349,0.8405324220657349,0.6927965879440308,OI_pcb-ind_281edbfdd872,OI_pcb-ind_544222bcb6a5,OI_pcb-ind_544222bcb6a5,0.0
2,small,OI_pcb-ind_ef65623a36a4,probe,same metadata group,pcb-ind,0.7375798225402832,0.7375798225402832,0.635973334312439,OI_pcb-ind_283123324bfa,OI_pcb-ind_a916dae32c88,OI_pcb-ind_a916dae32c88,0.0
2,small,OI_pcb-ind_f2185a134ab1,control,,pcb-ind,0.9082086086273193,0.9082086086273193,0.8042786121368408,OI_pcb-ind_4a1a51fd610e,OI_pcb-ind_459991e8f2ff,OI_pcb-ind_459991e8f2ff,0.0
2,small,OI_pcb-ind_f3a48d3db93c,probe,same metadata group,pcb-ind,0.9000352025032043,0.9000352025032043,0.8435751795768738,OI_pcb-ind_e599561acfbf,OI_pcb-ind_43f0a9a1e38a,OI_pcb-ind_43f0a9a1e38a,0.0
2,small,OI_pcb-ind_f86ebdaa6bd9,probe,same metadata group,pcb-ind,0.7438201904296875,0.7438201904296875,0.7254523038864136,OI_pcb-ind_fcdbfeff28fd,OI_pcb-ind_7ca1056c581b,OI_pcb-ind_7ca1056c581b,0.0
2,small,OI_pcb-ind_f97b3dd44f6a,probe,same metadata group,pcb-ind,0.5825488567352295,0.6304959058761597,0.5801737904548645,OI_pcb-ind_1318263c9179,OI_dspcbsd-plus_2a04aa1fb54d,OI_pcb-ind_29c424bf7ca6,-0.047947049140930176
2,small,OI_pcb-ind_f9c212ab61ab,probe,same metadata group,pcb-ind,0.9098890423774719,0.902472198009491,0.9098890423774719,OI_pcb-ind_180ac0af92cc,OI_pcb-ind_180ac0af92cc,OI_pcb-ind_978fc2759566,0.007416844367980957
2,small,OI_pcb-ind_fe303e4e5a2b,probe,same metadata group,pcb-ind,0.7440659403800964,0.7659212946891785,0.7440659403800964,OI_pcb-ind_87f9b963eaaf,OI_pcb-ind_87f9b963eaaf,OI_pcb-ind_6f995ebd104b,-0.02185535430908203
2,small,OI_pcb-ind_fe37fb940941,control,,pcb-ind,0.8570228815078735,0.8570228815078735,0.7141855955123901,OI_pcb-ind_87f9b963eaaf,OI_pcb-ind_3d1b448f8296,OI_pcb-ind_3d1b448f8296,0.0
2,small,OI_pcb-ind_ff7b84d893ac,probe,similar pair,pcb-ind,0.9301286339759827,0.7687816023826599,0.9301286339759827,OI_pcb-ind_8343a6bae023,OI_pcb-ind_8343a6bae023,OI_pcb-ind_2a8d3603b50d,0.16134703159332275
2,small,OI_pcb-ind_ff8368fd5fa4,probe,same metadata group,pcb-ind,0.7893532514572144,0.7893532514572144,0.7814430594444275,OI_pcb-ind_04f4776bd3d5,OI_pcb-ind_a567ba069359,OI_pcb-ind_a567ba069359,0.0
2,base,OI_dspcbsd-plus_01d3117fc117,control,,dspcbsd-plus,0.7526830434799194,0.7526830434799194,0.6573280096054077,OI_pcb-ind_c4eb1dadecd2,OI_dspcbsd-plus_29f109b6a339,OI_dspcbsd-plus_29f109b6a339,0.0
2,base,OI_dspcbsd-plus_03e1266b621b,control,,dspcbsd-plus,0.8832274675369263,0.7155839800834656,0.8832274675369263,OI_dspcbsd-plus_1b40682709ce,OI_dspcbsd-plus_1b40682709ce,OI_dspcbsd-plus_056b7033572d,0.1676434874534607
2,base,OI_dspcbsd-plus_064612fda073,control,,dspcbsd-plus,0.8443702459335327,0.7940466403961182,0.8443702459335327,OI_dspcbsd-plus_4a310831d147,OI_dspcbsd-plus_4a310831d147,OI_dspcbsd-plus_4c18abb50e7e,0.05032360553741455
2,base,OI_dspcbsd-plus_07cff3b8a26e,control,,dspcbsd-plus,0.8266475796699524,0.8266475796699524,0.6258721947669983,OI_dspcbsd-plus_1b40682709ce,OI_dspcbsd-plus_8dafdfef7cef,OI_dspcbsd-plus_8dafdfef7cef,0.0
2,base,OI_dspcbsd-plus_0831476765fb,probe,similar pair,dspcbsd-plus,0.8264849185943604,0.8264849185943604,0.6971726417541504,OI_dspcbsd-plus_f30edac9fa8b,OI_dspcbsd-plus_163bef46044d,OI_dspcbsd-plus_163bef46044d,0.0
2,base,OI_dspcbsd-plus_09306cac5123,control,,dspcbsd-plus,0.9118647575378418,0.9118647575378418,0.9078680276870728,OI_dspcbsd-plus_b1f8edef84c4,OI_dspcbsd-plus_47e856c80699,OI_dspcbsd-plus_47e856c80699,0.0
2,base,OI_dspcbsd-plus_0940574db3dd,probe,similar pair,dspcbsd-plus,0.9245436191558838,0.7838467359542847,0.9245436191558838,OI_dspcbsd-plus_12bba18b9467,OI_dspcbsd-plus_12bba18b9467,OI_dspcbsd-plus_b3a56274dd84,0.14069688320159912
2,base,OI_dspcbsd-plus_09cc73bb3092,probe,similar pair,dspcbsd-plus,0.9686141014099121,0.9370896816253662,0.9686141014099121,OI_dspcbsd-plus_86d6904064a2,OI_dspcbsd-plus_86d6904064a2,OI_pcb-ind_fd9d6109b711,0.0315244197845459
2,base,OI_dspcbsd-plus_0c683a2c5c05,probe,similar pair,dspcbsd-plus,0.8911686539649963,0.8853750228881836,0.8911686539649963,OI_dspcbsd-plus_f96e2797edb2,OI_dspcbsd-plus_f96e2797edb2,OI_dspcbsd-plus_5f057b5ad81e,0.005793631076812744
2,base,OI_dspcbsd-plus_0e9fe58190c2,probe,similar pair,dspcbsd-plus,0.7446556091308594,0.6734777688980103,0.7446556091308594,OI_dspcbsd-plus_233e65adae65,OI_dspcbsd-plus_233e65adae65,OI_dspcbsd-plus_fdb408569e32,0.07117784023284912
2,base,OI_dspcbsd-plus_0fa778951be0,probe,similar pair,dspcbsd-plus,0.8371281623840332,0.8261203765869141,0.8371281623840332,OI_dspcbsd-plus_537d500613ab,OI_dspcbsd-plus_537d500613ab,OI_dspcbsd-plus_594df4a0c5fb,0.01100778579711914
2,base,OI_dspcbsd-plus_0ff9491c971b,control,,dspcbsd-plus,0.8588183522224426,0.8588183522224426,0.8027060031890869,OI_pcb-ind_d43f68d73a87,OI_dspcbsd-plus_be5363e5fa5f,OI_dspcbsd-plus_be5363e5fa5f,0.0
2,base,OI_dspcbsd-plus_11750cfbb173,probe,similar pair,dspcbsd-plus,0.9587637782096863,0.8304761648178101,0.9587637782096863,OI_dspcbsd-plus_cc18a59105fb,OI_dspcbsd-plus_cc18a59105fb,OI_dspcbsd-plus_47e856c80699,0.12828761339187622
2,base,OI_dspcbsd-plus_133bb32c41a8,probe,similar pair,dspcbsd-plus,0.8655227422714233,0.7578318119049072,0.8655227422714233,OI_dspcbsd-plus_c481c80a1022,OI_dspcbsd-plus_c481c80a1022,OI_dspcbsd-plus_dd916c34392b,0.10769093036651611
2,base,OI_dspcbsd-plus_13564c3d33ad,probe,same component,dspcbsd-plus,0.902509331703186,0.8299016952514648,0.902509331703186,OI_dspcbsd-plus_66ca446697a1,OI_dspcbsd-plus_66ca446697a1,OI_dspcbsd-plus_7a79f9cc946a,0.07260763645172119
2,base,OI_dspcbsd-plus_147c878d5054,control,,dspcbsd-plus,0.6588795185089111,0.6588795185089111,0.6080065965652466,OI_dspcbsd-plus_f30edac9fa8b,OI_dspcbsd-plus_ca2ed5162b07,OI_dspcbsd-plus_ca2ed5162b07,0.0
2,base,OI_dspcbsd-plus_16f1e20c5456,control,,dspcbsd-plus,0.7474205493927002,0.7474205493927002,0.5595199465751648,OI_pcb-ind_5bdfe9ff12c5,OI_dspcbsd-plus_134e55ae7147,OI_dspcbsd-plus_134e55ae7147,0.0
2,base,OI_dspcbsd-plus_172f0408ff87,control,,dspcbsd-plus,0.6187780499458313,0.6187780499458313,0.4475846290588379,OI_dspcbsd-plus_1c906370c711,OI_dspcbsd-plus_d7fd3eb43c62,OI_dspcbsd-plus_d7fd3eb43c62,0.0
2,base,OI_dspcbsd-plus_1e2da007deae,probe,same component,dspcbsd-plus,0.7590436935424805,0.786479651927948,0.7590436935424805,OI_dspcbsd-plus_245cfc2c89a7,OI_dspcbsd-plus_245cfc2c89a7,OI_dspcbsd-plus_43af320e9c50,-0.02743595838546753
2,base,OI_dspcbsd-plus_215b40390cc7,probe,similar pair,dspcbsd-plus,0.8997359275817871,0.8993699550628662,0.8997359275817871,OI_dspcbsd-plus_de38b28bfccc,OI_dspcbsd-plus_de38b28bfccc,OI_dspcbsd-plus_7a870ba1fb49,0.00036597251892089844
2,base,OI_dspcbsd-plus_21cd143e3fb0,probe,similar pair,dspcbsd-plus,0.8552021980285645,0.8190604448318481,0.8552021980285645,OI_dspcbsd-plus_3e9cf016f5e5,OI_dspcbsd-plus_3e9cf016f5e5,OI_dspcbsd-plus_1eac320303ac,0.03614175319671631
2,base,OI_dspcbsd-plus_23d54e5bd6a9,control,,dspcbsd-plus,0.828960657119751,0.828960657119751,0.7902060151100159,OI_dspcbsd-plus_1ea2754aa5d4,OI_pcb-ind_04da7fed05f2,OI_pcb-ind_04da7fed05f2,0.0
2,base,OI_dspcbsd-plus_240b1bcfbf20,control,,dspcbsd-plus,0.7400460839271545,0.7400460839271545,0.6268758177757263,OI_dspcbsd-plus_474756b11f13,OI_dspcbsd-plus_f31d438712a9,OI_dspcbsd-plus_f31d438712a9,0.0
2,base,OI_dspcbsd-plus_254ac9a86bd2,control,,dspcbsd-plus,0.7171400785446167,0.7171400785446167,0.6518419981002808,OI_dspcbsd-plus_c481c80a1022,OI_dspcbsd-plus_19088022eeb0,OI_dspcbsd-plus_19088022eeb0,0.0
2,base,OI_dspcbsd-plus_25a62020f985,probe,similar pair,dspcbsd-plus,0.9499365091323853,0.8849371671676636,0.9499365091323853,OI_dspcbsd-plus_0152dc94095e,OI_dspcbsd-plus_0152dc94095e,OI_dspcbsd-plus_7a79f9cc946a,0.06499934196472168
2,base,OI_dspcbsd-plus_28a888bdc13b,control,,dspcbsd-plus,0.7308943867683411,0.7308943867683411,0.6542534232139587,OI_dspcbsd-plus_4de906b98c8f,OI_dspcbsd-plus_71d5c77bc2da,OI_dspcbsd-plus_71d5c77bc2da,0.0
2,base,OI_dspcbsd-plus_28b1e0d2dade,control,,dspcbsd-plus,0.7470107078552246,0.7470107078552246,0.6334966421127319,OI_pcb-ind_1243fa1633ba,OI_dspcbsd-plus_a9901460b81c,OI_dspcbsd-plus_a9901460b81c,0.0
2,base,OI_dspcbsd-plus_295af1c5afce,control,,dspcbsd-plus,0.7720155119895935,0.7720155119895935,0.5673437118530273,OI_dspcbsd-plus_1b40682709ce,OI_dspcbsd-plus_4df1348ec5da,OI_dspcbsd-plus_4df1348ec5da,0.0
2,base,OI_dspcbsd-plus_295b9e8f4026,control,,dspcbsd-plus,0.8141293525695801,0.8141293525695801,0.7697697877883911,OI_dspcbsd-plus_e8f7cbc14a71,OI_dspcbsd-plus_7a870ba1fb49,OI_dspcbsd-plus_7a870ba1fb49,0.0
2,base,OI_dspcbsd-plus_2b33ab99a98f,probe,similar pair,dspcbsd-plus,0.8899132013320923,0.8149966597557068,0.8899132013320923,OI_dspcbsd-plus_474756b11f13,OI_dspcbsd-plus_474756b11f13,OI_dspcbsd-plus_f31d438712a9,0.0749165415763855
2,base,OI_dspcbsd-plus_2fe414263e4e,probe,same component,dspcbsd-plus,0.8581570982933044,0.7704148292541504,0.8581570982933044,OI_dspcbsd-plus_1e5c3f1a8fb5,OI_dspcbsd-plus_1e5c3f1a8fb5,OI_dspcbsd-plus_b3a56274dd84,0.08774226903915405
2,base,OI_dspcbsd-plus_30727ef81f96,control,,dspcbsd-plus,0.7418931722640991,0.7418931722640991,0.6939042210578918,OI_dspcbsd-plus_41006b5135f0,OI_dspcbsd-plus_ba631c577c5f,OI_dspcbsd-plus_ba631c577c5f,0.0
2,base,OI_dspcbsd-plus_342f42125741,probe,same component,dspcbsd-plus,0.9186819791793823,0.9186819791793823,0.8614046573638916,OI_dspcbsd-plus_66ca446697a1,OI_dspcbsd-plus_7729223f4f94,OI_dspcbsd-plus_7729223f4f94,0.0
2,base,OI_dspcbsd-plus_34d49361ea8d,control,,dspcbsd-plus,0.7417163848876953,0.7417163848876953,0.5836014747619629,OI_dspcbsd-plus_aab8b8266436,OI_dspcbsd-plus_d9dc53252bf8,OI_dspcbsd-plus_d9dc53252bf8,0.0
2,base,OI_dspcbsd-plus_35ce0659bc5b,control,,dspcbsd-plus,0.6880301237106323,0.6880301237106323,0.44490379095077515,OI_dspcbsd-plus_ee30ea6a6339,OI_dspcbsd-plus_7589f6ec725e,OI_dspcbsd-plus_7589f6ec725e,0.0
2,base,OI_dspcbsd-plus_36a61eb52066,probe,similar pair,dspcbsd-plus,0.9698944091796875,0.9652742147445679,0.9698944091796875,OI_dspcbsd-plus_a4d97e1bb28d,OI_dspcbsd-plus_a4d97e1bb28d,OI_dspcbsd-plus_7a79f9cc946a,0.004620194435119629
2,base,OI_dspcbsd-plus_393952300367,control,,dspcbsd-plus,0.7697298526763916,0.7697298526763916,0.5989795923233032,OI_dspcbsd-plus_bbef178a1791,OI_dspcbsd-plus_d568877179fa,OI_dspcbsd-plus_d568877179fa,0.0
2,base,OI_dspcbsd-plus_3a20af8eeada,control,,dspcbsd-plus,0.8517960906028748,0.8517960906028748,0.6317610740661621,OI_dspcbsd-plus_537d500613ab,OI_dspcbsd-plus_9a36bc7f1232,OI_dspcbsd-plus_9a36bc7f1232,0.0
2,base,OI_dspcbsd-plus_3b71e743ad51,control,,dspcbsd-plus,0.8064116835594177,0.8064116835594177,0.6342424154281616,OI_dspcbsd-plus_88a7ac995bde,OI_dspcbsd-plus_989ff4cf7601,OI_dspcbsd-plus_989ff4cf7601,0.0
2,base,OI_dspcbsd-plus_3ba4fc7a7afa,probe,similar pair,dspcbsd-plus,0.9136359691619873,0.8603377342224121,0.9136359691619873,OI_dspcbsd-plus_3c6f29099357,OI_dspcbsd-plus_3c6f29099357,OI_dspcbsd-plus_394394c602af,0.053298234939575195
2,base,OI_dspcbsd-plus_3c4bf1daec46,probe,similar pair,dspcbsd-plus,0.8785468935966492,0.8604365587234497,0.8785468935966492,OI_dspcbsd-plus_f8341c445e6a,OI_dspcbsd-plus_f8341c445e6a,OI_dspcbsd-plus_f6621e7b8170,0.018110334873199463
2,base,OI_dspcbsd-plus_3eb7e261673f,probe,similar pair,dspcbsd-plus,0.8494566082954407,0.8403936624526978,0.8494566082954407,OI_dspcbsd-plus_4b319d537fc4,OI_dspcbsd-plus_4b319d537fc4,OI_dspcbsd-plus_8edd98080171,0.00906294584274292
2,base,OI_dspcbsd-plus_3edebf881e8d,probe,same component,dspcbsd-plus,0.871995210647583,0.8299007415771484,0.871995210647583,OI_dspcbsd-plus_bcedffdf5c91,OI_dspcbsd-plus_bcedffdf5c91,OI_dspcbsd-plus_93f8674ab1f5,0.04209446907043457
2,base,OI_dspcbsd-plus_3f24951fcfb8,probe,similar pair,dspcbsd-plus,0.8918813467025757,0.8989414572715759,0.8808037042617798,OI_dspcbsd-plus_41006b5135f0,OI_dspcbsd-plus_351dfd96d5b1,OI_dspcbsd-plus_c6314b947a0c,-0.007060110569000244
2,base,OI_dspcbsd-plus_402e360b0497,probe,same component,dspcbsd-plus,0.8964507579803467,0.855542778968811,0.8964507579803467,OI_dspcbsd-plus_ff9708cee904,OI_dspcbsd-plus_ff9708cee904,OI_dspcbsd-plus_41c26127bfbd,0.040907979011535645
2,base,OI_dspcbsd-plus_40b98edd579e,probe,similar pair,dspcbsd-plus,0.9463610649108887,0.7426931858062744,0.9463610649108887,OI_dspcbsd-plus_001368584365,OI_dspcbsd-plus_001368584365,OI_dspcbsd-plus_daaf28d6962b,0.20366787910461426
2,base,OI_dspcbsd-plus_40f96a086555,probe,same component,dspcbsd-plus,0.8069522380828857,0.7934756278991699,0.8069522380828857,OI_dspcbsd-plus_e2692329fa2c,OI_dspcbsd-plus_e2692329fa2c,OI_dspcbsd-plus_6a9b02493e9e,0.01347661018371582
2,base,OI_dspcbsd-plus_41be72629072,control,,dspcbsd-plus,0.668125569820404,0.668125569820404,0.5736628770828247,OI_pcb-ind_6e292a252163,OI_dspcbsd-plus_3a83e58be2cf,OI_dspcbsd-plus_3a83e58be2cf,0.0
2,base,OI_dspcbsd-plus_433b88c61737,control,,dspcbsd-plus,0.7298994064331055,0.7298994064331055,0.6131926774978638,OI_dspcbsd-plus_bd77cb67b9cc,OI_dspcbsd-plus_09eee908887a,OI_dspcbsd-plus_09eee908887a,0.0
2,base,OI_dspcbsd-plus_456edf1c023a,probe,same component,dspcbsd-plus,0.8656627535820007,0.8530833721160889,0.8656627535820007,OI_dspcbsd-plus_880fd323c90d,OI_dspcbsd-plus_880fd323c90d,OI_dspcbsd-plus_b821e27ea27b,0.012579381465911865
2,base,OI_dspcbsd-plus_476c157efc95,control,,dspcbsd-plus,0.8858067989349365,0.8858067989349365,0.8097942471504211,OI_dspcbsd-plus_41006b5135f0,OI_dspcbsd-plus_c0bc68b43caa,OI_dspcbsd-plus_c0bc68b43caa,0.0
2,base,OI_dspcbsd-plus_4a302792b10b,probe,similar pair,dspcbsd-plus,0.8703446388244629,0.8392261266708374,0.8703446388244629,OI_dspcbsd-plus_4de906b98c8f,OI_dspcbsd-plus_4de906b98c8f,OI_dspcbsd-plus_bf77da9ba0b3,0.03111851215362549
2,base,OI_dspcbsd-plus_4c1309ab840c,control,,dspcbsd-plus,0.6451131105422974,0.6451131105422974,0.5800179243087769,OI_pcb-ind_e7afe7089634,OI_dspcbsd-plus_06925ca86453,OI_dspcbsd-plus_06925ca86453,0.0
2,base,OI_dspcbsd-plus_4c7451784d26,control,,dspcbsd-plus,0.768085241317749,0.7683426141738892,0.7146328687667847,OI_pcb-ind_6ada68a07442,OI_dspcbsd-plus_be5363e5fa5f,OI_dspcbsd-plus_12a1ad5b090e,-0.0002573728561401367
2,base,OI_dspcbsd-plus_4c90c9d061aa,probe,similar pair,dspcbsd-plus,0.9569375514984131,0.771146833896637,0.9569375514984131,OI_dspcbsd-plus_fe4d5298873b,OI_dspcbsd-plus_fe4d5298873b,OI_dspcbsd-plus_daaf28d6962b,0.18579071760177612
2,base,OI_dspcbsd-plus_4cb795ae146b,probe,similar pair,dspcbsd-plus,0.8838136196136475,0.8370735049247742,0.8838136196136475,OI_dspcbsd-plus_4b28fac5f3b9,OI_dspcbsd-plus_4b28fac5f3b9,OI_dspcbsd-plus_8169c451bb67,0.04674011468887329
2,base,OI_dspcbsd-plus_4d46c74b19cf,control,,dspcbsd-plus,0.8549483418464661,0.8549483418464661,0.7670846581459045,OI_pcb-ind_d43f68d73a87,OI_dspcbsd-plus_e5fb8a42351a,OI_dspcbsd-plus_e5fb8a42351a,0.0
2,base,OI_dspcbsd-plus_4e3197d33ec4,control,,dspcbsd-plus,0.8072418570518494,0.8072418570518494,0.5873528718948364,OI_dspcbsd-plus_22641973d7e7,OI_dspcbsd-plus_308e2a14c018,OI_dspcbsd-plus_308e2a14c018,0.0
2,base,OI_dspcbsd-plus_502763ed6098,control,,dspcbsd-plus,0.6366612911224365,0.6366612911224365,0.5274301171302795,OI_pcb-ind_b3a57857bcfd,OI_dspcbsd-plus_dd0da4765d93,OI_dspcbsd-plus_dd0da4765d93,0.0
2,base,OI_dspcbsd-plus_50ab8cedacbe,control,,dspcbsd-plus,0.6980758905410767,0.6980758905410767,0.6972026824951172,OI_dspcbsd-plus_bd77cb67b9cc,OI_pcb-ind_d2189481de9d,OI_pcb-ind_d2189481de9d,0.0
2,base,OI_dspcbsd-plus_516524f98c80,control,,dspcbsd-plus,0.819322407245636,0.819322407245636,0.8033571243286133,OI_pcb-ind_aa75ac5ad383,OI_dspcbsd-plus_c0603db2dbd4,OI_dspcbsd-plus_c0603db2dbd4,0.0
2,base,OI_dspcbsd-plus_52e2a4e2a44e,probe,same component,dspcbsd-plus,0.8843896389007568,0.8040366172790527,0.8843896389007568,OI_dspcbsd-plus_b85b5e071b18,OI_dspcbsd-plus_b85b5e071b18,OI_dspcbsd-plus_8edd98080171,0.0803530216217041
2,base,OI_dspcbsd-plus_55083d6d747a,control,,dspcbsd-plus,0.9564570188522339,0.9564570188522339,0.9081358909606934,OI_dspcbsd-plus_41006b5135f0,OI_dspcbsd-plus_4a323f42ebbf,OI_dspcbsd-plus_4a323f42ebbf,0.0
2,base,OI_dspcbsd-plus_5b8f51faecea,control,,dspcbsd-plus,0.88425612449646,0.88425612449646,0.7133567929267883,OI_dspcbsd-plus_474756b11f13,OI_dspcbsd-plus_1a1d846de7fe,OI_dspcbsd-plus_1a1d846de7fe,0.0
2,base,OI_dspcbsd-plus_5c3310761413,probe,similar pair,dspcbsd-plus,0.913211464881897,0.8610856533050537,0.913211464881897,OI_dspcbsd-plus_bbef178a1791,OI_dspcbsd-plus_bbef178a1791,OI_pcb-ind_764a0654181a,0.05212581157684326
2,base,OI_dspcbsd-plus_5cfa1a1b528c,control,,dspcbsd-plus,0.8051725625991821,0.8051725625991821,0.7626826763153076,OI_dspcbsd-plus_a2f9dc8bf3c4,OI_dspcbsd-plus_8dae81fc568b,OI_dspcbsd-plus_8dae81fc568b,0.0
2,base,OI_dspcbsd-plus_5d7712fc9d90,probe,similar pair,dspcbsd-plus,0.9234241247177124,0.7298439741134644,0.9234241247177124,OI_dspcbsd-plus_9e679587e516,OI_dspcbsd-plus_9e679587e516,OI_dspcbsd-plus_fea6034c929e,0.19358015060424805
2,base,OI_dspcbsd-plus_5e02b355c148,probe,similar pair,dspcbsd-plus,0.9228420853614807,0.8576721549034119,0.9228420853614807,OI_dspcbsd-plus_be2c9a110964,OI_dspcbsd-plus_be2c9a110964,OI_dspcbsd-plus_8edd98080171,0.06516993045806885
2,base,OI_dspcbsd-plus_5f8dc5a1c5e0,probe,similar pair,dspcbsd-plus,0.943997859954834,0.8930410146713257,0.943997859954834,OI_dspcbsd-plus_56b026c4c387,OI_dspcbsd-plus_56b026c4c387,OI_dspcbsd-plus_50ebe3783733,0.0509568452835083
2,base,OI_dspcbsd-plus_5f8e748f24e4,probe,similar pair,dspcbsd-plus,0.915317952632904,0.7808208465576172,0.915317952632904,OI_dspcbsd-plus_f45929834e71,OI_dspcbsd-plus_f45929834e71,OI_dspcbsd-plus_8edd98080171,0.13449710607528687
2,base,OI_dspcbsd-plus_5f9832c7e958,probe,similar pair,dspcbsd-plus,0.9342055916786194,0.9342055916786194,0.9060885906219482,OI_dspcbsd-plus_41006b5135f0,OI_dspcbsd-plus_13073a87789a,OI_dspcbsd-plus_13073a87789a,0.0
2,base,OI_dspcbsd-plus_60fbebee134e,probe,same component,dspcbsd-plus,0.8940470218658447,0.8410458564758301,0.8940470218658447,OI_dspcbsd-plus_387eb11e88bb,OI_dspcbsd-plus_387eb11e88bb,OI_dspcbsd-plus_67243aef71d8,0.05300116539001465
2,base,OI_dspcbsd-plus_613c6b81528d,control,,dspcbsd-plus,0.7981890439987183,0.7981890439987183,0.7369550466537476,OI_dspcbsd-plus_a2f9dc8bf3c4,OI_dspcbsd-plus_87ef7eefe753,OI_dspcbsd-plus_87ef7eefe753,0.0
2,base,OI_dspcbsd-plus_6156805e6cd7,probe,same component,dspcbsd-plus,0.8455820083618164,0.8524329662322998,0.8455820083618164,OI_dspcbsd-plus_9ba529913caf,OI_dspcbsd-plus_9ba529913caf,OI_dspcbsd-plus_4c18abb50e7e,-0.0068509578704833984
2,base,OI_dspcbsd-plus_618b14e9cca7,probe,similar pair,dspcbsd-plus,0.8579771518707275,0.7967195510864258,0.8579771518707275,OI_dspcbsd-plus_f45929834e71,OI_dspcbsd-plus_f45929834e71,OI_dspcbsd-plus_43af320e9c50,0.06125760078430176
2,base,OI_dspcbsd-plus_6691fd125546,probe,similar pair,dspcbsd-plus,0.8550989627838135,0.7726060152053833,0.8550989627838135,OI_dspcbsd-plus_57cb25cbc047,OI_dspcbsd-plus_57cb25cbc047,OI_dspcbsd-plus_4c18abb50e7e,0.08249294757843018
2,base,OI_dspcbsd-plus_66c759c1989f,probe,same component,dspcbsd-plus,0.8747947216033936,0.8909323215484619,0.8747947216033936,OI_dspcbsd-plus_c038d894bbe6,OI_dspcbsd-plus_c038d894bbe6,OI_dspcbsd-plus_4c18abb50e7e,-0.01613759994506836
2,base,OI_dspcbsd-plus_68719abe64a0,control,,dspcbsd-plus,0.8612130284309387,0.8612130284309387,0.7668758630752563,OI_pcb-ind_6ada68a07442,OI_dspcbsd-plus_f38e7c53d785,OI_dspcbsd-plus_f38e7c53d785,0.0
2,base,OI_dspcbsd-plus_688733ba4228,control,,dspcbsd-plus,0.8406029939651489,0.8406029939651489,0.7501201629638672,OI_dspcbsd-plus_521d384b1334,OI_dspcbsd-plus_163bef46044d,OI_dspcbsd-plus_163bef46044d,0.0
2,base,OI_dspcbsd-plus_6a79caf94abd,probe,similar pair,dspcbsd-plus,0.9359971284866333,0.8059653043746948,0.9359971284866333,OI_dspcbsd-plus_f7fa401df228,OI_dspcbsd-plus_f7fa401df228,OI_dspcbsd-plus_4be2edca4027,0.13003182411193848
2,base,OI_dspcbsd-plus_6ad4d2598d1d,control,,dspcbsd-plus,0.876667857170105,0.876667857170105,0.7967790365219116,OI_dspcbsd-plus_41006b5135f0,OI_dspcbsd-plus_c0bc68b43caa,OI_dspcbsd-plus_c0bc68b43caa,0.0
2,base,OI_dspcbsd-plus_6adf3cb453aa,control,,dspcbsd-plus,0.7083560228347778,0.7083560228347778,0.6606143116950989,OI_dspcbsd-plus_4de906b98c8f,OI_dspcbsd-plus_bf77da9ba0b3,OI_dspcbsd-plus_bf77da9ba0b3,0.0
2,base,OI_dspcbsd-plus_6b545dd95cf0,control,,dspcbsd-plus,0.9038387537002563,0.9038387537002563,0.8902013301849365,OI_dspcbsd-plus_86d6904064a2,OI_dspcbsd-plus_e51de3301549,OI_dspcbsd-plus_e51de3301549,0.0
2,base,OI_dspcbsd-plus_6cb498e1cc95,probe,similar pair,dspcbsd-plus,0.9596022367477417,0.7687550783157349,0.9596022367477417,OI_dspcbsd-plus_bd77cb67b9cc,OI_dspcbsd-plus_bd77cb67b9cc,OI_dspcbsd-plus_e242ada2a66e,0.19084715843200684
2,base,OI_dspcbsd-plus_6d17a50f5c6e,control,,dspcbsd-plus,0.8439382910728455,0.8439382910728455,0.7551647424697876,OI_pcb-ind_d43f68d73a87,OI_dspcbsd-plus_64f6722e3848,OI_dspcbsd-plus_64f6722e3848,0.0
2,base,OI_dspcbsd-plus_6fb9b98e9391,control,,dspcbsd-plus,0.8328298330307007,0.8328298330307007,0.8097724914550781,OI_dspcbsd-plus_41006b5135f0,OI_dspcbsd-plus_966b45827d3d,OI_dspcbsd-plus_966b45827d3d,0.0
2,base,OI_dspcbsd-plus_70a05a4f4cd0,control,,dspcbsd-plus,0.6896315813064575,0.6896315813064575,0.554122805595398,OI_dspcbsd-plus_473562ea17a3,OI_dspcbsd-plus_c119e2995e0e,OI_dspcbsd-plus_c119e2995e0e,0.0
2,base,OI_dspcbsd-plus_7256a8070201,probe,similar pair,dspcbsd-plus,0.9396772384643555,0.8245742321014404,0.9396772384643555,OI_dspcbsd-plus_dda48a6f621d,OI_dspcbsd-plus_dda48a6f621d,OI_dspcbsd-plus_681268d3c934,0.11510300636291504
2,base,OI_dspcbsd-plus_72743edb4e25,control,,dspcbsd-plus,0.6753222942352295,0.6753222942352295,0.5692254304885864,OI_pcb-ind_da9bceaa9eba,OI_dspcbsd-plus_95d4a2ce6281,OI_dspcbsd-plus_95d4a2ce6281,0.0
2,base,OI_dspcbsd-plus_73b554a9f8d2,probe,same component,dspcbsd-plus,0.8299927711486816,0.7030119895935059,0.8299927711486816,OI_dspcbsd-plus_1b40682709ce,OI_dspcbsd-plus_1b40682709ce,OI_dspcbsd-plus_bcdc17d39f24,0.12698078155517578
2,base,OI_dspcbsd-plus_74b13fc9411d,control,,dspcbsd-plus,0.7361076474189758,0.7361076474189758,0.6077960729598999,OI_pcb-ind_cd28c082879f,OI_dspcbsd-plus_259c8220279b,OI_dspcbsd-plus_259c8220279b,0.0
2,base,OI_dspcbsd-plus_76bce86712ed,control,,dspcbsd-plus,0.8602803349494934,0.8602803349494934,0.8207319974899292,OI_dspcbsd-plus_a2f9dc8bf3c4,OI_dspcbsd-plus_0c19841ad9d5,OI_dspcbsd-plus_0c19841ad9d5,0.0
2,base,OI_dspcbsd-plus_78a6012fffe4,control,,dspcbsd-plus,0.8179708123207092,0.8179708123207092,0.7396302223205566,OI_pcb-ind_1243fa1633ba,OI_dspcbsd-plus_91d98faebcd4,OI_dspcbsd-plus_91d98faebcd4,0.0
2,base,OI_dspcbsd-plus_79e0cba74699,control,,dspcbsd-plus,0.840618371963501,0.840618371963501,0.7155724763870239,OI_dspcbsd-plus_8fbfaabaaf62,OI_dspcbsd-plus_2c5dc4d478c1,OI_dspcbsd-plus_2c5dc4d478c1,0.0
2,base,OI_dspcbsd-plus_7a0600398785,control,,dspcbsd-plus,0.8475959300994873,0.8475959300994873,0.7655220627784729,OI_dspcbsd-plus_41006b5135f0,OI_dspcbsd-plus_db78a39fd791,OI_dspcbsd-plus_db78a39fd791,0.0
2,base,OI_dspcbsd-plus_7c41fb1c296a,control,,dspcbsd-plus,0.6879562139511108,0.6879562139511108,0.4694702625274658,OI_dspcbsd-plus_ed3013de37bc,OI_pcb-ind_71235fcee911,OI_pcb-ind_71235fcee911,0.0
2,base,OI_dspcbsd-plus_7cb53cab0c20,probe,similar pair,dspcbsd-plus,0.9391199350357056,0.9391199350357056,0.9362205862998962,OI_dspcbsd-plus_2a66eea6036d,OI_dspcbsd-plus_9aec937cdf1a,OI_dspcbsd-plus_9aec937cdf1a,0.0
2,base,OI_dspcbsd-plus_7d9815ad3ff2,control,,dspcbsd-plus,0.6338250637054443,0.6338250637054443,0.5122458934783936,OI_dspcbsd-plus_bd77cb67b9cc,OI_dspcbsd-plus_61801e015b9a,OI_dspcbsd-plus_61801e015b9a,0.0
2,base,OI_dspcbsd-plus_7e5214349fdf,control,,dspcbsd-plus,0.8664934635162354,0.8664934635162354,0.8203792572021484,OI_dspcbsd-plus_41006b5135f0,OI_dspcbsd-plus_cbc8f0a79c37,OI_dspcbsd-plus_cbc8f0a79c37,0.0
2,base,OI_dspcbsd-plus_7ef8c1b54634,probe,similar pair,dspcbsd-plus,0.9731780886650085,0.9079542756080627,0.9731780886650085,OI_dspcbsd-plus_1d40ee7a0925,OI_dspcbsd-plus_1d40ee7a0925,OI_dspcbsd-plus_7a79f9cc946a,0.0652238130569458
2,base,OI_dspcbsd-plus_846ef2b43ab3,control,,dspcbsd-plus,0.9415526390075684,0.9415526390075684,0.899266242980957,OI_dspcbsd-plus_41006b5135f0,OI_dspcbsd-plus_f5460586bada,OI_dspcbsd-plus_f5460586bada,0.0
2,base,OI_dspcbsd-plus_85474c3f47d4,probe,similar pair,dspcbsd-plus,0.9331276416778564,0.9170606136322021,0.9331276416778564,OI_dspcbsd-plus_7f25fc788332,OI_dspcbsd-plus_7f25fc788332,OI_dspcbsd-plus_590995a6d5ef,0.016067028045654297
2,base,OI_dspcbsd-plus_89ceacd9d528,control,,dspcbsd-plus,0.7368541955947876,0.7380967736244202,0.6218198537826538,OI_dspcbsd-plus_537d500613ab,OI_dspcbsd-plus_2a04aa1fb54d,OI_dspcbsd-plus_f8d64bfc4917,-0.0012425780296325684
2,base,OI_dspcbsd-plus_8d0ee8649f39,control,,dspcbsd-plus,0.8473218679428101,0.8473218679428101,0.7984955310821533,OI_dspcbsd-plus_41006b5135f0,OI_dspcbsd-plus_fc1bd5467cb5,OI_dspcbsd-plus_fc1bd5467cb5,0.0
2,base,OI_dspcbsd-plus_8d1c68fb7347,control,,dspcbsd-plus,0.6177995800971985,0.6177995800971985,0.5257519483566284,OI_pcb-ind_d9f28766fa46,OI_pcb-ind_0cabf28a57f0,OI_pcb-ind_0cabf28a57f0,0.0
2,base,OI_dspcbsd-plus_8ec63981d503,probe,similar pair,dspcbsd-plus,0.9495900869369507,0.8567522764205933,0.9495900869369507,OI_dspcbsd-plus_f44a00eaa665,OI_dspcbsd-plus_f44a00eaa665,OI_dspcbsd-plus_0849bb222278,0.09283781051635742
2,base,OI_dspcbsd-plus_8ec7736ccb84,probe,similar pair,dspcbsd-plus,0.9177396893501282,0.7831893563270569,0.9177396893501282,OI_dspcbsd-plus_245cfc2c89a7,OI_dspcbsd-plus_245cfc2c89a7,OI_dspcbsd-plus_ca2ed5162b07,0.1345503330230713
2,base,OI_dspcbsd-plus_8ecd8f208c68,probe,similar pair,dspcbsd-plus,0.9165384769439697,0.9165384769439697,0.9135490655899048,OI_dspcbsd-plus_a4d97e1bb28d,OI_dspcbsd-plus_7a79f9cc946a,OI_dspcbsd-plus_7a79f9cc946a,0.0
2,base,OI_dspcbsd-plus_8f213396a547,control,,dspcbsd-plus,0.6099722385406494,0.6238305568695068,0.46415039896965027,OI_dspcbsd-plus_400aa198068c,OI_dspcbsd-plus_c0aa929d9d69,OI_dspcbsd-plus_4b210717e689,-0.013858318328857422
2,base,OI_dspcbsd-plus_8ff50c0b94cd,control,,dspcbsd-plus,0.6449739933013916,0.6449739933013916,0.5088752508163452,OI_dspcbsd-plus_233e65adae65,OI_dspcbsd-plus_04bbb5317502,OI_dspcbsd-plus_04bbb5317502,0.0
2,base,OI_dspcbsd-plus_924f55cef510,control,,dspcbsd-plus,0.8638033866882324,0.8638033866882324,0.7285940647125244,OI_dspcbsd-plus_a2f9dc8bf3c4,OI_dspcbsd-plus_2edef7a20d33,OI_dspcbsd-plus_2edef7a20d33,0.0
2,base,OI_dspcbsd-plus_93d5b92757c7,probe,similar pair,dspcbsd-plus,0.878636360168457,0.8341769576072693,0.878636360168457,OI_dspcbsd-plus_8e37652fb174,OI_dspcbsd-plus_8e37652fb174,OI_dspcbsd-plus_1eac320303ac,0.044459402561187744
2,base,OI_dspcbsd-plus_96dde8a944d1,probe,similar pair,dspcbsd-plus,0.8674794435501099,0.6986429691314697,0.8674794435501099,OI_dspcbsd-plus_22641973d7e7,OI_dspcbsd-plus_22641973d7e7,OI_pcb-ind_9d7e69a622e9,0.16883647441864014
2,base,OI_dspcbsd-plus_a022f21892ab,probe,similar pair,dspcbsd-plus,0.8044225573539734,0.8044225573539734,0.7646113634109497,OI_dspcbsd-plus_f30edac9fa8b,OI_dspcbsd-plus_e60fdc8368f0,OI_dspcbsd-plus_e60fdc8368f0,0.0
2,base,OI_dspcbsd-plus_a12828c65f3a,control,,dspcbsd-plus,0.7325261235237122,0.7325261235237122,0.5747259855270386,OI_pcb-ind_d43f68d73a87,OI_dspcbsd-plus_707e70935ab2,OI_dspcbsd-plus_707e70935ab2,0.0
2,base,OI_dspcbsd-plus_a1c516500ff7,probe,same component,dspcbsd-plus,0.9187681078910828,0.775833785533905,0.9187681078910828,OI_dspcbsd-plus_9ba529913caf,OI_dspcbsd-plus_9ba529913caf,OI_dspcbsd-plus_c030603ed80d,0.14293432235717773
2,base,OI_dspcbsd-plus_a1d9bdad5249,probe,similar pair,dspcbsd-plus,0.8895320892333984,0.8435770273208618,0.8895320892333984,OI_dspcbsd-plus_245cfc2c89a7,OI_dspcbsd-plus_245cfc2c89a7,OI_dspcbsd-plus_b3a56274dd84,0.04595506191253662
2,base,OI_dspcbsd-plus_a29d78fbd295,probe,similar pair,dspcbsd-plus,0.9268596768379211,0.946896493434906,0.8926221132278442,OI_dspcbsd-plus_41006b5135f0,OI_dspcbsd-plus_83187907cef1,OI_dspcbsd-plus_c6314b947a0c,-0.020036816596984863
2,base,OI_dspcbsd-plus_a447cf91b72f,probe,similar pair,dspcbsd-plus,0.9138543605804443,0.8136928081512451,0.9138543605804443,OI_dspcbsd-plus_245cfc2c89a7,OI_dspcbsd-plus_245cfc2c89a7,OI_dspcbsd-plus_ca2ed5162b07,0.10016155242919922
2,base,OI_dspcbsd-plus_a4ed397b28bd,control,,dspcbsd-plus,0.7731337547302246,0.7731337547302246,0.6222955584526062,OI_dspcbsd-plus_4b28fac5f3b9,OI_dspcbsd-plus_1e98ba9b4f16,OI_dspcbsd-plus_1e98ba9b4f16,0.0
2,base,OI_dspcbsd-plus_a6feb356dba8,control,,dspcbsd-plus,0.7495870590209961,0.8128911256790161,0.5920068025588989,OI_dspcbsd-plus_dda48a6f621d,OI_dspcbsd-plus_66d0e5168b03,OI_dspcbsd-plus_bdc935fa9972,-0.06330406665802002
2,base,OI_dspcbsd-plus_a757533c00ad,probe,same component,dspcbsd-plus,0.838188648223877,0.7828340530395508,0.838188648223877,OI_dspcbsd-plus_8e37652fb174,OI_dspcbsd-plus_8e37652fb174,OI_dspcbsd-plus_1eac320303ac,0.05535459518432617
2,base,OI_dspcbsd-plus_a77eee08b680,control,,dspcbsd-plus,0.7383975982666016,0.7383975982666016,0.6453550457954407,OI_dspcbsd-plus_7f25fc788332,OI_pcb-ind_5eb83ecec57a,OI_pcb-ind_5eb83ecec57a,0.0
2,base,OI_dspcbsd-plus_a871fe14dd3c,control,,dspcbsd-plus,0.7536869049072266,0.7536869049072266,0.5246014595031738,OI_pcb-ind_04f4776bd3d5,OI_dspcbsd-plus_aa28e7147305,OI_dspcbsd-plus_aa28e7147305,0.0
2,base,OI_dspcbsd-plus_aad13eafd91c,control,,dspcbsd-plus,0.6550957560539246,0.6550957560539246,0.5756314992904663,OI_dspcbsd-plus_f30edac9fa8b,OI_dspcbsd-plus_0fd823805317,OI_dspcbsd-plus_0fd823805317,0.0
2,base,OI_dspcbsd-plus_ab25c96abd6e,probe,similar pair,dspcbsd-plus,0.9284757375717163,0.8079394102096558,0.9284757375717163,OI_dspcbsd-plus_400aa198068c,OI_dspcbsd-plus_400aa198068c,OI_dspcbsd-plus_bacd34567193,0.12053632736206055
2,base,OI_dspcbsd-plus_ace9bbf41291,control,,dspcbsd-plus,0.76430344581604,0.76430344581604,0.6693478226661682,OI_dspcbsd-plus_010f6b274095,OI_dspcbsd-plus_ad8c23e0dc10,OI_dspcbsd-plus_ad8c23e0dc10,0.0
2,base,OI_dspcbsd-plus_aecaafe6ea19,probe,same component,dspcbsd-plus,0.8689627647399902,0.8584156036376953,0.8689627647399902,OI_dspcbsd-plus_c5c737f691f6,OI_dspcbsd-plus_c5c737f691f6,OI_dspcbsd-plus_b3a56274dd84,0.010547161102294922
2,base,OI_dspcbsd-plus_af42cb7e1bcf,probe,similar pair,dspcbsd-plus,0.9198985695838928,0.7947107553482056,0.9198985695838928,OI_dspcbsd-plus_aab8b8266436,OI_dspcbsd-plus_aab8b8266436,OI_dspcbsd-plus_f6621e7b8170,0.12518781423568726
2,base,OI_dspcbsd-plus_b1d7bd5c7626,control,,dspcbsd-plus,0.7096898555755615,0.7096898555755615,0.5478540658950806,OI_pcb-ind_7dd6f1342758,OI_dspcbsd-plus_35935c465b21,OI_dspcbsd-plus_35935c465b21,0.0
2,base,OI_dspcbsd-plus_b5c6855fe517,probe,similar pair,dspcbsd-plus,0.8965920209884644,0.8797377347946167,0.8965920209884644,OI_dspcbsd-plus_7a70f7d5f018,OI_dspcbsd-plus_7a70f7d5f018,OI_dspcbsd-plus_dfade66271d5,0.016854286193847656
2,base,OI_dspcbsd-plus_baa2a2c91a3d,probe,similar pair,dspcbsd-plus,0.927515983581543,0.7249175906181335,0.927515983581543,OI_dspcbsd-plus_1311a2cec296,OI_dspcbsd-plus_1311a2cec296,OI_dspcbsd-plus_22f8cfda49bc,0.20259839296340942
2,base,OI_dspcbsd-plus_bb3e349132f6,probe,same component,dspcbsd-plus,0.7594391107559204,0.6849212646484375,0.7594391107559204,OI_dspcbsd-plus_010f6b274095,OI_dspcbsd-plus_010f6b274095,OI_dspcbsd-plus_134e55ae7147,0.07451784610748291
2,base,OI_dspcbsd-plus_bdb7494aa4e5,control,,dspcbsd-plus,0.9006549119949341,0.9006549119949341,0.8349819183349609,OI_dspcbsd-plus_41006b5135f0,OI_dspcbsd-plus_d755827f0318,OI_dspcbsd-plus_d755827f0318,0.0
2,base,OI_dspcbsd-plus_bdef5e1dd133,control,,dspcbsd-plus,0.5995073914527893,0.5995073914527893,0.5073966979980469,OI_dspcbsd-plus_010f6b274095,OI_dspcbsd-plus_13229a7ca288,OI_dspcbsd-plus_13229a7ca288,0.0
2,base,OI_dspcbsd-plus_bf978ba21370,control,,dspcbsd-plus,0.8909849524497986,0.8909849524497986,0.8404114246368408,OI_dspcbsd-plus_4b28fac5f3b9,OI_dspcbsd-plus_336f09f4f809,OI_dspcbsd-plus_336f09f4f809,0.0
2,base,OI_dspcbsd-plus_bfa2bb933a68,probe,similar pair,dspcbsd-plus,0.8375368118286133,0.8375368118286133,0.8121427297592163,OI_dspcbsd-plus_3c005d0965b8,OI_dspcbsd-plus_8965d461692b,OI_dspcbsd-plus_8965d461692b,0.0
2,base,OI_dspcbsd-plus_c0333227b244,control,,dspcbsd-plus,0.79002845287323,0.79002845287323,0.7682620286941528,OI_dspcbsd-plus_4b28fac5f3b9,OI_dspcbsd-plus_0e9ccb40cd55,OI_dspcbsd-plus_0e9ccb40cd55,0.0
2,base,OI_dspcbsd-plus_c337c8075a00,probe,similar pair,dspcbsd-plus,0.9070068597793579,0.8707228302955627,0.9070068597793579,OI_dspcbsd-plus_98dd22b6ed69,OI_dspcbsd-plus_98dd22b6ed69,OI_dspcbsd-plus_7a870ba1fb49,0.036284029483795166
2,base,OI_dspcbsd-plus_c384a24c308d,probe,similar pair,dspcbsd-plus,0.8568040132522583,0.7960017323493958,0.8568040132522583,OI_dspcbsd-plus_4a310831d147,OI_dspcbsd-plus_4a310831d147,OI_dspcbsd-plus_d3e7117e8f45,0.06080228090286255
2,base,OI_dspcbsd-plus_c9a370cd77e6,control,,dspcbsd-plus,0.8768453598022461,0.8768453598022461,0.8748102188110352,OI_dspcbsd-plus_41006b5135f0,OI_dspcbsd-plus_65937cb7e58a,OI_dspcbsd-plus_65937cb7e58a,0.0
2,base,OI_dspcbsd-plus_ca520caede4d,probe,similar pair,dspcbsd-plus,0.9361139535903931,0.9219405055046082,0.9361139535903931,OI_dspcbsd-plus_26f8cde0048f,OI_dspcbsd-plus_26f8cde0048f,OI_dspcbsd-plus_aa8bc6138582,0.014173448085784912
2,base,OI_dspcbsd-plus_cbcb908efc36,control,,dspcbsd-plus,0.7693392634391785,0.7693392634391785,0.6853765249252319,OI_dspcbsd-plus_0e42c0dc35e0,OI_dspcbsd-plus_ef371e74f135,OI_dspcbsd-plus_ef371e74f135,0.0
2,base,OI_dspcbsd-plus_cdb66e719d3a,probe,similar pair,dspcbsd-plus,0.9378198981285095,0.9173643589019775,0.9378198981285095,OI_dspcbsd-plus_a2f9dc8bf3c4,OI_dspcbsd-plus_a2f9dc8bf3c4,OI_dspcbsd-plus_0e30631d90b0,0.020455539226531982
2,base,OI_dspcbsd-plus_ceccb2174cb4,probe,same component,dspcbsd-plus,0.9356770515441895,0.909172534942627,0.9356770515441895,OI_dspcbsd-plus_1d40ee7a0925,OI_dspcbsd-plus_1d40ee7a0925,OI_dspcbsd-plus_7a79f9cc946a,0.0265045166015625
2,base,OI_dspcbsd-plus_d2653b3192ae,control,,dspcbsd-plus,0.6628463864326477,0.6628463864326477,0.5222024917602539,OI_dspcbsd-plus_233e65adae65,OI_dspcbsd-plus_ed3207e042a5,OI_dspcbsd-plus_ed3207e042a5,0.0
2,base,OI_dspcbsd-plus_d3ba21aba78b,control,,dspcbsd-plus,0.7869440317153931,0.7869440317153931,0.6809651851654053,OI_dspcbsd-plus_4a310831d147,OI_dspcbsd-plus_64337148b807,OI_dspcbsd-plus_64337148b807,0.0
2,base,OI_dspcbsd-plus_d53dfbb7813d,probe,same component,dspcbsd-plus,0.9191370010375977,0.8845356702804565,0.9191370010375977,OI_dspcbsd-plus_66ca446697a1,OI_dspcbsd-plus_66ca446697a1,OI_dspcbsd-plus_7a79f9cc946a,0.03460133075714111
2,base,OI_dspcbsd-plus_d66fb9e98b43,probe,same component,dspcbsd-plus,0.9079008102416992,0.9018385410308838,0.9079008102416992,OI_dspcbsd-plus_390f3bc9b929,OI_dspcbsd-plus_390f3bc9b929,OI_dspcbsd-plus_7a870ba1fb49,0.00606226921081543
2,base,OI_dspcbsd-plus_d9aa4e54ad55,probe,similar pair,dspcbsd-plus,0.9174451231956482,0.8559282422065735,0.9174451231956482,OI_dspcbsd-plus_0e42c0dc35e0,OI_dspcbsd-plus_0e42c0dc35e0,OI_dspcbsd-plus_013a7e7401ac,0.06151688098907471
2,base,OI_dspcbsd-plus_da2d103ec487,control,,dspcbsd-plus,0.8744344711303711,0.8744344711303711,0.8060688972473145,OI_pcb-ind_7dd6f1342758,OI_dspcbsd-plus_e36c7c7b498c,OI_dspcbsd-plus_e36c7c7b498c,0.0
2,base,OI_dspcbsd-plus_dc00d4ec33cc,probe,same component,dspcbsd-plus,0.7882305979728699,0.7224782705307007,0.7882305979728699,OI_dspcbsd-plus_e8f7cbc14a71,OI_dspcbsd-plus_e8f7cbc14a71,OI_pcb-ind_57a45ff56d34,0.06575232744216919
2,base,OI_dspcbsd-plus_ddc82030af15,control,,dspcbsd-plus,0.8873652815818787,0.9053462743759155,0.8641206622123718,OI_dspcbsd-plus_3c5d112f7fd5,OI_dspcbsd-plus_e33afbad27e5,OI_dspcbsd-plus_c6314b947a0c,-0.017980992794036865
2,base,OI_dspcbsd-plus_ddfbb9b3396a,control,,dspcbsd-plus,0.6339758634567261,0.6339758634567261,0.52412348985672,OI_pcb-ind_88be441f069e,OI_dspcbsd-plus_a43136785b2c,OI_dspcbsd-plus_a43136785b2c,0.0
2,base,OI_dspcbsd-plus_dfb5eb53fcf7,probe,similar pair,dspcbsd-plus,0.9327547550201416,0.6832411289215088,0.9327547550201416,OI_dspcbsd-plus_deda38b4f276,OI_dspcbsd-plus_deda38b4f276,OI_dspcbsd-plus_4c18abb50e7e,0.2495136260986328
2,base,OI_dspcbsd-plus_dfcf0e32fdfa,control,,dspcbsd-plus,0.7707017660140991,0.7707017660140991,0.639385461807251,OI_pcb-ind_5bdfe9ff12c5,OI_pcb-ind_ae4d9539723c,OI_pcb-ind_ae4d9539723c,0.0
2,base,OI_dspcbsd-plus_e52170558078,probe,similar pair,dspcbsd-plus,0.924362301826477,0.8352898359298706,0.924362301826477,OI_dspcbsd-plus_ee30ea6a6339,OI_dspcbsd-plus_ee30ea6a6339,OI_dspcbsd-plus_b821e27ea27b,0.08907246589660645
2,base,OI_dspcbsd-plus_e73c2a8629ad,control,,dspcbsd-plus,0.8734734058380127,0.8734734058380127,0.8154031038284302,OI_dspcbsd-plus_4bfa310b7d17,OI_dspcbsd-plus_1c16f70ca122,OI_dspcbsd-plus_1c16f70ca122,0.0
2,base,OI_dspcbsd-plus_e75f1121caf0,probe,similar pair,dspcbsd-plus,0.9318537712097168,0.6760306358337402,0.9318537712097168,OI_dspcbsd-plus_600e0bb4b349,OI_dspcbsd-plus_600e0bb4b349,OI_dspcbsd-plus_a530f6559094,0.25582313537597656
2,base,OI_dspcbsd-plus_e7ac24419352,probe,same component,dspcbsd-plus,0.9168167114257812,0.847992479801178,0.9168167114257812,OI_dspcbsd-plus_cc18a59105fb,OI_dspcbsd-plus_cc18a59105fb,OI_dspcbsd-plus_7a79f9cc946a,0.06882423162460327
2,base,OI_dspcbsd-plus_e81eb183706e,probe,similar pair,dspcbsd-plus,0.9253072738647461,0.7465063333511353,0.9253072738647461,OI_dspcbsd-plus_f5187fcc140e,OI_dspcbsd-plus_f5187fcc140e,OI_dspcbsd-plus_464a9abbe380,0.17880094051361084
2,base,OI_dspcbsd-plus_eb55fb0409e3,probe,similar pair,dspcbsd-plus,0.9308068752288818,0.6253570914268494,0.9308068752288818,OI_dspcbsd-plus_2723a5ca19ab,OI_dspcbsd-plus_2723a5ca19ab,OI_pcb-ind_d62b792cb663,0.30544978380203247
2,base,OI_dspcbsd-plus_ec7d48a3c36d,probe,similar pair,dspcbsd-plus,0.9162325263023376,0.9082355499267578,0.9162325263023376,OI_dspcbsd-plus_ff9708cee904,OI_dspcbsd-plus_ff9708cee904,OI_dspcbsd-plus_7a79f9cc946a,0.007996976375579834
2,base,OI_dspcbsd-plus_ed0acba34a5b,control,,dspcbsd-plus,0.8039465546607971,0.8039465546607971,0.6331831216812134,OI_dspcbsd-plus_4de906b98c8f,OI_dspcbsd-plus_e1c348e59799,OI_dspcbsd-plus_e1c348e59799,0.0
2,base,OI_dspcbsd-plus_ed3ce3177bf7,control,,dspcbsd-plus,0.8131445646286011,0.8131445646286011,0.7835400104522705,OI_pcb-ind_c4eb1dadecd2,OI_dspcbsd-plus_8d3736b21aa5,OI_dspcbsd-plus_8d3736b21aa5,0.0
2,base,OI_dspcbsd-plus_ed8461875e05,control,,dspcbsd-plus,0.7931383848190308,0.7931383848190308,0.6647667288780212,OI_dspcbsd-plus_f30edac9fa8b,OI_dspcbsd-plus_e60fdc8368f0,OI_dspcbsd-plus_e60fdc8368f0,0.0
2,base,OI_dspcbsd-plus_edde3f8b9b7e,probe,similar pair,dspcbsd-plus,0.9827826023101807,0.7650588750839233,0.9827826023101807,OI_dspcbsd-plus_ffff273bd969,OI_dspcbsd-plus_ffff273bd969,OI_dspcbsd-plus_e1c348e59799,0.21772372722625732
2,base,OI_dspcbsd-plus_f3d2a48f7e43,control,,dspcbsd-plus,0.8024206161499023,0.8024206161499023,0.644353985786438,OI_pcb-ind_c4eb1dadecd2,OI_dspcbsd-plus_7053b899dfcf,OI_dspcbsd-plus_7053b899dfcf,0.0
2,base,OI_dspcbsd-plus_f4c0dca2a943,control,,dspcbsd-plus,0.8044141530990601,0.8044141530990601,0.6709953546524048,OI_dspcbsd-plus_521d384b1334,OI_dspcbsd-plus_7fab6a46d332,OI_dspcbsd-plus_7fab6a46d332,0.0
2,base,OI_dspcbsd-plus_f4d3095bbcbf,probe,similar pair,dspcbsd-plus,0.8572196960449219,0.8348051905632019,0.8572196960449219,OI_dspcbsd-plus_c038d894bbe6,OI_dspcbsd-plus_c038d894bbe6,OI_dspcbsd-plus_4c18abb50e7e,0.02241450548171997
2,base,OI_dspcbsd-plus_f4fe64ae650d,probe,similar pair,dspcbsd-plus,0.9453792572021484,0.902762234210968,0.9453792572021484,OI_dspcbsd-plus_1d40ee7a0925,OI_dspcbsd-plus_1d40ee7a0925,OI_dspcbsd-plus_7a79f9cc946a,0.04261702299118042
2,base,OI_dspcbsd-plus_f6d949db7661,control,,dspcbsd-plus,0.6388129591941833,0.6211138963699341,0.6388129591941833,OI_dspcbsd-plus_f30edac9fa8b,OI_dspcbsd-plus_f30edac9fa8b,OI_dspcbsd-plus_13229a7ca288,0.017699062824249268
2,base,OI_dspcbsd-plus_f7e22be66f4d,probe,similar pair,dspcbsd-plus,0.8738918900489807,0.6834583282470703,0.8738918900489807,OI_dspcbsd-plus_600e0bb4b349,OI_dspcbsd-plus_600e0bb4b349,OI_dspcbsd-plus_a530f6559094,0.1904335618019104
2,base,OI_dspcbsd-plus_f8a76c7516e9,control,,dspcbsd-plus,0.871379017829895,0.871379017829895,0.7908666133880615,OI_dspcbsd-plus_a2f9dc8bf3c4,OI_dspcbsd-plus_cc4925c72166,OI_dspcbsd-plus_cc4925c72166,0.0
2,base,OI_dspcbsd-plus_f9403e4af9a5,probe,same component,dspcbsd-plus,0.866745114326477,0.8488613963127136,0.866745114326477,OI_dspcbsd-plus_f45929834e71,OI_dspcbsd-plus_f45929834e71,OI_dspcbsd-plus_43af320e9c50,0.017883718013763428
2,base,OI_dspcbsd-plus_fd51e5ebd339,probe,similar pair,dspcbsd-plus,0.9129315614700317,0.6613461971282959,0.9129315614700317,OI_dspcbsd-plus_98767ef1bcb0,OI_dspcbsd-plus_98767ef1bcb0,OI_dspcbsd-plus_50b154410c4a,0.25158536434173584
2,base,OI_dspcbsd-plus_ff8e76883de7,control,,dspcbsd-plus,0.8653666377067566,0.8653666377067566,0.8342547416687012,OI_dspcbsd-plus_2a66eea6036d,OI_dspcbsd-plus_7d1fcfd9a1db,OI_dspcbsd-plus_7d1fcfd9a1db,0.0
2,base,OI_pcb-defect_0362aeae2db7,control,,pcb-defect,0.9671211242675781,0.9671211242675781,0.9425503015518188,OI_pcb-defect_037a6c5a88c0,OI_pcb-defect_3a5ccf071233,OI_pcb-defect_3a5ccf071233,0.0
2,base,OI_pcb-defect_075ac19b0299,control,,pcb-defect,0.9564669132232666,0.9564669132232666,0.9526288509368896,OI_pcb-defect_d2d57596e2dc,OI_pcb-defect_3a5ccf071233,OI_pcb-defect_3a5ccf071233,0.0
2,base,OI_pcb-defect_08d6daf092dc,control,,pcb-defect,0.9516125917434692,0.9516125917434692,0.9438359141349792,OI_pcb-defect_0ab8220b2561,OI_pcb-defect_138772afe1bd,OI_pcb-defect_138772afe1bd,0.0
2,base,OI_pcb-defect_10df1c72bffd,control,,pcb-defect,0.9562142491340637,0.9562142491340637,0.944527268409729,OI_pcb-defect_4af03c9a751e,OI_pcb-defect_0677c837a90b,OI_pcb-defect_0677c837a90b,0.0
2,base,OI_pcb-defect_131a637c140e,probe,crop sibling,pcb-defect,0.9999998807907104,0.9245741367340088,0.9999998807907104,OI_pcb-defect_a330a8e53fbf,OI_pcb-defect_a330a8e53fbf,OI_pcb-defect_61d69fe0eda8,0.07542574405670166
2,base,OI_pcb-defect_157fb4b54395,control,,pcb-defect,0.9486092329025269,0.9486092329025269,0.9418211579322815,OI_pcb-defect_4af03c9a751e,OI_pcb-defect_5dce1a8f1617,OI_pcb-defect_5dce1a8f1617,0.0
2,base,OI_pcb-defect_1a75dbbd5fd3,control,,pcb-defect,0.9562142491340637,0.9562142491340637,0.944527268409729,OI_pcb-defect_4af03c9a751e,OI_pcb-defect_0677c837a90b,OI_pcb-defect_0677c837a90b,0.0
2,base,OI_pcb-defect_1e295719c544,control,,pcb-defect,0.9516125917434692,0.9516125917434692,0.9438359141349792,OI_pcb-defect_0ab8220b2561,OI_pcb-defect_138772afe1bd,OI_pcb-defect_138772afe1bd,0.0
2,base,OI_pcb-defect_1e97e020edd9,control,,pcb-defect,0.9562142491340637,0.9562142491340637,0.944527268409729,OI_pcb-defect_4af03c9a751e,OI_pcb-defect_0677c837a90b,OI_pcb-defect_0677c837a90b,0.0
2,base,OI_pcb-defect_262b441de501,probe,crop sibling,pcb-defect,1.0000004768371582,0.9596706628799438,1.0000004768371582,OI_pcb-defect_6e7b4ba91ffb,OI_pcb-defect_6e7b4ba91ffb,OI_pcb-defect_3a5ccf071233,0.040329813957214355
2,base,OI_pcb-defect_29e7eaf5b889,control,,pcb-defect,0.9516125917434692,0.9516125917434692,0.9438359141349792,OI_pcb-defect_0ab8220b2561,OI_pcb-defect_138772afe1bd,OI_pcb-defect_138772afe1bd,0.0
2,base,OI_pcb-defect_2d7dfd4da9ba,control,,pcb-defect,0.9511983394622803,0.9511983394622803,0.9450638890266418,OI_pcb-defect_0ab8220b2561,OI_pcb-defect_51a740d7e7ac,OI_pcb-defect_51a740d7e7ac,0.0
2,base,OI_pcb-defect_2e6d3e686e03,control,,pcb-defect,0.9661349654197693,0.9661349654197693,0.9539790749549866,OI_pcb-defect_9c07e1dedf34,OI_pcb-defect_3a5ccf071233,OI_pcb-defect_3a5ccf071233,0.0
2,base,OI_pcb-defect_2eb168684bdd,control,,pcb-defect,0.9516125917434692,0.9516125917434692,0.9438359141349792,OI_pcb-defect_0ab8220b2561,OI_pcb-defect_138772afe1bd,OI_pcb-defect_138772afe1bd,0.0
2,base,OI_pcb-defect_36db30c1bbeb,probe,crop sibling,pcb-defect,1.000000238418579,0.9449827671051025,1.000000238418579,OI_pcb-defect_2fb2336b03c7,OI_pcb-defect_2fb2336b03c7,OI_pcb-defect_5292a09b6a80,0.05501747131347656
2,base,OI_pcb-defect_3f2c1d6626b3,probe,similar pair,pcb-defect,0.9194818735122681,0.8974435329437256,0.9194818735122681,OI_pcb-defect_2fb2336b03c7,OI_pcb-defect_2fb2336b03c7,OI_pcb-defect_032d7e6577a6,0.02203834056854248
2,base,OI_pcb-defect_3f77134145ed,control,,pcb-defect,0.9564669132232666,0.9564669132232666,0.9526288509368896,OI_pcb-defect_d2d57596e2dc,OI_pcb-defect_3a5ccf071233,OI_pcb-defect_3a5ccf071233,0.0
2,base,OI_pcb-defect_44825592ab3e,control,,pcb-defect,0.9562142491340637,0.9562142491340637,0.944527268409729,OI_pcb-defect_4af03c9a751e,OI_pcb-defect_0677c837a90b,OI_pcb-defect_0677c837a90b,0.0
2,base,OI_pcb-defect_46a9f53f0700,control,,pcb-defect,0.9661349654197693,0.9661349654197693,0.9539790749549866,OI_pcb-defect_9c07e1dedf34,OI_pcb-defect_3a5ccf071233,OI_pcb-defect_3a5ccf071233,0.0
2,base,OI_pcb-defect_4efa8044f387,control,,pcb-defect,0.9671211242675781,0.9671211242675781,0.9425503015518188,OI_pcb-defect_037a6c5a88c0,OI_pcb-defect_3a5ccf071233,OI_pcb-defect_3a5ccf071233,0.0
2,base,OI_pcb-defect_55349e68e55c,control,,pcb-defect,0.9564669132232666,0.9564669132232666,0.9526288509368896,OI_pcb-defect_d2d57596e2dc,OI_pcb-defect_3a5ccf071233,OI_pcb-defect_3a5ccf071233,0.0
2,base,OI_pcb-defect_56ab66e6743f,control,,pcb-defect,0.9511983394622803,0.9511983394622803,0.9450638890266418,OI_pcb-defect_0ab8220b2561,OI_pcb-defect_51a740d7e7ac,OI_pcb-defect_51a740d7e7ac,0.0
2,base,OI_pcb-defect_6070a22b23a9,probe,crop sibling,pcb-defect,0.9999998807907104,0.9245741367340088,0.9999998807907104,OI_pcb-defect_a330a8e53fbf,OI_pcb-defect_a330a8e53fbf,OI_pcb-defect_61d69fe0eda8,0.07542574405670166
2,base,OI_pcb-defect_60f112c4adea,probe,crop sibling,pcb-defect,0.9999999403953552,0.9566231966018677,0.9999999403953552,OI_pcb-defect_9c07e1dedf34,OI_pcb-defect_9c07e1dedf34,OI_pcb-defect_1cb90d5aee16,0.04337674379348755
2,base,OI_pcb-defect_6c2287d5af28,probe,similar pair,pcb-defect,0.9194818735122681,0.8974435329437256,0.9194818735122681,OI_pcb-defect_2fb2336b03c7,OI_pcb-defect_2fb2336b03c7,OI_pcb-defect_032d7e6577a6,0.02203834056854248
2,base,OI_pcb-defect_6f1dcb3615a0,control,,pcb-defect,0.9648503065109253,0.9648503065109253,0.9443150758743286,OI_pcb-defect_9c07e1dedf34,OI_pcb-defect_0892d5bd550b,OI_pcb-defect_0892d5bd550b,0.0
2,base,OI_pcb-defect_7339d2a40d51,probe,crop sibling,pcb-defect,0.9999999403953552,0.9566231966018677,0.9999999403953552,OI_pcb-defect_9c07e1dedf34,OI_pcb-defect_9c07e1dedf34,OI_pcb-defect_1cb90d5aee16,0.04337674379348755
2,base,OI_pcb-defect_793d3c139aba,probe,crop sibling,pcb-defect,1.0000001192092896,0.95026695728302,1.0000001192092896,OI_pcb-defect_4af03c9a751e,OI_pcb-defect_4af03c9a751e,OI_pcb-defect_606c02aa3451,0.04973316192626953
2,base,OI_pcb-defect_7acfa3a9d349,probe,crop sibling,pcb-defect,1.0000001192092896,0.9484330415725708,1.0000001192092896,OI_pcb-defect_0ab8220b2561,OI_pcb-defect_0ab8220b2561,OI_pcb-defect_574e6ac74c92,0.05156707763671875
2,base,OI_pcb-defect_7b86f207586d,control,,pcb-defect,0.9564669132232666,0.9564669132232666,0.9526288509368896,OI_pcb-defect_d2d57596e2dc,OI_pcb-defect_3a5ccf071233,OI_pcb-defect_3a5ccf071233,0.0
2,base,OI_pcb-defect_7b9af5947c7d,control,,pcb-defect,0.9562142491340637,0.9562142491340637,0.944527268409729,OI_pcb-defect_4af03c9a751e,OI_pcb-defect_0677c837a90b,OI_pcb-defect_0677c837a90b,0.0
2,base,OI_pcb-defect_8420432f007a,control,,pcb-defect,0.9564669132232666,0.9564669132232666,0.9526288509368896,OI_pcb-defect_d2d57596e2dc,OI_pcb-defect_3a5ccf071233,OI_pcb-defect_3a5ccf071233,0.0
2,base,OI_pcb-defect_8a08dd270c38,control,,pcb-defect,0.9564669132232666,0.9564669132232666,0.9526288509368896,OI_pcb-defect_d2d57596e2dc,OI_pcb-defect_3a5ccf071233,OI_pcb-defect_3a5ccf071233,0.0
2,base,OI_pcb-defect_8cbed98d0277,probe,crop sibling,pcb-defect,0.9999998807907104,0.9415087699890137,0.9999998807907104,OI_pcb-defect_661504452187,OI_pcb-defect_661504452187,OI_pcb-defect_574e6ac74c92,0.05849111080169678
2,base,OI_pcb-defect_93d932219308,control,,pcb-defect,0.9511983394622803,0.9511983394622803,0.9450638890266418,OI_pcb-defect_0ab8220b2561,OI_pcb-defect_51a740d7e7ac,OI_pcb-defect_51a740d7e7ac,0.0
2,base,OI_pcb-defect_9739672c8ed7,control,,pcb-defect,0.9516125917434692,0.9516125917434692,0.9438359141349792,OI_pcb-defect_0ab8220b2561,OI_pcb-defect_138772afe1bd,OI_pcb-defect_138772afe1bd,0.0
2,base,OI_pcb-defect_9a495444d514,control,,pcb-defect,0.9511983394622803,0.9511983394622803,0.9450638890266418,OI_pcb-defect_0ab8220b2561,OI_pcb-defect_51a740d7e7ac,OI_pcb-defect_51a740d7e7ac,0.0
2,base,OI_pcb-defect_9a780eb8fce5,probe,crop sibling,pcb-defect,0.9999994039535522,0.9555825591087341,0.9999994039535522,OI_pcb-defect_a9934270897e,OI_pcb-defect_a9934270897e,OI_pcb-defect_2382115fe47e,0.044416844844818115
2,base,OI_pcb-defect_9ade3a1f2136,control,,pcb-defect,0.9671211242675781,0.9671211242675781,0.9425503015518188,OI_pcb-defect_037a6c5a88c0,OI_pcb-defect_3a5ccf071233,OI_pcb-defect_3a5ccf071233,0.0
2,base,OI_pcb-defect_9e7356cb8645,control,,pcb-defect,0.9661349654197693,0.9661349654197693,0.9539790749549866,OI_pcb-defect_9c07e1dedf34,OI_pcb-defect_3a5ccf071233,OI_pcb-defect_3a5ccf071233,0.0
2,base,OI_pcb-defect_9f061c914d36,control,,pcb-defect,0.9486092329025269,0.9486092329025269,0.9418211579322815,OI_pcb-defect_4af03c9a751e,OI_pcb-defect_5dce1a8f1617,OI_pcb-defect_5dce1a8f1617,0.0
2,base,OI_pcb-defect_a43298e40453,probe,crop sibling,pcb-defect,0.9999999403953552,0.9566231966018677,0.9999999403953552,OI_pcb-defect_9c07e1dedf34,OI_pcb-defect_9c07e1dedf34,OI_pcb-defect_1cb90d5aee16,0.04337674379348755
2,base,OI_pcb-defect_a6bbe2517aa9,probe,crop sibling,pcb-defect,1.0000004768371582,0.9596706628799438,1.0000004768371582,OI_pcb-defect_6e7b4ba91ffb,OI_pcb-defect_6e7b4ba91ffb,OI_pcb-defect_3a5ccf071233,0.040329813957214355
2,base,OI_pcb-defect_b1a6d3d17c2e,probe,crop sibling,pcb-defect,0.9999994039535522,0.9555825591087341,0.9999994039535522,OI_pcb-defect_a9934270897e,OI_pcb-defect_a9934270897e,OI_pcb-defect_2382115fe47e,0.044416844844818115
2,base,OI_pcb-defect_b7c7bc0b2e33,control,,pcb-defect,0.9661349654197693,0.9661349654197693,0.9539790749549866,OI_pcb-defect_9c07e1dedf34,OI_pcb-defect_3a5ccf071233,OI_pcb-defect_3a5ccf071233,0.0
2,base,OI_pcb-defect_b7eff2a20d83,control,,pcb-defect,0.9486092329025269,0.9486092329025269,0.9418211579322815,OI_pcb-defect_4af03c9a751e,OI_pcb-defect_5dce1a8f1617,OI_pcb-defect_5dce1a8f1617,0.0
2,base,OI_pcb-defect_bce51c116712,control,,pcb-defect,0.9661349654197693,0.9661349654197693,0.9539790749549866,OI_pcb-defect_9c07e1dedf34,OI_pcb-defect_3a5ccf071233,OI_pcb-defect_3a5ccf071233,0.0
2,base,OI_pcb-defect_c2616dae2f53,control,,pcb-defect,0.9661349654197693,0.9661349654197693,0.9539790749549866,OI_pcb-defect_9c07e1dedf34,OI_pcb-defect_3a5ccf071233,OI_pcb-defect_3a5ccf071233,0.0
2,base,OI_pcb-defect_c464f487ec04,control,,pcb-defect,0.9511983394622803,0.9511983394622803,0.9450638890266418,OI_pcb-defect_0ab8220b2561,OI_pcb-defect_51a740d7e7ac,OI_pcb-defect_51a740d7e7ac,0.0
2,base,OI_pcb-defect_c9706a3521da,probe,similar pair,pcb-defect,0.9194818735122681,0.8974435329437256,0.9194818735122681,OI_pcb-defect_2fb2336b03c7,OI_pcb-defect_2fb2336b03c7,OI_pcb-defect_032d7e6577a6,0.02203834056854248
2,base,OI_pcb-defect_ce5b2d80283f,probe,crop sibling,pcb-defect,0.9999994039535522,0.9555825591087341,0.9999994039535522,OI_pcb-defect_a9934270897e,OI_pcb-defect_a9934270897e,OI_pcb-defect_2382115fe47e,0.044416844844818115
2,base,OI_pcb-defect_d8df6c8c6a35,control,,pcb-defect,0.9648503065109253,0.9648503065109253,0.9443150758743286,OI_pcb-defect_9c07e1dedf34,OI_pcb-defect_0892d5bd550b,OI_pcb-defect_0892d5bd550b,0.0
2,base,OI_pcb-defect_dad6db61d950,control,,pcb-defect,0.9562142491340637,0.9562142491340637,0.944527268409729,OI_pcb-defect_4af03c9a751e,OI_pcb-defect_0677c837a90b,OI_pcb-defect_0677c837a90b,0.0
2,base,OI_pcb-defect_db0d42f5eab9,control,,pcb-defect,0.9648503065109253,0.9648503065109253,0.9443150758743286,OI_pcb-defect_9c07e1dedf34,OI_pcb-defect_0892d5bd550b,OI_pcb-defect_0892d5bd550b,0.0
2,base,OI_pcb-defect_dca7df2e9f35,probe,crop sibling,pcb-defect,0.9999999403953552,0.951226532459259,0.9999999403953552,OI_pcb-defect_037a6c5a88c0,OI_pcb-defect_037a6c5a88c0,OI_pcb-defect_1cb90d5aee16,0.04877340793609619
2,base,OI_pcb-defect_e2dcd6c87f7f,control,,pcb-defect,0.9486092329025269,0.9486092329025269,0.9418211579322815,OI_pcb-defect_4af03c9a751e,OI_pcb-defect_5dce1a8f1617,OI_pcb-defect_5dce1a8f1617,0.0
2,base,OI_pcb-defect_f1ec3ab3364c,probe,crop sibling,pcb-defect,1.0000001192092896,0.9484330415725708,1.0000001192092896,OI_pcb-defect_0ab8220b2561,OI_pcb-defect_0ab8220b2561,OI_pcb-defect_574e6ac74c92,0.05156707763671875
2,base,OI_pcb-defect_f29b6eca06b3,control,,pcb-defect,0.9671211242675781,0.9671211242675781,0.9425503015518188,OI_pcb-defect_037a6c5a88c0,OI_pcb-defect_3a5ccf071233,OI_pcb-defect_3a5ccf071233,0.0
2,base,OI_pcb-defect_f43d04d586d2,probe,crop sibling,pcb-defect,1.0000001192092896,0.9571105241775513,1.0000001192092896,OI_pcb-defect_d2d57596e2dc,OI_pcb-defect_d2d57596e2dc,OI_pcb-defect_083fa900db93,0.04288959503173828
2,base,OI_pcb-ind_0239eff680af,control,,pcb-ind,0.7426437735557556,0.7542314529418945,0.5571645498275757,OI_pcb-ind_cc4f64f8eccb,OI_pcb-ind_af1b3cfd43a5,OI_dspcbsd-plus_ca27fc699e97,-0.011587679386138916
2,base,OI_pcb-ind_030fa859caec,control,,pcb-ind,0.7402071952819824,0.7402071952819824,0.6082146763801575,OI_pcb-ind_42f21ad21b6f,OI_pcb-ind_fc3551379da4,OI_pcb-ind_fc3551379da4,0.0
2,base,OI_pcb-ind_03ce88fee16c,probe,same metadata group,pcb-ind,0.8844447135925293,0.8844447135925293,0.7761087417602539,OI_pcb-ind_0dd1ed44971d,OI_pcb-ind_8494cb5bb91f,OI_pcb-ind_8494cb5bb91f,0.0
2,base,OI_pcb-ind_04ab00027ec0,control,,pcb-ind,0.7826956510543823,0.7826956510543823,0.6998342275619507,OI_pcb-ind_5bdfe9ff12c5,OI_pcb-ind_fb9a1b408d7c,OI_pcb-ind_fb9a1b408d7c,0.0
2,base,OI_pcb-ind_04cc176ff1e2,probe,same metadata group,pcb-ind,0.710134744644165,0.6891422271728516,0.710134744644165,OI_dspcbsd-plus_56b026c4c387,OI_dspcbsd-plus_56b026c4c387,OI_pcb-ind_d202ff7b7cdd,0.020992517471313477
2,base,OI_pcb-ind_0525d8e5efe8,control,,pcb-ind,0.6998555660247803,0.6998555660247803,0.5768896341323853,OI_pcb-ind_d54e0589034b,OI_pcb-ind_916da9fb34ff,OI_pcb-ind_916da9fb34ff,0.0
2,base,OI_pcb-ind_05ed6f219060,probe,same metadata group,pcb-ind,0.6740010976791382,0.6740010976791382,0.6094373464584351,OI_pcb-ind_fbee6f37dfb8,OI_pcb-ind_7ec1d8902534,OI_pcb-ind_7ec1d8902534,0.0
2,base,OI_pcb-ind_0b359478de65,probe,same metadata group,pcb-ind,0.7618359327316284,0.7618359327316284,0.5946967005729675,OI_pcb-ind_6fd0c4f92a0a,OI_dspcbsd-plus_9f8272043024,OI_dspcbsd-plus_9f8272043024,0.0
2,base,OI_pcb-ind_0ca4f5596fab,control,,pcb-ind,0.761725902557373,0.761725902557373,0.683422327041626,OI_pcb-ind_3cb0d2b02cbb,OI_pcb-ind_95950c3af1d7,OI_pcb-ind_95950c3af1d7,0.0
2,base,OI_pcb-ind_0cb6fa197182,control,,pcb-ind,0.8371298313140869,0.8371298313140869,0.6299206018447876,OI_dspcbsd-plus_f5187fcc140e,OI_pcb-ind_8c038dab505a,OI_pcb-ind_8c038dab505a,0.0
2,base,OI_pcb-ind_0e9cbd9d80b2,probe,same metadata group,pcb-ind,0.6179392337799072,0.6179392337799072,0.6106777191162109,OI_pcb-ind_fcdbfeff28fd,OI_pcb-ind_7cbd8048ab76,OI_pcb-ind_7cbd8048ab76,0.0
2,base,OI_pcb-ind_11e65a717723,control,,pcb-ind,0.676820695400238,0.676820695400238,0.5813395977020264,OI_pcb-ind_3e24383b77fa,OI_pcb-ind_18d769abdd4e,OI_pcb-ind_18d769abdd4e,0.0
2,base,OI_pcb-ind_13a5e4d019e9,probe,same metadata group,pcb-ind,0.723084032535553,0.723084032535553,0.562099039554596,OI_pcb-ind_5bdfe9ff12c5,OI_pcb-ind_89d1d0e86359,OI_pcb-ind_89d1d0e86359,0.0
2,base,OI_pcb-ind_16e3000576c6,probe,same metadata group,pcb-ind,0.818935215473175,0.8228238821029663,0.7831133604049683,OI_pcb-ind_c65a84606afd,OI_pcb-ind_723bef200736,OI_pcb-ind_6b671757e975,-0.0038886666297912598
2,base,OI_pcb-ind_1a28c0db8b69,probe,same metadata group,pcb-ind,0.796829342842102,0.796829342842102,0.7195894718170166,OI_pcb-ind_e4330a11ed4c,OI_pcb-ind_7ddca5617426,OI_pcb-ind_7ddca5617426,0.0
2,base,OI_pcb-ind_1a325d7297b3,control,,pcb-ind,0.6819653511047363,0.6819653511047363,0.5970321893692017,OI_pcb-ind_6fd0c4f92a0a,OI_pcb-ind_7dbfaa0ba644,OI_pcb-ind_7dbfaa0ba644,0.0
2,base,OI_pcb-ind_1a6d3769c939,probe,same metadata group,pcb-ind,0.5994271039962769,0.5994271039962769,0.5207802057266235,OI_pcb-ind_c4796e0791b1,OI_pcb-ind_8c2934916b7b,OI_pcb-ind_8c2934916b7b,0.0
2,base,OI_pcb-ind_1b44b1c7fb9f,control,,pcb-ind,0.7709479331970215,0.8000379800796509,0.6655473709106445,OI_pcb-ind_3ac125624c4c,OI_pcb-ind_fc8e9c4b0bfa,OI_pcb-ind_4b3f6a251406,-0.029090046882629395
2,base,OI_pcb-ind_1b5e82aa8eec,control,,pcb-ind,0.8100277185440063,0.8100277185440063,0.7511422038078308,OI_pcb-ind_c4eb1dadecd2,OI_pcb-ind_9008577bdefb,OI_pcb-ind_9008577bdefb,0.0
2,base,OI_pcb-ind_1c5c03420437,control,,pcb-ind,0.7429263591766357,0.7429263591766357,0.6599612236022949,OI_pcb-ind_35f28365bfc1,OI_pcb-ind_6ca0a6322129,OI_pcb-ind_6ca0a6322129,0.0
2,base,OI_pcb-ind_1cd5ce5b35f3,probe,same metadata group,pcb-ind,0.6637632846832275,0.6504325866699219,0.6637632846832275,OI_pcb-ind_da9bceaa9eba,OI_pcb-ind_da9bceaa9eba,OI_pcb-ind_4b659ef56cbc,0.013330698013305664
2,base,OI_pcb-ind_1d6b0588a249,probe,same metadata group,pcb-ind,0.7240626811981201,0.7240626811981201,0.6709760427474976,OI_pcb-ind_88be441f069e,OI_pcb-ind_b47d3aa9d946,OI_pcb-ind_b47d3aa9d946,0.0
2,base,OI_pcb-ind_1fd0140380d2,probe,same metadata group,pcb-ind,0.9076035022735596,0.8314324617385864,0.9076035022735596,OI_pcb-ind_180ac0af92cc,OI_pcb-ind_180ac0af92cc,OI_pcb-ind_097cc715b65e,0.07617104053497314
2,base,OI_pcb-ind_2186bcaa12ae,control,,pcb-ind,0.7976540923118591,0.7976540923118591,0.7502189874649048,OI_pcb-ind_309f6e96cd70,OI_pcb-ind_1095810fb687,OI_pcb-ind_1095810fb687,0.0
2,base,OI_pcb-ind_278fdccf0b22,probe,same metadata group,pcb-ind,0.6415925025939941,0.6415925025939941,0.6327565312385559,OI_pcb-ind_e4330a11ed4c,OI_dspcbsd-plus_f1d6900124c2,OI_dspcbsd-plus_f1d6900124c2,0.0
2,base,OI_pcb-ind_279d892c8dc2,probe,same metadata group,pcb-ind,0.7382968664169312,0.7382968664169312,0.5439133048057556,OI_pcb-ind_04f4776bd3d5,OI_pcb-ind_607d9400fe6b,OI_pcb-ind_607d9400fe6b,0.0
2,base,OI_pcb-ind_286017383ff2,probe,same metadata group,pcb-ind,0.8501814603805542,0.8501814603805542,0.7873293161392212,OI_dspcbsd-plus_390f3bc9b929,OI_pcb-ind_0b6b6e9d914d,OI_pcb-ind_0b6b6e9d914d,0.0
2,base,OI_pcb-ind_294a8aa68b56,probe,same metadata group,pcb-ind,0.790391206741333,0.7661004066467285,0.790391206741333,OI_pcb-ind_6e292a252163,OI_pcb-ind_6e292a252163,OI_dspcbsd-plus_220877ef13a2,0.024290800094604492
2,base,OI_pcb-ind_2b737a4631b7,control,,pcb-ind,0.6319845914840698,0.6319845914840698,0.5377910137176514,OI_dspcbsd-plus_ffff273bd969,OI_pcb-ind_6aad633cf599,OI_pcb-ind_6aad633cf599,0.0
2,base,OI_pcb-ind_2c99981b4d3b,control,,pcb-ind,0.7890058755874634,0.7205455303192139,0.7890058755874634,OI_pcb-ind_5dd074bf54f5,OI_pcb-ind_5dd074bf54f5,OI_pcb-ind_f907eaf2a3d2,0.06846034526824951
2,base,OI_pcb-ind_32c792b63c5e,probe,same metadata group,pcb-ind,0.7010563611984253,0.7010563611984253,0.6235404014587402,OI_pcb-ind_705426a02e25,OI_pcb-ind_c90ab6627b2c,OI_pcb-ind_c90ab6627b2c,0.0
2,base,OI_pcb-ind_33ca59c95fe5,probe,similar pair,pcb-ind,0.9558205008506775,0.7573219537734985,0.9558205008506775,OI_pcb-ind_56e12bd681a5,OI_pcb-ind_56e12bd681a5,OI_pcb-ind_855c0c9097c0,0.19849854707717896
2,base,OI_pcb-ind_33e9b4a69427,probe,same metadata group,pcb-ind,0.8127532005310059,0.8127532005310059,0.6678263545036316,OI_pcb-ind_3e24383b77fa,OI_pcb-ind_8c6407a0416f,OI_pcb-ind_8c6407a0416f,0.0
2,base,OI_pcb-ind_3557564810e4,control,,pcb-ind,0.7917256355285645,0.7917256355285645,0.7346711158752441,OI_pcb-ind_c4eb1dadecd2,OI_pcb-ind_d650c7a0e4bb,OI_pcb-ind_d650c7a0e4bb,0.0
2,base,OI_pcb-ind_35e021f58fb2,probe,same metadata group,pcb-ind,0.7444701194763184,0.6229649782180786,0.7444701194763184,OI_pcb-ind_ebaed4f8b877,OI_pcb-ind_ebaed4f8b877,OI_pcb-ind_30317c4a163e,0.12150514125823975
2,base,OI_pcb-ind_3b3ce4488f69,probe,same metadata group,pcb-ind,0.6091749668121338,0.6091749668121338,0.5044128894805908,OI_pcb-ind_e4330a11ed4c,OI_pcb-ind_735f8897e6be,OI_pcb-ind_735f8897e6be,0.0
2,base,OI_pcb-ind_3b65d32b3559,control,,pcb-ind,0.6927001476287842,0.6927001476287842,0.5809744596481323,OI_pcb-ind_8b66099fc90c,OI_pcb-ind_27c5fca367df,OI_pcb-ind_27c5fca367df,0.0
2,base,OI_pcb-ind_3d7f807b61c8,control,,pcb-ind,0.6722113490104675,0.6722113490104675,0.5797617435455322,OI_pcb-ind_702ab8a47cd6,OI_pcb-ind_ba6e12438f14,OI_pcb-ind_ba6e12438f14,0.0
2,base,OI_pcb-ind_435bb9194525,control,,pcb-ind,0.7995822429656982,0.7995822429656982,0.7177426218986511,OI_pcb-ind_740d3c9b17e5,OI_pcb-ind_abd68586d4b8,OI_pcb-ind_abd68586d4b8,0.0
2,base,OI_pcb-ind_461911f4bcb6,control,,pcb-ind,0.9081739187240601,0.9081739187240601,0.8803198337554932,OI_dspcbsd-plus_41006b5135f0,OI_pcb-ind_723bef200736,OI_pcb-ind_723bef200736,0.0
2,base,OI_pcb-ind_4642d51814eb,control,,pcb-ind,0.7764087319374084,0.7764087319374084,0.6632218360900879,OI_pcb-ind_88be441f069e,OI_pcb-ind_b30aeb9a961b,OI_pcb-ind_b30aeb9a961b,0.0
2,base,OI_pcb-ind_46725824a2ec,control,,pcb-ind,0.8671960830688477,0.8820046186447144,0.8298484086990356,OI_pcb-ind_d43f68d73a87,OI_pcb-ind_ec505e63e835,OI_pcb-ind_f0016d64f8ed,-0.0148085355758667
2,base,OI_pcb-ind_4700946fe7cf,control,,pcb-ind,0.7399190068244934,0.7399190068244934,0.6778532862663269,OI_pcb-ind_56e12bd681a5,OI_pcb-ind_cf3e15512266,OI_pcb-ind_cf3e15512266,0.0
2,base,OI_pcb-ind_486c8720aabb,probe,same metadata group,pcb-ind,0.7873669862747192,0.7962563633918762,0.7126950025558472,OI_pcb-ind_702ab8a47cd6,OI_pcb-ind_7d9ac5c49a39,OI_pcb-ind_b56056a11ed7,-0.008889377117156982
2,base,OI_pcb-ind_49a4ede64130,probe,same metadata group,pcb-ind,0.7492506504058838,0.6305676102638245,0.7492506504058838,OI_pcb-ind_f77669524ab7,OI_pcb-ind_f77669524ab7,OI_pcb-ind_165a30d0d9e8,0.11868304014205933
2,base,OI_pcb-ind_4a91679f28f4,probe,same metadata group,pcb-ind,0.6540422439575195,0.6540422439575195,0.6089662313461304,OI_dspcbsd-plus_0e42c0dc35e0,OI_dspcbsd-plus_3dbc574fafb3,OI_dspcbsd-plus_3dbc574fafb3,0.0
2,base,OI_pcb-ind_4acb381ab85b,probe,same metadata group,pcb-ind,0.8420943021774292,0.754233717918396,0.8420943021774292,OI_pcb-ind_5bdfe9ff12c5,OI_pcb-ind_5bdfe9ff12c5,OI_pcb-ind_becb13de7fec,0.0878605842590332
2,base,OI_pcb-ind_4bd005f36ce0,control,,pcb-ind,0.7322853803634644,0.7322853803634644,0.6982191801071167,OI_pcb-ind_c8c7d2b5dfa3,OI_dspcbsd-plus_444b515ab6c4,OI_dspcbsd-plus_444b515ab6c4,0.0
2,base,OI_pcb-ind_4ca52b26ffb4,probe,same metadata group,pcb-ind,0.7912993431091309,0.7260268926620483,0.7912993431091309,OI_pcb-ind_03e66510bb42,OI_pcb-ind_03e66510bb42,OI_pcb-ind_418abd234196,0.06527245044708252
2,base,OI_pcb-ind_509751acf907,probe,same metadata group,pcb-ind,0.7952491044998169,0.6800310611724854,0.7952491044998169,OI_pcb-ind_ec2da72a0010,OI_pcb-ind_ec2da72a0010,OI_pcb-ind_12268f08d6c1,0.11521804332733154
2,base,OI_pcb-ind_52747b611f4a,control,,pcb-ind,0.6753418445587158,0.6753418445587158,0.5645508766174316,OI_pcb-ind_281edbfdd872,OI_pcb-ind_8183fa0052f1,OI_pcb-ind_8183fa0052f1,0.0
2,base,OI_pcb-ind_52a00b031c74,probe,same metadata group,pcb-ind,0.7921897172927856,0.733435332775116,0.7921897172927856,OI_pcb-ind_87f9b963eaaf,OI_pcb-ind_87f9b963eaaf,OI_pcb-ind_6f995ebd104b,0.05875438451766968
2,base,OI_pcb-ind_53a6576f3149,probe,same metadata group,pcb-ind,0.7954393625259399,0.7954393625259399,0.666978120803833,OI_pcb-ind_5bdfe9ff12c5,OI_pcb-ind_77cb5dd78c4c,OI_pcb-ind_77cb5dd78c4c,0.0
2,base,OI_pcb-ind_54083f4ba653,control,,pcb-ind,0.6919490098953247,0.6919490098953247,0.6444056034088135,OI_pcb-ind_e7afe7089634,OI_pcb-ind_8c2934916b7b,OI_pcb-ind_8c2934916b7b,0.0
2,base,OI_pcb-ind_5799f9e435bd,probe,same metadata group,pcb-ind,0.8075991868972778,0.8075991868972778,0.7317763566970825,OI_pcb-ind_740d3c9b17e5,OI_pcb-ind_c7f192d3f710,OI_pcb-ind_c7f192d3f710,0.0
2,base,OI_pcb-ind_57f2d975c1a0,probe,same metadata group,pcb-ind,0.781934380531311,0.7371900081634521,0.781934380531311,OI_pcb-ind_8343a6bae023,OI_pcb-ind_8343a6bae023,OI_dspcbsd-plus_c76970d351c3,0.04474437236785889
2,base,OI_pcb-ind_5b9259203dc2,control,,pcb-ind,0.8019953966140747,0.8019953966140747,0.7082535028457642,OI_pcb-ind_5bdfe9ff12c5,OI_pcb-ind_3e14599e93fc,OI_pcb-ind_3e14599e93fc,0.0
2,base,OI_pcb-ind_5bcc7618d15f,probe,similar pair,pcb-ind,0.9162434339523315,0.6880080699920654,0.9162434339523315,OI_pcb-ind_705426a02e25,OI_pcb-ind_705426a02e25,OI_pcb-ind_3ec85e0413ba,0.2282353639602661
2,base,OI_pcb-ind_5f40e6261c99,control,,pcb-ind,0.7289966344833374,0.7289966344833374,0.6641536951065063,OI_pcb-ind_4a1a51fd610e,OI_pcb-ind_b7f185b4d4d5,OI_pcb-ind_b7f185b4d4d5,0.0
2,base,OI_pcb-ind_5f9727430013,control,,pcb-ind,0.6843374967575073,0.6843374967575073,0.6307090520858765,OI_pcb-ind_af90edf00441,OI_pcb-ind_31ddb1c94b63,OI_pcb-ind_31ddb1c94b63,0.0
2,base,OI_pcb-ind_61e6317dc7ec,control,,pcb-ind,0.8697001934051514,0.8697001934051514,0.836679220199585,OI_pcb-ind_fb37baaa751b,OI_pcb-ind_9664f591db46,OI_pcb-ind_9664f591db46,0.0
2,base,OI_pcb-ind_62d220ef97bd,control,,pcb-ind,0.5997883677482605,0.5997883677482605,0.5690589547157288,OI_pcb-ind_42f21ad21b6f,OI_pcb-ind_735f8897e6be,OI_pcb-ind_735f8897e6be,0.0
2,base,OI_pcb-ind_634ece23c05d,control,,pcb-ind,0.7371206283569336,0.7371206283569336,0.6174561977386475,OI_pcb-ind_27a26b2ad9e1,OI_pcb-ind_75f5b1e655de,OI_pcb-ind_75f5b1e655de,0.0
2,base,OI_pcb-ind_64a9e6aaa87f,control,,pcb-ind,0.7274226546287537,0.7281455993652344,0.7229628562927246,OI_pcb-ind_03e66510bb42,OI_pcb-ind_9267c99ebeab,OI_pcb-ind_710a742bb5dd,-0.0007229447364807129
2,base,OI_pcb-ind_650f2401eac8,control,,pcb-ind,0.8544607162475586,0.8544607162475586,0.6915919780731201,OI_pcb-ind_88be441f069e,OI_pcb-ind_12268f08d6c1,OI_pcb-ind_12268f08d6c1,0.0
2,base,OI_pcb-ind_65c5569fe959,control,,pcb-ind,0.6618174314498901,0.6383904218673706,0.6618174314498901,OI_pcb-ind_fcdbfeff28fd,OI_pcb-ind_fcdbfeff28fd,OI_pcb-ind_ef5774f0b20a,0.02342700958251953
2,base,OI_pcb-ind_68480fe41015,control,,pcb-ind,0.7772372961044312,0.7772372961044312,0.7122905850410461,OI_pcb-ind_af90edf00441,OI_pcb-ind_e876dc09bc22,OI_pcb-ind_e876dc09bc22,0.0
2,base,OI_pcb-ind_6879ed992024,control,,pcb-ind,0.819684624671936,0.819684624671936,0.7955155968666077,OI_pcb-ind_7d049ecb36bd,OI_pcb-ind_494effc07c22,OI_pcb-ind_494effc07c22,0.0
2,base,OI_pcb-ind_6d5950a23446,control,,pcb-ind,0.49530643224716187,0.46521276235580444,0.49530643224716187,OI_pcb-ind_cca2f8efab2d,OI_pcb-ind_cca2f8efab2d,OI_pcb-ind_7a8a76393869,0.030093669891357422
2,base,OI_pcb-ind_6dc9231465a6,control,,pcb-ind,0.7026442289352417,0.7026442289352417,0.641499400138855,OI_pcb-ind_00223f066570,OI_pcb-ind_acb843b8fa30,OI_pcb-ind_acb843b8fa30,0.0
2,base,OI_pcb-ind_6fc8fa6842e8,probe,same metadata group,pcb-ind,0.8868256211280823,0.8868256211280823,0.8442991971969604,OI_pcb-ind_96807debdcd4,OI_pcb-ind_892d4aa20b2f,OI_pcb-ind_892d4aa20b2f,0.0
2,base,OI_pcb-ind_71eebdf540d6,probe,same metadata group,pcb-ind,0.8004260063171387,0.8004260063171387,0.7076195478439331,OI_pcb-ind_84bdb014a069,OI_pcb-ind_49eeb3643797,OI_pcb-ind_49eeb3643797,0.0
2,base,OI_pcb-ind_74e41cb07d11,control,,pcb-ind,0.5152409672737122,0.5297776460647583,0.5152409672737122,OI_pcb-ind_e6ba7f09c2ca,OI_pcb-ind_e6ba7f09c2ca,OI_pcb-ind_715283d188f6,-0.014536678791046143
2,base,OI_pcb-ind_764c9ec14276,probe,similar pair,pcb-ind,0.9123001098632812,0.7874044179916382,0.9123001098632812,OI_pcb-ind_652e009ca0c2,OI_pcb-ind_652e009ca0c2,OI_pcb-ind_697b8d7880a3,0.12489569187164307
2,base,OI_pcb-ind_7cb05a343791,probe,same metadata group,pcb-ind,0.9215563535690308,0.9215563535690308,0.8608769178390503,OI_dspcbsd-plus_41006b5135f0,OI_pcb-ind_723bef200736,OI_pcb-ind_723bef200736,0.0
2,base,OI_pcb-ind_7ceb6d0cd76c,control,,pcb-ind,0.8571574687957764,0.8571574687957764,0.8214638233184814,OI_pcb-ind_7dd6f1342758,OI_pcb-ind_1c6ff0d04057,OI_pcb-ind_1c6ff0d04057,0.0
2,base,OI_pcb-ind_7d0f0b6914c3,control,,pcb-ind,0.7828378081321716,0.7828378081321716,0.67979896068573,OI_pcb-ind_702ab8a47cd6,OI_pcb-ind_ba6e12438f14,OI_pcb-ind_ba6e12438f14,0.0
2,base,OI_pcb-ind_8240f13cfc08,control,,pcb-ind,0.9244723916053772,0.9244723916053772,0.876222550868988,OI_pcb-ind_aa75ac5ad383,OI_pcb-ind_0a2e8fd5ba7f,OI_pcb-ind_0a2e8fd5ba7f,0.0
2,base,OI_pcb-ind_870d70c239d2,control,,pcb-ind,0.8959881067276001,0.8959881067276001,0.7948460578918457,OI_pcb-ind_6ada68a07442,OI_pcb-ind_2f5902acfcf4,OI_pcb-ind_2f5902acfcf4,0.0
2,base,OI_pcb-ind_8b248752bc4a,probe,similar pair,pcb-ind,0.94207763671875,0.8407114148139954,0.94207763671875,OI_pcb-ind_a80de76c1450,OI_pcb-ind_a80de76c1450,OI_pcb-ind_055261ccf214,0.10136622190475464
2,base,OI_pcb-ind_8cc93f5f0217,probe,same metadata group,pcb-ind,0.7943329811096191,0.6340162754058838,0.7943329811096191,OI_pcb-ind_1318263c9179,OI_pcb-ind_1318263c9179,OI_pcb-ind_59fe9adf5e05,0.16031670570373535
2,base,OI_pcb-ind_8d1810e30619,control,,pcb-ind,0.7412768602371216,0.7564988136291504,0.5852840542793274,OI_pcb-ind_c6e5529f9367,OI_pcb-ind_ec638619b52f,OI_dspcbsd-plus_97884281589f,-0.015221953392028809
2,base,OI_pcb-ind_8ee4d3a97cfd,control,,pcb-ind,0.7722015380859375,0.723588228225708,0.7722015380859375,OI_dspcbsd-plus_f5187fcc140e,OI_dspcbsd-plus_f5187fcc140e,OI_pcb-ind_0d38e8a2a48e,0.04861330986022949
2,base,OI_pcb-ind_8f7e1dae5fb1,probe,same metadata group,pcb-ind,0.6950515508651733,0.6421023011207581,0.6950515508651733,OI_pcb-ind_1318263c9179,OI_pcb-ind_1318263c9179,OI_pcb-ind_59fe9adf5e05,0.05294924974441528
2,base,OI_pcb-ind_91c8a68ef033,probe,same metadata group,pcb-ind,0.7683457136154175,0.7683457136154175,0.7003558874130249,OI_pcb-ind_96807debdcd4,OI_pcb-ind_fcd61cbac4fc,OI_pcb-ind_fcd61cbac4fc,0.0
2,base,OI_pcb-ind_93f438874601,control,,pcb-ind,0.9223968982696533,0.9246022701263428,0.807166337966919,OI_pcb-ind_b8ebaf954dd1,OI_pcb-ind_4d9714b8ea4c,OI_pcb-ind_23597df0f32b,-0.002205371856689453
2,base,OI_pcb-ind_9476789759a9,control,,pcb-ind,0.7281926870346069,0.7281926870346069,0.6382149457931519,OI_pcb-ind_3e24383b77fa,OI_pcb-ind_0fc08656dfa6,OI_pcb-ind_0fc08656dfa6,0.0
2,base,OI_pcb-ind_956255c493f4,probe,same metadata group,pcb-ind,0.7386294603347778,0.7528688907623291,0.6291090250015259,OI_pcb-ind_19bd4d2bb5df,OI_pcb-ind_5c070b4c9b1e,OI_pcb-ind_b51afceccf45,-0.01423943042755127
2,base,OI_pcb-ind_95daa61352f1,probe,same metadata group,pcb-ind,0.6417511701583862,0.6953543424606323,0.6299154758453369,OI_pcb-ind_e0432c4a1dcb,OI_pcb-ind_f2fb0ecf82f2,OI_pcb-ind_874b2f410871,-0.053603172302246094
2,base,OI_pcb-ind_97095db6e72b,probe,same metadata group,pcb-ind,0.7591568827629089,0.7620857357978821,0.753018856048584,OI_pcb-ind_35f28365bfc1,OI_pcb-ind_d007ff59ec93,OI_pcb-ind_d6e2329fcede,-0.0029288530349731445
2,base,OI_pcb-ind_9753d3cbc5e0,control,,pcb-ind,0.6925215721130371,0.6925215721130371,0.5767725110054016,OI_pcb-ind_56e12bd681a5,OI_pcb-ind_1edb7b116435,OI_pcb-ind_1edb7b116435,0.0
2,base,OI_pcb-ind_989e9110bf39,control,,pcb-ind,0.7983824014663696,0.7983824014663696,0.6891148090362549,OI_pcb-ind_b8ebaf954dd1,OI_pcb-ind_f96984b2623f,OI_pcb-ind_f96984b2623f,0.0
2,base,OI_pcb-ind_98e07a1235a0,control,,pcb-ind,0.6172952651977539,0.6217333078384399,0.6099048852920532,OI_pcb-ind_42f21ad21b6f,OI_pcb-ind_4c5300c4ad0c,OI_pcb-ind_c2a342c551ff,-0.004438042640686035
2,base,OI_pcb-ind_99e4310589a9,control,,pcb-ind,0.4919164478778839,0.4919164478778839,0.4451269209384918,OI_pcb-ind_a0ca7970c972,OI_pcb-ind_7a8a76393869,OI_pcb-ind_7a8a76393869,0.0
2,base,OI_pcb-ind_9b2c4774f2f9,control,,pcb-ind,0.8009365797042847,0.8009365797042847,0.6641324758529663,OI_dspcbsd-plus_f5187fcc140e,OI_pcb-ind_ca153bfd6893,OI_pcb-ind_ca153bfd6893,0.0
2,base,OI_pcb-ind_9b709aad9221,control,,pcb-ind,0.7255821228027344,0.7255821228027344,0.5972669124603271,OI_pcb-ind_8b66099fc90c,OI_pcb-ind_225658727d17,OI_pcb-ind_225658727d17,0.0
2,base,OI_pcb-ind_9bb79d064454,probe,same metadata group,pcb-ind,0.6641504764556885,0.6641504764556885,0.6305382251739502,OI_pcb-ind_84bdb014a069,OI_pcb-ind_70e861955538,OI_pcb-ind_70e861955538,0.0
2,base,OI_pcb-ind_9db537cc59c1,probe,same metadata group,pcb-ind,0.7088125944137573,0.7017879486083984,0.7088125944137573,OI_pcb-ind_42f21ad21b6f,OI_pcb-ind_42f21ad21b6f,OI_pcb-ind_651d28179213,0.007024645805358887
2,base,OI_pcb-ind_9f33ba9afa9a,control,,pcb-ind,0.7425110340118408,0.7425110340118408,0.6354192495346069,OI_pcb-ind_283123324bfa,OI_dspcbsd-plus_a1f0c9c3b3fd,OI_dspcbsd-plus_a1f0c9c3b3fd,0.0
2,base,OI_pcb-ind_a035bbe03d84,control,,pcb-ind,0.8229639530181885,0.8229639530181885,0.7401807904243469,OI_pcb-ind_05bc935769e6,OI_pcb-ind_957dcfa9faa2,OI_pcb-ind_957dcfa9faa2,0.0
2,base,OI_pcb-ind_a176913092f1,probe,same metadata group,pcb-ind,0.6380685567855835,0.6752128601074219,0.615007758140564,OI_pcb-ind_87f9b963eaaf,OI_pcb-ind_a567ba069359,OI_pcb-ind_6f995ebd104b,-0.03714430332183838
2,base,OI_pcb-ind_a2df770a3fae,probe,same metadata group,pcb-ind,0.9605602025985718,0.9605602025985718,0.8879234790802002,OI_dspcbsd-plus_41006b5135f0,OI_pcb-ind_245a694b6ceb,OI_pcb-ind_245a694b6ceb,0.0
2,base,OI_pcb-ind_a376e6ad8dc8,control,,pcb-ind,0.8645973205566406,0.8645973205566406,0.7726889848709106,OI_dspcbsd-plus_2a66eea6036d,OI_pcb-ind_cceeed5be9cd,OI_pcb-ind_cceeed5be9cd,0.0
2,base,OI_pcb-ind_a3d5e2972530,control,,pcb-ind,0.6090686917304993,0.6090686917304993,0.4633139967918396,OI_pcb-ind_05bc935769e6,OI_pcb-ind_51544d8432b7,OI_pcb-ind_51544d8432b7,0.0
2,base,OI_pcb-ind_a4c170a79973,control,,pcb-ind,0.7084091305732727,0.7084091305732727,0.6068814992904663,OI_pcb-ind_d373b07861ce,OI_pcb-ind_7180e4605d4c,OI_pcb-ind_7180e4605d4c,0.0
2,base,OI_pcb-ind_aa22c231815e,probe,same metadata group,pcb-ind,0.7258672714233398,0.7258672714233398,0.7023829221725464,OI_pcb-ind_fcdbfeff28fd,OI_pcb-ind_f33a746a77f4,OI_pcb-ind_f33a746a77f4,0.0
2,base,OI_pcb-ind_aae86100e4dd,probe,same metadata group,pcb-ind,0.8395090103149414,0.8395090103149414,0.7556178569793701,OI_pcb-ind_4a1a51fd610e,OI_pcb-ind_fe44a7433552,OI_pcb-ind_fe44a7433552,0.0
2,base,OI_pcb-ind_ab66152edc23,probe,same metadata group,pcb-ind,0.8924261927604675,0.8924261927604675,0.8544645309448242,OI_pcb-ind_05bc935769e6,OI_pcb-ind_956cd6d99a18,OI_pcb-ind_956cd6d99a18,0.0
2,base,OI_pcb-ind_ab797f223f53,control,,pcb-ind,0.8341163396835327,0.8341163396835327,0.7458437085151672,OI_pcb-ind_3a6fedd4d63a,OI_pcb-ind_219eaabe6cbb,OI_pcb-ind_219eaabe6cbb,0.0
2,base,OI_pcb-ind_aba103edd57d,probe,same metadata group,pcb-ind,0.6563279628753662,0.673843264579773,0.6372296214103699,OI_pcb-ind_c8c7d2b5dfa3,OI_pcb-ind_03f3d1c7f03d,OI_pcb-ind_124a18437f89,-0.01751530170440674
2,base,OI_pcb-ind_ac354f2b9d91,probe,same metadata group,pcb-ind,0.5900552272796631,0.5900552272796631,0.5360965728759766,OI_pcb-ind_990f5d21ef79,OI_dspcbsd-plus_0c999480c2c7,OI_dspcbsd-plus_0c999480c2c7,0.0
2,base,OI_pcb-ind_af075b454214,control,,pcb-ind,0.9195823669433594,0.9195823669433594,0.885048508644104,OI_pcb-ind_fb37baaa751b,OI_pcb-ind_9664f591db46,OI_pcb-ind_9664f591db46,0.0
2,base,OI_pcb-ind_af40fd881070,probe,same metadata group,pcb-ind,0.8845895528793335,0.8915048241615295,0.7995341420173645,OI_pcb-ind_aa75ac5ad383,OI_pcb-ind_84b4726a1b2b,OI_pcb-ind_6b671757e975,-0.006915271282196045
2,base,OI_pcb-ind_b2e625dc6e05,probe,same metadata group,pcb-ind,0.9077435731887817,0.9077435731887817,0.7502416372299194,OI_pcb-ind_0dd1ed44971d,OI_pcb-ind_5e0ba25b71cc,OI_pcb-ind_5e0ba25b71cc,0.0
2,base,OI_pcb-ind_b342a8d57dcc,control,,pcb-ind,0.7844038009643555,0.7844038009643555,0.691826581954956,OI_dspcbsd-plus_bbef178a1791,OI_pcb-ind_00a45f7ac01c,OI_pcb-ind_00a45f7ac01c,0.0
2,base,OI_pcb-ind_b35540790db9,control,,pcb-ind,0.8112173676490784,0.757045567035675,0.8112173676490784,OI_pcb-ind_c6e5529f9367,OI_pcb-ind_c6e5529f9367,OI_pcb-ind_5260a8e6449b,0.05417180061340332
2,base,OI_pcb-ind_b44f87976ae2,probe,same metadata group,pcb-ind,0.9354535341262817,0.9354535341262817,0.8945537805557251,OI_dspcbsd-plus_86d6904064a2,OI_pcb-ind_9d031265be4e,OI_pcb-ind_9d031265be4e,0.0
2,base,OI_pcb-ind_b569a229ae44,control,,pcb-ind,0.8513522148132324,0.8513522148132324,0.7015824317932129,OI_pcb-ind_5bdfe9ff12c5,OI_pcb-ind_20039bf64f61,OI_pcb-ind_20039bf64f61,0.0
2,base,OI_pcb-ind_b5cec1e181e7,probe,same metadata group,pcb-ind,0.7683302760124207,0.6723464727401733,0.7683302760124207,OI_pcb-ind_1318263c9179,OI_pcb-ind_1318263c9179,OI_pcb-ind_874b2f410871,0.09598380327224731
2,base,OI_pcb-ind_b6144673f1ce,probe,same metadata group,pcb-ind,0.5766041278839111,0.5766041278839111,0.5725671648979187,OI_pcb-ind_61c51e8ade61,OI_pcb-ind_029d8ee94b4c,OI_pcb-ind_029d8ee94b4c,0.0
2,base,OI_pcb-ind_b6e9d493bcba,control,,pcb-ind,0.8677634596824646,0.8677634596824646,0.8497106432914734,OI_pcb-ind_b8ebaf954dd1,OI_pcb-ind_5add620a7f33,OI_pcb-ind_5add620a7f33,0.0
2,base,OI_pcb-ind_b798fbae4952,control,,pcb-ind,0.8258486986160278,0.6792475581169128,0.8258486986160278,OI_pcb-ind_cc4f64f8eccb,OI_pcb-ind_cc4f64f8eccb,OI_dspcbsd-plus_7a99de55708e,0.146601140499115
2,base,OI_pcb-ind_b91f6c02e372,probe,same metadata group,pcb-ind,0.7144888043403625,0.7144888043403625,0.4857470989227295,OI_dspcbsd-plus_473562ea17a3,OI_dspcbsd-plus_5aeef8510a0c,OI_dspcbsd-plus_5aeef8510a0c,0.0
2,base,OI_pcb-ind_ba4b33ecbe4b,probe,same metadata group,pcb-ind,0.8765246868133545,0.8275030255317688,0.8765246868133545,OI_pcb-ind_6efd64b005c5,OI_pcb-ind_6efd64b005c5,OI_pcb-ind_c1c4a18b6e5d,0.04902166128158569
2,base,OI_pcb-ind_bb6d5320537d,control,,pcb-ind,0.7680739164352417,0.7680739164352417,0.7146306037902832,OI_pcb-ind_e7afe7089634,OI_pcb-ind_c6364e564e16,OI_pcb-ind_c6364e564e16,0.0
2,base,OI_pcb-ind_bf26179098ea,probe,same metadata group,pcb-ind,0.7983682751655579,0.7983682751655579,0.7210720777511597,OI_pcb-ind_e599561acfbf,OI_pcb-ind_b9df97ba6713,OI_pcb-ind_b9df97ba6713,0.0
2,base,OI_pcb-ind_c029ea2d3c69,control,,pcb-ind,0.8550148010253906,0.8755590915679932,0.8195432424545288,OI_pcb-ind_7dd6f1342758,OI_dspcbsd-plus_4dd4e81d080b,OI_pcb-ind_7d96de04089f,-0.02054429054260254
2,base,OI_pcb-ind_c1ff182d564b,control,,pcb-ind,0.8643943071365356,0.8643943071365356,0.6514590978622437,OI_dspcbsd-plus_f5187fcc140e,OI_pcb-ind_76eeb07fa8fc,OI_pcb-ind_76eeb07fa8fc,0.0
2,base,OI_pcb-ind_c2167fd837ad,probe,same metadata group,pcb-ind,0.5669234991073608,0.5669234991073608,0.5419622659683228,OI_pcb-ind_fcdbfeff28fd,OI_pcb-ind_fb3cfcd0eff2,OI_pcb-ind_fb3cfcd0eff2,0.0
2,base,OI_pcb-ind_c2721e1bfd54,control,,pcb-ind,0.8887789249420166,0.8887789249420166,0.6554217338562012,OI_pcb-ind_e4330a11ed4c,OI_pcb-ind_3d1b448f8296,OI_pcb-ind_3d1b448f8296,0.0
2,base,OI_pcb-ind_c313c688071e,probe,same metadata group,pcb-ind,0.7505970001220703,0.7929356098175049,0.5614729523658752,OI_pcb-ind_56e12bd681a5,OI_pcb-ind_52c5abad5655,OI_pcb-ind_362bfef0b3a2,-0.04233860969543457
2,base,OI_pcb-ind_c3780365f1b4,probe,same metadata group,pcb-ind,0.8701505661010742,0.8701505661010742,0.7762278318405151,OI_pcb-ind_e599561acfbf,OI_pcb-ind_0b6b6e9d914d,OI_pcb-ind_0b6b6e9d914d,0.0
2,base,OI_pcb-ind_c5e45a7e1d8f,probe,same metadata group,pcb-ind,0.8808809518814087,0.8808809518814087,0.7751171588897705,OI_pcb-ind_c4eb1dadecd2,OI_pcb-ind_226d4015e6df,OI_pcb-ind_226d4015e6df,0.0
2,base,OI_pcb-ind_ca02b8fbbb1a,control,,pcb-ind,0.7163072228431702,0.7163072228431702,0.6104221343994141,OI_pcb-ind_04f4776bd3d5,OI_pcb-ind_d91db468bf3e,OI_pcb-ind_d91db468bf3e,0.0
2,base,OI_pcb-ind_ca429ed0bfe5,probe,same metadata group,pcb-ind,0.8297606706619263,0.8297606706619263,0.6661281585693359,OI_pcb-ind_d9f28766fa46,OI_pcb-ind_7a16ea5d6c76,OI_pcb-ind_7a16ea5d6c76,0.0
2,base,OI_pcb-ind_d35d10e1e94a,probe,same metadata group,pcb-ind,0.9222719669342041,0.9222719669342041,0.8067458271980286,OI_dspcbsd-plus_390f3bc9b929,OI_pcb-ind_2868461463bf,OI_pcb-ind_2868461463bf,0.0
2,base,OI_pcb-ind_d435abd786f9,probe,same metadata group,pcb-ind,0.8705238103866577,0.8705238103866577,0.786439061164856,OI_pcb-ind_00223f066570,OI_pcb-ind_f871d173bcee,OI_pcb-ind_f871d173bcee,0.0
2,base,OI_pcb-ind_d582644e2e57,control,,pcb-ind,0.7555462121963501,0.7555462121963501,0.6628069281578064,OI_pcb-ind_e4330a11ed4c,OI_pcb-ind_fb9a1b408d7c,OI_pcb-ind_fb9a1b408d7c,0.0
2,base,OI_pcb-ind_d62b6a55826f,control,,pcb-ind,0.8346256017684937,0.8346256017684937,0.7255362272262573,OI_pcb-ind_3ac125624c4c,OI_pcb-ind_4ebe05e508f0,OI_pcb-ind_4ebe05e508f0,0.0
2,base,OI_pcb-ind_d7371c34b1aa,probe,same metadata group,pcb-ind,0.9314902424812317,0.9314902424812317,0.8768038153648376,OI_dspcbsd-plus_86d6904064a2,OI_pcb-ind_3e242fb729b7,OI_pcb-ind_3e242fb729b7,0.0
2,base,OI_pcb-ind_d87096ff844d,probe,similar pair,pcb-ind,0.806982696056366,0.7568089962005615,0.806982696056366,OI_pcb-ind_8343a6bae023,OI_pcb-ind_8343a6bae023,OI_pcb-ind_2c7af35093c2,0.05017369985580444
2,base,OI_pcb-ind_d897e78ee311,probe,same metadata group,pcb-ind,0.8581506013870239,0.8581506013870239,0.8579202890396118,OI_pcb-ind_702ab8a47cd6,OI_pcb-ind_7d9ac5c49a39,OI_pcb-ind_7d9ac5c49a39,0.0
2,base,OI_pcb-ind_d950ea498214,probe,same metadata group,pcb-ind,0.6502466797828674,0.6502466797828674,0.5395774841308594,OI_pcb-ind_42f21ad21b6f,OI_pcb-ind_45a80b5a51be,OI_pcb-ind_45a80b5a51be,0.0
2,base,OI_pcb-ind_da9531cc3c33,probe,same metadata group,pcb-ind,0.7383216619491577,0.7383216619491577,0.6044905185699463,OI_dspcbsd-plus_ed3013de37bc,OI_pcb-ind_e4abdaf4eb46,OI_pcb-ind_e4abdaf4eb46,0.0
2,base,OI_pcb-ind_dc93d690c6d9,control,,pcb-ind,0.6518950462341309,0.6518950462341309,0.6042582392692566,OI_pcb-ind_f77669524ab7,OI_pcb-ind_5a5ef249ca55,OI_pcb-ind_5a5ef249ca55,0.0
2,base,OI_pcb-ind_e03ed9080d9a,control,,pcb-ind,0.6662795543670654,0.6662795543670654,0.5355542898178101,OI_pcb-ind_8b66099fc90c,OI_pcb-ind_27c5fca367df,OI_pcb-ind_27c5fca367df,0.0
2,base,OI_pcb-ind_e0f04649498f,control,,pcb-ind,0.8957066535949707,0.8957066535949707,0.8346404433250427,OI_dspcbsd-plus_41006b5135f0,OI_pcb-ind_707f40e31de5,OI_pcb-ind_707f40e31de5,0.0
2,base,OI_pcb-ind_e11531b0e685,probe,same metadata group,pcb-ind,0.8734067678451538,0.8734067678451538,0.8346025943756104,OI_dspcbsd-plus_86d6904064a2,OI_pcb-ind_762e554d6e6c,OI_pcb-ind_762e554d6e6c,0.0
2,base,OI_pcb-ind_e2ddd7bb3ce2,control,,pcb-ind,0.7069502472877502,0.7069502472877502,0.5884526968002319,OI_pcb-ind_705426a02e25,OI_pcb-ind_7b3900dd9489,OI_pcb-ind_7b3900dd9489,0.0
2,base,OI_pcb-ind_e31a0bc6134b,probe,similar pair,pcb-ind,0.9482285380363464,0.7789515256881714,0.9482285380363464,OI_pcb-ind_c6e5529f9367,OI_pcb-ind_c6e5529f9367,OI_pcb-ind_e67d759144e6,0.16927701234817505
2,base,OI_pcb-ind_e43291bbc184,control,,pcb-ind,0.8312002420425415,0.8312002420425415,0.6735318899154663,OI_pcb-ind_1243fa1633ba,OI_pcb-ind_9928e1c64798,OI_pcb-ind_9928e1c64798,0.0
2,base,OI_pcb-ind_e4a4b215d494,control,,pcb-ind,0.7880235910415649,0.7880235910415649,0.7011582851409912,OI_pcb-ind_740d3c9b17e5,OI_pcb-ind_bd633a5c5dc2,OI_pcb-ind_bd633a5c5dc2,0.0
2,base,OI_pcb-ind_e556e80950b6,probe,similar pair,pcb-ind,0.9155375957489014,0.8187351226806641,0.9155375957489014,OI_pcb-ind_d9f28766fa46,OI_pcb-ind_d9f28766fa46,OI_pcb-ind_3a010e3ab702,0.0968024730682373
2,base,OI_pcb-ind_e6344f8c78a5,control,,pcb-ind,0.8774019479751587,0.8774019479751587,0.8245261907577515,OI_pcb-ind_7d049ecb36bd,OI_pcb-ind_4147f76465e8,OI_pcb-ind_4147f76465e8,0.0
2,base,OI_pcb-ind_e728344310f8,probe,same metadata group,pcb-ind,0.6910868883132935,0.6910868883132935,0.6326645612716675,OI_pcb-ind_c6e5529f9367,OI_pcb-ind_bf3b2453aa33,OI_pcb-ind_bf3b2453aa33,0.0
2,base,OI_pcb-ind_e87b575d8757,control,,pcb-ind,0.6427354216575623,0.6140351295471191,0.6427354216575623,OI_pcb-ind_6e292a252163,OI_pcb-ind_6e292a252163,OI_pcb-ind_b51d2ed34a7f,0.028700292110443115
2,base,OI_pcb-ind_e9008d55ff07,control,,pcb-ind,0.807843029499054,0.807843029499054,0.7374387979507446,OI_pcb-ind_652e009ca0c2,OI_dspcbsd-plus_a33cd1bc44e8,OI_dspcbsd-plus_a33cd1bc44e8,0.0
2,base,OI_pcb-ind_ea4ebb3a6744,probe,same metadata group,pcb-ind,0.7856919765472412,0.7159485816955566,0.7856919765472412,OI_pcb-ind_6efd64b005c5,OI_pcb-ind_6efd64b005c5,OI_pcb-ind_856285df3b15,0.06974339485168457
2,base,OI_pcb-ind_eb6ce3d67189,control,,pcb-ind,0.8361732959747314,0.8361732959747314,0.7002724409103394,OI_pcb-ind_be89223f12e2,OI_pcb-ind_68c295ee13e1,OI_pcb-ind_68c295ee13e1,0.0
2,base,OI_pcb-ind_ec38eb74e43b,control,,pcb-ind,0.777366042137146,0.7301511764526367,0.777366042137146,OI_pcb-ind_03e66510bb42,OI_pcb-ind_03e66510bb42,OI_pcb-ind_abd68586d4b8,0.04721486568450928
2,base,OI_pcb-ind_edec98841bf7,control,,pcb-ind,0.7389620542526245,0.7389620542526245,0.6888253688812256,OI_pcb-ind_e4330a11ed4c,OI_dspcbsd-plus_5e37c61deb05,OI_dspcbsd-plus_5e37c61deb05,0.0
2,base,OI_pcb-ind_ee5602ae7b78,probe,same metadata group,pcb-ind,0.8332681655883789,0.7618769407272339,0.8332681655883789,OI_pcb-ind_be89223f12e2,OI_pcb-ind_be89223f12e2,OI_pcb-ind_2a8d3603b50d,0.07139122486114502
2,base,OI_pcb-ind_ee6f7f176f6a,control,,pcb-ind,0.8174467086791992,0.8174467086791992,0.6269118785858154,OI_dspcbsd-plus_f5187fcc140e,OI_pcb-ind_544222bcb6a5,OI_pcb-ind_544222bcb6a5,0.0
2,base,OI_pcb-ind_ef65623a36a4,probe,same metadata group,pcb-ind,0.6907469034194946,0.6907469034194946,0.6706496477127075,OI_pcb-ind_283123324bfa,OI_pcb-ind_ba6e12438f14,OI_pcb-ind_ba6e12438f14,0.0
2,base,OI_pcb-ind_f2185a134ab1,control,,pcb-ind,0.8520046472549438,0.8520046472549438,0.7574098110198975,OI_pcb-ind_740d3c9b17e5,OI_pcb-ind_13cf293479f4,OI_pcb-ind_13cf293479f4,0.0
2,base,OI_pcb-ind_f3a48d3db93c,probe,same metadata group,pcb-ind,0.904462456703186,0.904462456703186,0.7892074584960938,OI_pcb-ind_e599561acfbf,OI_pcb-ind_43f0a9a1e38a,OI_pcb-ind_43f0a9a1e38a,0.0
2,base,OI_pcb-ind_f86ebdaa6bd9,probe,same metadata group,pcb-ind,0.7023916840553284,0.7023916840553284,0.6894161701202393,OI_pcb-ind_705426a02e25,OI_pcb-ind_5260a8e6449b,OI_pcb-ind_5260a8e6449b,0.0
2,base,OI_pcb-ind_f97b3dd44f6a,probe,same metadata group,pcb-ind,0.7464852333068848,0.6592174768447876,0.7464852333068848,OI_pcb-ind_1318263c9179,OI_pcb-ind_1318263c9179,OI_pcb-ind_29c424bf7ca6,0.08726775646209717
2,base,OI_pcb-ind_f9c212ab61ab,probe,same metadata group,pcb-ind,0.8463195562362671,0.8412206172943115,0.8463195562362671,OI_pcb-ind_180ac0af92cc,OI_pcb-ind_180ac0af92cc,OI_pcb-ind_978fc2759566,0.005098938941955566
2,base,OI_pcb-ind_fe303e4e5a2b,probe,same metadata group,pcb-ind,0.7415479421615601,0.7423168420791626,0.7415479421615601,OI_pcb-ind_87f9b963eaaf,OI_pcb-ind_87f9b963eaaf,OI_pcb-ind_6f995ebd104b,-0.0007688999176025391
2,base,OI_pcb-ind_fe37fb940941,control,,pcb-ind,0.8242157697677612,0.8242157697677612,0.7167223691940308,OI_pcb-ind_87f9b963eaaf,OI_pcb-ind_3d1b448f8296,OI_pcb-ind_3d1b448f8296,0.0
2,base,OI_pcb-ind_ff7b84d893ac,probe,similar pair,pcb-ind,0.945010244846344,0.7233163118362427,0.945010244846344,OI_pcb-ind_c8c7d2b5dfa3,OI_pcb-ind_c8c7d2b5dfa3,OI_pcb-ind_c8012a3fba88,0.22169393301010132
2,base,OI_pcb-ind_ff8368fd5fa4,probe,same metadata group,pcb-ind,0.8355937004089355,0.8355937004089355,0.7996682524681091,OI_pcb-ind_04f4776bd3d5,OI_pcb-ind_27c5fca367df,OI_pcb-ind_27c5fca367df,0.0
