review_id,status,check,signal,source_id,image_id,ann_index,original_label,normalized_label,mapping_status,related_source_id,related_image_id,related_ann_index,related_labels,measure,detail,human_decision,human_notes
LQ-00001,REVIEW_REQUIRED,geometry,zero_area_box,pcb-ind,YOLO/images/val/5799_t_038.jpg,4,missing_copper,missing_copper,SOURCE_SPECIFIC,,,,,0,"bbox [222.7, 0, 300, 0]",,
LQ-00002,REVIEW_REQUIRED,geometry,tiny_box,dspcbsd-plus,Data_COCO/train2017/2200_data.jpg,0,SH,short,EXACT,,,,,1.998,shorter side 1.998 px,,
LQ-00003,REVIEW_REQUIRED,geometry,tiny_box,dspcbsd-plus,Data_COCO/train2017/E_003632.jpg,2,CFO,conductor_foreign_object,SOURCE_SPECIFIC,,,,,1.989,shorter side 1.9888 px,,
LQ-00004,REVIEW_REQUIRED,geometry,tiny_box,dspcbsd-plus,Data_COCO/train2017/S_11065881.jpg,6,SP,spur,EXACT,,,,,1.989,shorter side 1.9888 px,,
LQ-00005,REVIEW_REQUIRED,geometry,tiny_box,pcb-ind,YOLO/images/train/6090_t_003.jpg,1,missing_copper,missing_copper,SOURCE_SPECIFIC,,,,,0.491,shorter side 0.4905 px,,
LQ-00006,REVIEW_REQUIRED,geometry,extreme_aspect_ratio,dspcbsd-plus,Data_COCO/train2017/S_11153597.jpg,2,CS,scratch,COMPATIBLE,,,,,22.22,9.9892 x 222 px,,
LQ-00007,REVIEW_REQUIRED,geometry,extreme_aspect_ratio,dspcbsd-plus,Data_COCO/train2017/S_12128912.jpg,3,CS,scratch,COMPATIBLE,,,,,69.86,3.0058 x 209.999 px,,
LQ-00008,REVIEW_REQUIRED,geometry,extreme_aspect_ratio,pcb-ind,YOLO/images/train/6090_t_003.jpg,1,missing_copper,missing_copper,SOURCE_SPECIFIC,,,,,71.7,0.4905 x 35.1669 px,,
LQ-00009,REVIEW_REQUIRED,class_consistency,conflicting_box,dspcbsd-plus,Data_COCO/train2017/S_10030996.jpg,0,MB,mouse_bite,EXACT,dspcbsd-plus,Data_COCO/train2017/S_10030996.jpg,1,CFO,1,IoU 1.000 with box 1 (CFO),,
LQ-00010,REVIEW_REQUIRED,class_consistency,conflicting_box,dspcbsd-plus,Data_COCO/train2017/S_10310848.jpg,1,SP,spur,EXACT,dspcbsd-plus,Data_COCO/train2017/S_10310848.jpg,2,SC,1,IoU 1.000 with box 2 (SC),,
LQ-00011,REVIEW_REQUIRED,class_consistency,conflicting_box,dspcbsd-plus,Data_COCO/train2017/S_12160115.jpg,0,SC,spurious_copper,COMPATIBLE,dspcbsd-plus,Data_COCO/train2017/S_12160115.jpg,1,CFO,0.9651,IoU 0.965 with box 1 (CFO),,
LQ-00012,REVIEW_REQUIRED,class_consistency,conflicting_box,dspcbsd-plus,Data_COCO/train2017/S_12617158.jpg,2,HB,hole_breakout,SOURCE_SPECIFIC,dspcbsd-plus,Data_COCO/train2017/S_12617158.jpg,5,CFO,1,IoU 1.000 with box 5 (CFO),,
LQ-00013,REVIEW_REQUIRED,class_consistency,class_size_outlier,dspcbsd-plus,Data_COCO/train2017/0004990.jpg,0,SP,spur,EXACT,,,,,3.67,box area 4.39% of the image; the median SP box covers 0.31%,,
LQ-00014,REVIEW_REQUIRED,class_consistency,class_size_outlier,dspcbsd-plus,Data_COCO/train2017/0035494.jpg,0,SP,spur,EXACT,,,,,4,box area 5.57% of the image; the median SP box covers 0.31%,,
LQ-00015,REVIEW_REQUIRED,class_consistency,class_size_outlier,dspcbsd-plus,Data_COCO/train2017/0058262.jpg,4,SP,spur,EXACT,,,,,4.04,box area 5.73% of the image; the median SP box covers 0.31%,,
LQ-00016,REVIEW_REQUIRED,class_consistency,class_size_outlier,dspcbsd-plus,Data_COCO/train2017/0058408.jpg,0,SP,spur,EXACT,,,,,3.86,box area 5.06% of the image; the median SP box covers 0.31%,,
LQ-00017,REVIEW_REQUIRED,class_consistency,class_size_outlier,dspcbsd-plus,Data_COCO/train2017/0058474.jpg,0,BMFO,base_material_foreign_object,SOURCE_SPECIFIC,,,,,3.85,box area 28.62% of the image; the median BMFO box covers 0.51%,,
LQ-00018,REVIEW_REQUIRED,class_consistency,class_size_outlier,dspcbsd-plus,Data_COCO/train2017/0066415.jpg,1,SC,spurious_copper,COMPATIBLE,,,,,3.51,box area 11.32% of the image; the median SC box covers 0.62%,,
LQ-00019,REVIEW_REQUIRED,class_consistency,class_size_outlier,dspcbsd-plus,Data_COCO/train2017/0069056.jpg,0,MB,mouse_bite,EXACT,,,,,4.52,box area 9.83% of the image; the median MB box covers 0.33%,,
LQ-00020,REVIEW_REQUIRED,class_consistency,class_size_outlier,dspcbsd-plus,Data_COCO/train2017/0069057.jpg,4,MB,mouse_bite,EXACT,,,,,4.37,box area 8.78% of the image; the median MB box covers 0.33%,,
LQ-00021,REVIEW_REQUIRED,class_consistency,class_size_outlier,dspcbsd-plus,Data_COCO/train2017/0069368.jpg,1,HB,hole_breakout,SOURCE_SPECIFIC,,,,,-3.66,box area 1.60% of the image; the median HB box covers 3.21%,,
LQ-00022,REVIEW_REQUIRED,class_consistency,class_size_outlier,dspcbsd-plus,Data_COCO/train2017/0075054.jpg,0,BMFO,base_material_foreign_object,SOURCE_SPECIFIC,,,,,3.55,box area 20.92% of the image; the median BMFO box covers 0.51%,,
LQ-00023,REVIEW_REQUIRED,class_consistency,class_size_outlier,dspcbsd-plus,Data_COCO/train2017/0100690.jpg,0,BMFO,base_material_foreign_object,SOURCE_SPECIFIC,,,,,3.79,box area 26.84% of the image; the median BMFO box covers 0.51%,,
LQ-00024,REVIEW_REQUIRED,class_consistency,class_size_outlier,dspcbsd-plus,Data_COCO/train2017/0101393.jpg,0,BMFO,base_material_foreign_object,SOURCE_SPECIFIC,,,,,3.64,box area 23.09% of the image; the median BMFO box covers 0.51%,,
LQ-00025,REVIEW_REQUIRED,class_consistency,class_size_outlier,dspcbsd-plus,Data_COCO/train2017/0102000.jpg,0,BMFO,base_material_foreign_object,SOURCE_SPECIFIC,,,,,3.82,box area 27.86% of the image; the median BMFO box covers 0.51%,,
LQ-00026,REVIEW_REQUIRED,class_consistency,class_size_outlier,dspcbsd-plus,Data_COCO/train2017/0102717.jpg,0,BMFO,base_material_foreign_object,SOURCE_SPECIFIC,,,,,4.3,box area 45.99% of the image; the median BMFO box covers 0.51%,,
LQ-00027,REVIEW_REQUIRED,class_consistency,class_size_outlier,dspcbsd-plus,Data_COCO/train2017/0104600.jpg,0,BMFO,base_material_foreign_object,SOURCE_SPECIFIC,,,,,4.12,box area 38.05% of the image; the median BMFO box covers 0.51%,,
LQ-00028,REVIEW_REQUIRED,class_consistency,class_size_outlier,dspcbsd-plus,Data_COCO/train2017/0105373.jpg,0,BMFO,base_material_foreign_object,SOURCE_SPECIFIC,,,,,3.63,box area 22.76% of the image; the median BMFO box covers 0.51%,,
LQ-00029,REVIEW_REQUIRED,class_consistency,class_size_outlier,dspcbsd-plus,Data_COCO/train2017/0105551.jpg,0,BMFO,base_material_foreign_object,SOURCE_SPECIFIC,,,,,4.49,box area 56.07% of the image; the median BMFO box covers 0.51%,,
LQ-00030,REVIEW_REQUIRED,class_consistency,class_size_outlier,dspcbsd-plus,Data_COCO/train2017/0273883.jpg,0,BMFO,base_material_foreign_object,SOURCE_SPECIFIC,,,,,3.98,box area 32.81% of the image; the median BMFO box covers 0.51%,,
LQ-00031,REVIEW_REQUIRED,class_consistency,class_size_outlier,dspcbsd-plus,Data_COCO/train2017/0273888.jpg,0,BMFO,base_material_foreign_object,SOURCE_SPECIFIC,,,,,4.09,box area 36.92% of the image; the median BMFO box covers 0.51%,,
LQ-00032,REVIEW_REQUIRED,class_consistency,class_size_outlier,dspcbsd-plus,Data_COCO/train2017/0273894.jpg,0,BMFO,base_material_foreign_object,SOURCE_SPECIFIC,,,,,3.93,box area 31.12% of the image; the median BMFO box covers 0.51%,,
LQ-00033,REVIEW_REQUIRED,class_consistency,class_size_outlier,dspcbsd-plus,Data_COCO/train2017/0337543.jpg,0,BMFO,base_material_foreign_object,SOURCE_SPECIFIC,,,,,3.98,box area 32.89% of the image; the median BMFO box covers 0.51%,,
LQ-00034,REVIEW_REQUIRED,class_consistency,class_size_outlier,dspcbsd-plus,Data_COCO/train2017/0370608.jpg,0,BMFO,base_material_foreign_object,SOURCE_SPECIFIC,,,,,4.72,box area 71.24% of the image; the median BMFO box covers 0.51%,,
LQ-00035,REVIEW_REQUIRED,class_consistency,class_size_outlier,dspcbsd-plus,Data_COCO/train2017/0391822.jpg,2,HB,hole_breakout,SOURCE_SPECIFIC,,,,,-4.52,box area 1.36% of the image; the median HB box covers 3.21%,,
LQ-00036,REVIEW_REQUIRED,class_consistency,class_size_outlier,dspcbsd-plus,Data_COCO/train2017/0391894.jpg,2,HB,hole_breakout,SOURCE_SPECIFIC,,,,,-4.65,box area 1.33% of the image; the median HB box covers 3.21%,,
LQ-00037,REVIEW_REQUIRED,class_consistency,class_size_outlier,dspcbsd-plus,Data_COCO/train2017/0392080.jpg,1,HB,hole_breakout,SOURCE_SPECIFIC,,,,,-4.2,box area 1.45% of the image; the median HB box covers 3.21%,,
LQ-00038,REVIEW_REQUIRED,class_consistency,class_size_outlier,dspcbsd-plus,Data_COCO/train2017/0394634.jpg,0,BMFO,base_material_foreign_object,SOURCE_SPECIFIC,,,,,3.5,box area 19.93% of the image; the median BMFO box covers 0.51%,,
LQ-00039,REVIEW_REQUIRED,class_consistency,class_size_outlier,dspcbsd-plus,Data_COCO/train2017/0395878.jpg,0,BMFO,base_material_foreign_object,SOURCE_SPECIFIC,,,,,3.81,box area 27.36% of the image; the median BMFO box covers 0.51%,,
LQ-00040,REVIEW_REQUIRED,class_consistency,class_size_outlier,dspcbsd-plus,Data_COCO/train2017/0403838.jpg,0,BMFO,base_material_foreign_object,SOURCE_SPECIFIC,,,,,3.56,box area 21.24% of the image; the median BMFO box covers 0.51%,,
LQ-00041,REVIEW_REQUIRED,class_consistency,class_size_outlier,dspcbsd-plus,Data_COCO/train2017/1007_data.jpg,1,SP,spur,EXACT,,,,,5.38,box area 15.11% of the image; the median SP box covers 0.31%,,
LQ-00042,REVIEW_REQUIRED,class_consistency,class_size_outlier,dspcbsd-plus,Data_COCO/train2017/1007_data.jpg,2,SP,spur,EXACT,,,,,5.38,box area 15.11% of the image; the median SP box covers 0.31%,,
LQ-00043,REVIEW_REQUIRED,class_consistency,class_size_outlier,dspcbsd-plus,Data_COCO/train2017/1044_data.jpg,0,SH,short,EXACT,,,,,3.89,box area 25.65% of the image; the median SH box covers 1.41%,,
LQ-00044,REVIEW_REQUIRED,class_consistency,class_size_outlier,dspcbsd-plus,Data_COCO/train2017/1045_data.jpg,1,SP,spur,EXACT,,,,,4.31,box area 7.00% of the image; the median SP box covers 0.31%,,
LQ-00045,REVIEW_REQUIRED,class_consistency,class_size_outlier,dspcbsd-plus,Data_COCO/train2017/1069_data.jpg,0,SH,short,EXACT,,,,,3.65,box area 21.42% of the image; the median SH box covers 1.41%,,
LQ-00046,REVIEW_REQUIRED,class_consistency,class_size_outlier,dspcbsd-plus,Data_COCO/train2017/1083_data.jpg,1,SP,spur,EXACT,,,,,3.69,box area 4.46% of the image; the median SP box covers 0.31%,,
LQ-00047,REVIEW_REQUIRED,class_consistency,class_size_outlier,dspcbsd-plus,Data_COCO/train2017/1162_data.jpg,2,SP,spur,EXACT,,,,,6.58,box area 35.65% of the image; the median SP box covers 0.31%,,
LQ-00048,REVIEW_REQUIRED,class_consistency,class_size_outlier,dspcbsd-plus,Data_COCO/train2017/1182_data.jpg,0,SH,short,EXACT,,,,,4.79,box area 50.46% of the image; the median SH box covers 1.41%,,
LQ-00049,REVIEW_REQUIRED,class_consistency,class_size_outlier,dspcbsd-plus,Data_COCO/train2017/1182_data.jpg,1,SP,spur,EXACT,,,,,5.55,box area 17.01% of the image; the median SP box covers 0.31%,,
LQ-00050,REVIEW_REQUIRED,class_consistency,class_size_outlier,dspcbsd-plus,Data_COCO/train2017/1182_data.jpg,2,SP,spur,EXACT,,,,,4.79,box area 9.84% of the image; the median SP box covers 0.31%,,
LQ-00051,REVIEW_REQUIRED,class_consistency,class_size_outlier,dspcbsd-plus,Data_COCO/train2017/1182_data.jpg,4,SP,spur,EXACT,,,,,5.96,box area 22.81% of the image; the median SP box covers 0.31%,,
LQ-00052,REVIEW_REQUIRED,class_consistency,class_size_outlier,dspcbsd-plus,Data_COCO/train2017/1205_data.jpg,0,SP,spur,EXACT,,,,,5.06,box area 11.93% of the image; the median SP box covers 0.31%,,
LQ-00053,REVIEW_REQUIRED,class_consistency,class_size_outlier,dspcbsd-plus,Data_COCO/train2017/1205_data.jpg,2,SP,spur,EXACT,,,,,5.85,box area 21.13% of the image; the median SP box covers 0.31%,,
LQ-00054,REVIEW_REQUIRED,class_consistency,class_size_outlier,dspcbsd-plus,Data_COCO/train2017/1325_data.jpg,0,SH,short,EXACT,,,,,4.52,box area 41.15% of the image; the median SH box covers 1.41%,,
LQ-00055,REVIEW_REQUIRED,class_consistency,class_size_outlier,dspcbsd-plus,Data_COCO/train2017/2001_data.jpg,0,SH,short,EXACT,,,,,3.74,box area 22.93% of the image; the median SH box covers 1.41%,,
LQ-00056,REVIEW_REQUIRED,class_consistency,class_size_outlier,dspcbsd-plus,Data_COCO/train2017/2242_data.jpg,0,SH,short,EXACT,,,,,3.5,box area 19.24% of the image; the median SH box covers 1.41%,,
LQ-00057,REVIEW_REQUIRED,class_consistency,class_size_outlier,dspcbsd-plus,Data_COCO/train2017/2242_data.jpg,2,MB,mouse_bite,EXACT,,,,,3.71,box area 5.35% of the image; the median MB box covers 0.33%,,
LQ-00058,REVIEW_REQUIRED,class_consistency,class_size_outlier,dspcbsd-plus,Data_COCO/train2017/2959_data.jpg,0,MB,mouse_bite,EXACT,,,,,4.57,box area 10.19% of the image; the median MB box covers 0.33%,,
LQ-00059,REVIEW_REQUIRED,class_consistency,class_size_outlier,dspcbsd-plus,Data_COCO/train2017/467_data.jpg,0,SP,spur,EXACT,,,,,5.38,box area 15.09% of the image; the median SP box covers 0.31%,,
LQ-00060,REVIEW_REQUIRED,class_consistency,class_size_outlier,dspcbsd-plus,Data_COCO/train2017/467_data.jpg,1,SP,spur,EXACT,,,,,5.47,box area 16.05% of the image; the median SP box covers 0.31%,,
LQ-00061,REVIEW_REQUIRED,class_consistency,class_size_outlier,dspcbsd-plus,Data_COCO/train2017/467_data.jpg,2,SP,spur,EXACT,,,,,4.71,box area 9.30% of the image; the median SP box covers 0.31%,,
LQ-00062,REVIEW_REQUIRED,class_consistency,class_size_outlier,dspcbsd-plus,Data_COCO/train2017/939_data.jpg,1,SP,spur,EXACT,,,,,4.58,box area 8.46% of the image; the median SP box covers 0.31%,,
LQ-00063,REVIEW_REQUIRED,class_consistency,class_size_outlier,dspcbsd-plus,Data_COCO/train2017/984_data.jpg,0,SH,short,EXACT,,,,,4.58,box area 43.14% of the image; the median SH box covers 1.41%,,
LQ-00064,REVIEW_REQUIRED,class_consistency,class_size_outlier,dspcbsd-plus,Data_COCO/train2017/985_data.jpg,1,HB,hole_breakout,SOURCE_SPECIFIC,,,,,7.89,box area 14.34% of the image; the median HB box covers 3.21%,,
LQ-00065,REVIEW_REQUIRED,class_consistency,class_size_outlier,dspcbsd-plus,Data_COCO/train2017/985_data.jpg,2,HB,hole_breakout,SOURCE_SPECIFIC,,,,,6.09,box area 10.19% of the image; the median HB box covers 3.21%,,
LQ-00066,REVIEW_REQUIRED,class_consistency,class_size_outlier,dspcbsd-plus,Data_COCO/train2017/996_data.jpg,0,SC,spurious_copper,COMPATIBLE,,,,,5.42,box area 55.42% of the image; the median SC box covers 0.62%,,
LQ-00067,REVIEW_REQUIRED,class_consistency,class_size_outlier,dspcbsd-plus,Data_COCO/train2017/996_data.jpg,1,SH,short,EXACT,,,,,3.61,box area 20.88% of the image; the median SH box covers 1.41%,,
LQ-00068,REVIEW_REQUIRED,class_consistency,class_size_outlier,dspcbsd-plus,Data_COCO/train2017/E_001369.jpg,1,SP,spur,EXACT,,,,,4.12,box area 6.08% of the image; the median SP box covers 0.31%,,
LQ-00069,REVIEW_REQUIRED,class_consistency,class_size_outlier,dspcbsd-plus,Data_COCO/train2017/E_003452.jpg,3,BMFO,base_material_foreign_object,SOURCE_SPECIFIC,,,,,4.29,box area 45.43% of the image; the median BMFO box covers 0.51%,,
LQ-00070,REVIEW_REQUIRED,class_consistency,class_size_outlier,dspcbsd-plus,Data_COCO/train2017/E_003453.jpg,2,BMFO,base_material_foreign_object,SOURCE_SPECIFIC,,,,,4.15,box area 39.24% of the image; the median BMFO box covers 0.51%,,
LQ-00071,REVIEW_REQUIRED,class_consistency,class_size_outlier,dspcbsd-plus,Data_COCO/train2017/E_003495.jpg,2,BMFO,base_material_foreign_object,SOURCE_SPECIFIC,,,,,3.79,box area 27.03% of the image; the median BMFO box covers 0.51%,,
LQ-00072,REVIEW_REQUIRED,class_consistency,class_size_outlier,dspcbsd-plus,Data_COCO/train2017/E_004841.jpg,0,BMFO,base_material_foreign_object,SOURCE_SPECIFIC,,,,,4.35,box area 48.46% of the image; the median BMFO box covers 0.51%,,
LQ-00073,REVIEW_REQUIRED,class_consistency,class_size_outlier,dspcbsd-plus,Data_COCO/train2017/E_005290.jpg,0,BMFO,base_material_foreign_object,SOURCE_SPECIFIC,,,,,3.71,box area 24.67% of the image; the median BMFO box covers 0.51%,,
LQ-00074,REVIEW_REQUIRED,class_consistency,class_size_outlier,dspcbsd-plus,Data_COCO/train2017/E_005291.jpg,0,BMFO,base_material_foreign_object,SOURCE_SPECIFIC,,,,,4.36,box area 48.80% of the image; the median BMFO box covers 0.51%,,
LQ-00075,REVIEW_REQUIRED,class_consistency,class_size_outlier,dspcbsd-plus,Data_COCO/train2017/S_10005579.jpg,0,SP,spur,EXACT,,,,,4.25,box area 6.70% of the image; the median SP box covers 0.31%,,
LQ-00076,REVIEW_REQUIRED,class_consistency,class_size_outlier,dspcbsd-plus,Data_COCO/train2017/S_10060765.jpg,0,SP,spur,EXACT,,,,,3.8,box area 4.85% of the image; the median SP box covers 0.31%,,
LQ-00077,REVIEW_REQUIRED,class_consistency,class_size_outlier,dspcbsd-plus,Data_COCO/train2017/S_10067905.jpg,0,MB,mouse_bite,EXACT,,,,,4.44,box area 9.21% of the image; the median MB box covers 0.33%,,
LQ-00078,REVIEW_REQUIRED,class_consistency,class_size_outlier,dspcbsd-plus,Data_COCO/train2017/S_10099360.jpg,0,SP,spur,EXACT,,,,,3.84,box area 4.98% of the image; the median SP box covers 0.31%,,
LQ-00079,REVIEW_REQUIRED,class_consistency,class_size_outlier,dspcbsd-plus,Data_COCO/train2017/S_10100627.jpg,0,HB,hole_breakout,SOURCE_SPECIFIC,,,,,-5.38,box area 1.16% of the image; the median HB box covers 3.21%,,
LQ-00080,REVIEW_REQUIRED,class_consistency,class_size_outlier,dspcbsd-plus,Data_COCO/train2017/S_10107271.jpg,0,SP,spur,EXACT,,,,,4.08,box area 5.91% of the image; the median SP box covers 0.31%,,
LQ-00081,REVIEW_REQUIRED,class_consistency,class_size_outlier,dspcbsd-plus,Data_COCO/train2017/S_10136790.jpg,2,MB,mouse_bite,EXACT,,,,,4.29,box area 8.26% of the image; the median MB box covers 0.33%,,
LQ-00082,REVIEW_REQUIRED,class_consistency,class_size_outlier,dspcbsd-plus,Data_COCO/train2017/S_10166506.jpg,0,SC,spurious_copper,COMPATIBLE,,,,,3.69,box area 13.13% of the image; the median SC box covers 0.62%,,
LQ-00083,REVIEW_REQUIRED,class_consistency,class_size_outlier,dspcbsd-plus,Data_COCO/train2017/S_10181979.jpg,0,HB,hole_breakout,SOURCE_SPECIFIC,,,,,-3.66,box area 1.60% of the image; the median HB box covers 3.21%,,
LQ-00084,REVIEW_REQUIRED,class_consistency,class_size_outlier,dspcbsd-plus,Data_COCO/train2017/S_10237014.jpg,1,MB,mouse_bite,EXACT,,,,,3.63,box area 5.01% of the image; the median MB box covers 0.33%,,
LQ-00085,REVIEW_REQUIRED,class_consistency,class_size_outlier,dspcbsd-plus,Data_COCO/train2017/S_10277917.jpg,0,HB,hole_breakout,SOURCE_SPECIFIC,,,,,3.51,box area 6.25% of the image; the median HB box covers 3.21%,,
LQ-00086,REVIEW_REQUIRED,class_consistency,class_size_outlier,dspcbsd-plus,Data_COCO/train2017/S_10277918.jpg,0,HB,hole_breakout,SOURCE_SPECIFIC,,,,,3.51,box area 6.25% of the image; the median HB box covers 3.21%,,
LQ-00087,REVIEW_REQUIRED,class_consistency,class_size_outlier,dspcbsd-plus,Data_COCO/train2017/S_10278342.jpg,0,SP,spur,EXACT,,,,,4.63,box area 8.78% of the image; the median SP box covers 0.31%,,
LQ-00088,REVIEW_REQUIRED,class_consistency,class_size_outlier,dspcbsd-plus,Data_COCO/train2017/S_10279487.jpg,0,BMFO,base_material_foreign_object,SOURCE_SPECIFIC,,,,,3.82,box area 27.88% of the image; the median BMFO box covers 0.51%,,
LQ-00089,REVIEW_REQUIRED,class_consistency,class_size_outlier,dspcbsd-plus,Data_COCO/train2017/S_10279488.jpg,0,BMFO,base_material_foreign_object,SOURCE_SPECIFIC,,,,,3.79,box area 26.92% of the image; the median BMFO box covers 0.51%,,
LQ-00090,REVIEW_REQUIRED,class_consistency,class_size_outlier,dspcbsd-plus,Data_COCO/train2017/S_10279865.jpg,0,BMFO,base_material_foreign_object,SOURCE_SPECIFIC,,,,,3.94,box area 31.53% of the image; the median BMFO box covers 0.51%,,
LQ-00091,REVIEW_REQUIRED,class_consistency,class_size_outlier,dspcbsd-plus,Data_COCO/train2017/S_10302290.jpg,0,SC,spurious_copper,COMPATIBLE,,,,,5.3,box area 50.00% of the image; the median SC box covers 0.62%,,
LQ-00092,REVIEW_REQUIRED,class_consistency,class_size_outlier,dspcbsd-plus,Data_COCO/train2017/S_10308450.jpg,0,BMFO,base_material_foreign_object,SOURCE_SPECIFIC,,,,,3.55,box area 20.97% of the image; the median BMFO box covers 0.51%,,
LQ-00093,REVIEW_REQUIRED,class_consistency,class_size_outlier,dspcbsd-plus,Data_COCO/train2017/S_10317012.jpg,1,BMFO,base_material_foreign_object,SOURCE_SPECIFIC,,,,,4.13,box area 38.24% of the image; the median BMFO box covers 0.51%,,
LQ-00094,REVIEW_REQUIRED,class_consistency,class_size_outlier,dspcbsd-plus,Data_COCO/train2017/S_10330061.jpg,2,HB,hole_breakout,SOURCE_SPECIFIC,,,,,-3.7,box area 1.59% of the image; the median HB box covers 3.21%,,
LQ-00095,REVIEW_REQUIRED,class_consistency,class_size_outlier,dspcbsd-plus,Data_COCO/train2017/S_10369784.jpg,0,BMFO,base_material_foreign_object,SOURCE_SPECIFIC,,,,,3.92,box area 30.98% of the image; the median BMFO box covers 0.51%,,
LQ-00096,REVIEW_REQUIRED,class_consistency,class_size_outlier,dspcbsd-plus,Data_COCO/train2017/S_10377392.jpg,0,BMFO,base_material_foreign_object,SOURCE_SPECIFIC,,,,,3.95,box area 31.88% of the image; the median BMFO box covers 0.51%,,
LQ-00097,REVIEW_REQUIRED,class_consistency,class_size_outlier,dspcbsd-plus,Data_COCO/train2017/S_10397138.jpg,0,SP,spur,EXACT,,,,,4.91,box area 10.72% of the image; the median SP box covers 0.31%,,
LQ-00098,REVIEW_REQUIRED,class_consistency,class_size_outlier,dspcbsd-plus,Data_COCO/train2017/S_10433131.jpg,1,SC,spurious_copper,COMPATIBLE,,,,,4.61,box area 28.11% of the image; the median SC box covers 0.62%,,
LQ-00099,REVIEW_REQUIRED,class_consistency,class_size_outlier,dspcbsd-plus,Data_COCO/train2017/S_10469242.jpg,0,BMFO,base_material_foreign_object,SOURCE_SPECIFIC,,,,,3.75,box area 25.90% of the image; the median BMFO box covers 0.51%,,
LQ-00100,REVIEW_REQUIRED,class_consistency,class_size_outlier,dspcbsd-plus,Data_COCO/train2017/S_11004777.jpg,0,HB,hole_breakout,SOURCE_SPECIFIC,,,,,3.88,box area 6.70% of the image; the median HB box covers 3.21%,,
LQ-00101,REVIEW_REQUIRED,class_consistency,class_size_outlier,dspcbsd-plus,Data_COCO/train2017/S_11048580.jpg,1,SC,spurious_copper,COMPATIBLE,,,,,3.65,box area 12.76% of the image; the median SC box covers 0.62%,,
LQ-00102,REVIEW_REQUIRED,class_consistency,class_size_outlier,dspcbsd-plus,Data_COCO/train2017/S_11049506.jpg,0,BMFO,base_material_foreign_object,SOURCE_SPECIFIC,,,,,4.73,box area 72.15% of the image; the median BMFO box covers 0.51%,,
LQ-00103,REVIEW_REQUIRED,class_consistency,class_size_outlier,dspcbsd-plus,Data_COCO/train2017/S_11049507.jpg,0,BMFO,base_material_foreign_object,SOURCE_SPECIFIC,,,,,4.11,box area 37.70% of the image; the median BMFO box covers 0.51%,,
LQ-00104,REVIEW_REQUIRED,class_consistency,class_size_outlier,dspcbsd-plus,Data_COCO/train2017/S_11136532.jpg,0,SP,spur,EXACT,,,,,4.05,box area 5.80% of the image; the median SP box covers 0.31%,,
LQ-00105,REVIEW_REQUIRED,class_consistency,class_size_outlier,dspcbsd-plus,Data_COCO/train2017/S_11176846.jpg,0,SC,spurious_copper,COMPATIBLE,,,,,3.99,box area 16.90% of the image; the median SC box covers 0.62%,,
LQ-00106,REVIEW_REQUIRED,class_consistency,class_size_outlier,dspcbsd-plus,Data_COCO/train2017/S_11177210.jpg,0,SC,spurious_copper,COMPATIBLE,,,,,3.95,box area 16.38% of the image; the median SC box covers 0.62%,,
LQ-00107,REVIEW_REQUIRED,class_consistency,class_size_outlier,dspcbsd-plus,Data_COCO/train2017/S_11300917.jpg,2,BMFO,base_material_foreign_object,SOURCE_SPECIFIC,,,,,3.68,box area 23.89% of the image; the median BMFO box covers 0.51%,,
LQ-00108,REVIEW_REQUIRED,class_consistency,class_size_outlier,dspcbsd-plus,Data_COCO/train2017/S_11350098.jpg,0,HB,hole_breakout,SOURCE_SPECIFIC,,,,,4.06,box area 6.93% of the image; the median HB box covers 3.21%,,
LQ-00109,REVIEW_REQUIRED,class_consistency,class_size_outlier,dspcbsd-plus,Data_COCO/train2017/S_11350102.jpg,0,HB,hole_breakout,SOURCE_SPECIFIC,,,,,4.15,box area 7.05% of the image; the median HB box covers 3.21%,,
LQ-00110,REVIEW_REQUIRED,class_consistency,class_size_outlier,dspcbsd-plus,Data_COCO/train2017/S_11350133.jpg,0,HB,hole_breakout,SOURCE_SPECIFIC,,,,,3.7,box area 6.47% of the image; the median HB box covers 3.21%,,
LQ-00111,REVIEW_REQUIRED,class_consistency,class_size_outlier,dspcbsd-plus,Data_COCO/train2017/S_11350135.jpg,0,HB,hole_breakout,SOURCE_SPECIFIC,,,,,3.51,box area 6.25% of the image; the median HB box covers 3.21%,,
LQ-00112,REVIEW_REQUIRED,class_consistency,class_size_outlier,dspcbsd-plus,Data_COCO/train2017/S_11350366.jpg,0,HB,hole_breakout,SOURCE_SPECIFIC,,,,,4.06,box area 6.93% of the image; the median HB box covers 3.21%,,
LQ-00113,REVIEW_REQUIRED,class_consistency,class_size_outlier,dspcbsd-plus,Data_COCO/train2017/S_11379009.jpg,0,SC,spurious_copper,COMPATIBLE,,,,,4.53,box area 26.34% of the image; the median SC box covers 0.62%,,
LQ-00114,REVIEW_REQUIRED,class_consistency,class_size_outlier,dspcbsd-plus,Data_COCO/train2017/S_11379080.jpg,1,SC,spurious_copper,COMPATIBLE,,,,,5.51,box area 59.61% of the image; the median SC box covers 0.62%,,
LQ-00115,REVIEW_REQUIRED,class_consistency,class_size_outlier,dspcbsd-plus,Data_COCO/train2017/S_11379129.jpg,3,SC,spurious_copper,COMPATIBLE,,,,,3.71,box area 13.35% of the image; the median SC box covers 0.62%,,
LQ-00116,REVIEW_REQUIRED,class_consistency,class_size_outlier,dspcbsd-plus,Data_COCO/train2017/S_11379163.jpg,0,SC,spurious_copper,COMPATIBLE,,,,,3.98,box area 16.67% of the image; the median SC box covers 0.62%,,
LQ-00117,REVIEW_REQUIRED,class_consistency,class_size_outlier,dspcbsd-plus,Data_COCO/train2017/S_11379163.jpg,1,SC,spurious_copper,COMPATIBLE,,,,,4.25,box area 20.97% of the image; the median SC box covers 0.62%,,
LQ-00118,REVIEW_REQUIRED,class_consistency,class_size_outlier,dspcbsd-plus,Data_COCO/train2017/S_11462535.jpg,2,OP,open,EXACT,,,,,3.66,box area 28.71% of the image; the median OP box covers 0.93%,,
LQ-00119,REVIEW_REQUIRED,class_consistency,class_size_outlier,dspcbsd-plus,Data_COCO/train2017/S_11463383.jpg,1,MB,mouse_bite,EXACT,,,,,4.01,box area 6.69% of the image; the median MB box covers 0.33%,,
LQ-00120,REVIEW_REQUIRED,class_consistency,class_size_outlier,dspcbsd-plus,Data_COCO/train2017/S_11463583.jpg,0,MB,mouse_bite,EXACT,,,,,4.71,box area 11.35% of the image; the median MB box covers 0.33%,,
LQ-00121,REVIEW_REQUIRED,class_consistency,class_size_outlier,dspcbsd-plus,Data_COCO/train2017/S_11525958.jpg,0,MB,mouse_bite,EXACT,,,,,4.14,box area 7.39% of the image; the median MB box covers 0.33%,,
LQ-00122,REVIEW_REQUIRED,class_consistency,class_size_outlier,dspcbsd-plus,Data_COCO/train2017/S_11572613.jpg,2,HB,hole_breakout,SOURCE_SPECIFIC,,,,,-7.58,box area 0.76% of the image; the median HB box covers 3.21%,,
LQ-00123,REVIEW_REQUIRED,class_consistency,class_size_outlier,dspcbsd-plus,Data_COCO/train2017/S_11631842.jpg,1,HB,hole_breakout,SOURCE_SPECIFIC,,,,,-3.53,box area 1.64% of the image; the median HB box covers 3.21%,,
LQ-00124,REVIEW_REQUIRED,class_consistency,class_size_outlier,dspcbsd-plus,Data_COCO/train2017/S_11758274.jpg,0,BMFO,base_material_foreign_object,SOURCE_SPECIFIC,,,,,3.65,box area 23.21% of the image; the median BMFO box covers 0.51%,,
LQ-00125,REVIEW_REQUIRED,class_consistency,class_size_outlier,dspcbsd-plus,Data_COCO/train2017/S_11762131.jpg,2,BMFO,base_material_foreign_object,SOURCE_SPECIFIC,,,,,4.26,box area 44.15% of the image; the median BMFO box covers 0.51%,,
LQ-00126,REVIEW_REQUIRED,class_consistency,class_size_outlier,dspcbsd-plus,Data_COCO/train2017/S_11767761.jpg,2,BMFO,base_material_foreign_object,SOURCE_SPECIFIC,,,,,3.9,box area 30.03% of the image; the median BMFO box covers 0.51%,,
LQ-00127,REVIEW_REQUIRED,class_consistency,class_size_outlier,dspcbsd-plus,Data_COCO/train2017/S_11832994.jpg,1,SC,spurious_copper,COMPATIBLE,,,,,3.55,box area 11.67% of the image; the median SC box covers 0.62%,,
LQ-00128,REVIEW_REQUIRED,class_consistency,class_size_outlier,dspcbsd-plus,Data_COCO/train2017/S_11833237.jpg,2,SP,spur,EXACT,,,,,3.85,box area 5.02% of the image; the median SP box covers 0.31%,,
LQ-00129,REVIEW_REQUIRED,class_consistency,class_size_outlier,dspcbsd-plus,Data_COCO/train2017/S_11833239.jpg,4,SP,spur,EXACT,,,,,3.59,box area 4.15% of the image; the median SP box covers 0.31%,,
LQ-00130,REVIEW_REQUIRED,class_consistency,class_size_outlier,dspcbsd-plus,Data_COCO/train2017/S_11833717.jpg,1,SP,spur,EXACT,,,,,3.7,box area 4.49% of the image; the median SP box covers 0.31%,,
LQ-00131,REVIEW_REQUIRED,class_consistency,class_size_outlier,dspcbsd-plus,Data_COCO/train2017/S_11833745.jpg,0,SP,spur,EXACT,,,,,3.87,box area 5.08% of the image; the median SP box covers 0.31%,,
LQ-00132,REVIEW_REQUIRED,class_consistency,class_size_outlier,dspcbsd-plus,Data_COCO/train2017/S_11833745.jpg,2,SP,spur,EXACT,,,,,3.58,box area 4.14% of the image; the median SP box covers 0.31%,,
LQ-00133,REVIEW_REQUIRED,class_consistency,class_size_outlier,dspcbsd-plus,Data_COCO/train2017/S_11833838.jpg,1,SP,spur,EXACT,,,,,3.71,box area 4.51% of the image; the median SP box covers 0.31%,,
LQ-00134,REVIEW_REQUIRED,class_consistency,class_size_outlier,dspcbsd-plus,Data_COCO/train2017/S_11845056.jpg,0,SP,spur,EXACT,,,,,5.07,box area 12.07% of the image; the median SP box covers 0.31%,,
LQ-00135,REVIEW_REQUIRED,class_consistency,class_size_outlier,dspcbsd-plus,Data_COCO/train2017/S_11853647.jpg,0,SC,spurious_copper,COMPATIBLE,,,,,3.58,box area 12.01% of the image; the median SC box covers 0.62%,,
LQ-00136,REVIEW_REQUIRED,class_consistency,class_size_outlier,dspcbsd-plus,Data_COCO/train2017/S_11854143.jpg,1,SP,spur,EXACT,,,,,4.65,box area 8.91% of the image; the median SP box covers 0.31%,,
LQ-00137,REVIEW_REQUIRED,class_consistency,class_size_outlier,dspcbsd-plus,Data_COCO/train2017/S_11918720.jpg,5,MB,mouse_bite,EXACT,,,,,4.05,box area 6.87% of the image; the median MB box covers 0.33%,,
LQ-00138,REVIEW_REQUIRED,class_consistency,class_size_outlier,dspcbsd-plus,Data_COCO/train2017/S_12074115.jpg,1,MB,mouse_bite,EXACT,,,,,3.87,box area 6.02% of the image; the median MB box covers 0.33%,,
LQ-00139,REVIEW_REQUIRED,class_consistency,class_size_outlier,dspcbsd-plus,Data_COCO/train2017/S_12085877.jpg,0,SP,spur,EXACT,,,,,3.68,box area 4.42% of the image; the median SP box covers 0.31%,,
LQ-00140,REVIEW_REQUIRED,class_consistency,class_size_outlier,dspcbsd-plus,Data_COCO/train2017/S_12127799.jpg,0,HB,hole_breakout,SOURCE_SPECIFIC,,,,,3.51,box area 6.25% of the image; the median HB box covers 3.21%,,
LQ-00141,REVIEW_REQUIRED,class_consistency,class_size_outlier,dspcbsd-plus,Data_COCO/train2017/S_12154867.jpg,0,HB,hole_breakout,SOURCE_SPECIFIC,,,,,3.61,box area 6.36% of the image; the median HB box covers 3.21%,,
LQ-00142,REVIEW_REQUIRED,class_consistency,class_size_outlier,dspcbsd-plus,Data_COCO/train2017/S_12214229.jpg,2,SC,spurious_copper,COMPATIBLE,,,,,3.58,box area 11.99% of the image; the median SC box covers 0.62%,,
LQ-00143,REVIEW_REQUIRED,class_consistency,class_size_outlier,dspcbsd-plus,Data_COCO/train2017/S_12214229.jpg,3,SC,spurious_copper,COMPATIBLE,,,,,4.08,box area 18.24% of the image; the median SC box covers 0.62%,,
LQ-00144,REVIEW_REQUIRED,class_consistency,class_size_outlier,dspcbsd-plus,Data_COCO/train2017/S_12214230.jpg,0,SC,spurious_copper,COMPATIBLE,,,,,3.88,box area 15.35% of the image; the median SC box covers 0.62%,,
LQ-00145,REVIEW_REQUIRED,class_consistency,class_size_outlier,dspcbsd-plus,Data_COCO/train2017/S_12214230.jpg,1,SC,spurious_copper,COMPATIBLE,,,,,3.96,box area 16.49% of the image; the median SC box covers 0.62%,,
LQ-00146,REVIEW_REQUIRED,class_consistency,class_size_outlier,dspcbsd-plus,Data_COCO/train2017/S_12214230.jpg,2,SC,spurious_copper,COMPATIBLE,,,,,4.5,box area 25.69% of the image; the median SC box covers 0.62%,,
LQ-00147,REVIEW_REQUIRED,class_consistency,class_size_outlier,dspcbsd-plus,Data_COCO/train2017/S_12220607.jpg,0,BMFO,base_material_foreign_object,SOURCE_SPECIFIC,,,,,4.28,box area 44.71% of the image; the median BMFO box covers 0.51%,,
LQ-00148,REVIEW_REQUIRED,class_consistency,class_size_outlier,dspcbsd-plus,Data_COCO/train2017/S_12232808.jpg,1,HB,hole_breakout,SOURCE_SPECIFIC,,,,,-3.63,box area 1.61% of the image; the median HB box covers 3.21%,,
LQ-00149,REVIEW_REQUIRED,class_consistency,class_size_outlier,dspcbsd-plus,Data_COCO/train2017/S_12236818.jpg,0,MB,mouse_bite,EXACT,,,,,4.08,box area 7.05% of the image; the median MB box covers 0.33%,,
LQ-00150,REVIEW_REQUIRED,class_consistency,class_size_outlier,dspcbsd-plus,Data_COCO/train2017/S_12451947.jpg,2,SP,spur,EXACT,,,,,4.21,box area 6.47% of the image; the median SP box covers 0.31%,,
LQ-00151,REVIEW_REQUIRED,class_consistency,class_size_outlier,dspcbsd-plus,Data_COCO/train2017/S_12466832.jpg,0,SP,spur,EXACT,,,,,3.75,box area 4.65% of the image; the median SP box covers 0.31%,,
LQ-00152,REVIEW_REQUIRED,class_consistency,class_size_outlier,dspcbsd-plus,Data_COCO/train2017/S_12467447.jpg,0,BMFO,base_material_foreign_object,SOURCE_SPECIFIC,,,,,3.57,box area 21.30% of the image; the median BMFO box covers 0.51%,,
LQ-00153,REVIEW_REQUIRED,class_consistency,class_size_outlier,dspcbsd-plus,Data_COCO/train2017/S_12615468.jpg,1,BMFO,base_material_foreign_object,SOURCE_SPECIFIC,,,,,3.82,box area 27.90% of the image; the median BMFO box covers 0.51%,,
LQ-00154,REVIEW_REQUIRED,class_consistency,class_size_outlier,dspcbsd-plus,Data_COCO/train2017/S_12616660.jpg,0,SP,spur,EXACT,,,,,3.56,box area 4.06% of the image; the median SP box covers 0.31%,,
LQ-00155,REVIEW_REQUIRED,class_consistency,class_size_outlier,dspcbsd-plus,Data_COCO/train2017/S_12617221.jpg,0,SP,spur,EXACT,,,,,3.78,box area 4.76% of the image; the median SP box covers 0.31%,,
LQ-00156,REVIEW_REQUIRED,class_consistency,class_size_outlier,dspcbsd-plus,Data_COCO/train2017/Y_000305.jpg,2,SC,spurious_copper,COMPATIBLE,,,,,3.55,box area 11.70% of the image; the median SC box covers 0.62%,,
LQ-00157,REVIEW_REQUIRED,class_consistency,class_size_outlier,dspcbsd-plus,Data_COCO/train2017/Y_000467.jpg,0,BMFO,base_material_foreign_object,SOURCE_SPECIFIC,,,,,3.54,box area 20.68% of the image; the median BMFO box covers 0.51%,,
LQ-00158,REVIEW_REQUIRED,class_consistency,class_size_outlier,dspcbsd-plus,Data_COCO/train2017/Y_000698.jpg,3,HB,hole_breakout,SOURCE_SPECIFIC,,,,,-4.1,box area 1.48% of the image; the median HB box covers 3.21%,,
LQ-00159,REVIEW_REQUIRED,class_consistency,class_size_outlier,dspcbsd-plus,Data_COCO/train2017/Y_001257.jpg,0,BMFO,base_material_foreign_object,SOURCE_SPECIFIC,,,,,4.72,box area 71.24% of the image; the median BMFO box covers 0.51%,,
LQ-00160,REVIEW_REQUIRED,class_consistency,class_size_outlier,dspcbsd-plus,Data_COCO/train2017/Y_001451.jpg,1,MB,mouse_bite,EXACT,,,,,3.71,box area 5.36% of the image; the median MB box covers 0.33%,,
LQ-00161,REVIEW_REQUIRED,class_consistency,class_size_outlier,dspcbsd-plus,Data_COCO/train2017/Y_001452.jpg,2,MB,mouse_bite,EXACT,,,,,4.37,box area 8.74% of the image; the median MB box covers 0.33%,,
LQ-00162,REVIEW_REQUIRED,class_consistency,class_size_outlier,dspcbsd-plus,Data_COCO/train2017/Y_001820.jpg,0,BMFO,base_material_foreign_object,SOURCE_SPECIFIC,,,,,3.53,box area 20.53% of the image; the median BMFO box covers 0.51%,,
LQ-00163,REVIEW_REQUIRED,class_consistency,class_size_outlier,dspcbsd-plus,Data_COCO/train2017/Y_001826.jpg,0,BMFO,base_material_foreign_object,SOURCE_SPECIFIC,,,,,3.63,box area 22.70% of the image; the median BMFO box covers 0.51%,,
LQ-00164,REVIEW_REQUIRED,class_consistency,class_size_outlier,dspcbsd-plus,Data_COCO/train2017/Y_001827.jpg,0,BMFO,base_material_foreign_object,SOURCE_SPECIFIC,,,,,3.98,box area 32.97% of the image; the median BMFO box covers 0.51%,,
LQ-00165,REVIEW_REQUIRED,class_consistency,class_size_outlier,dspcbsd-plus,Data_COCO/train2017/Y_001926.jpg,0,BMFO,base_material_foreign_object,SOURCE_SPECIFIC,,,,,3.92,box area 30.86% of the image; the median BMFO box covers 0.51%,,
LQ-00166,REVIEW_REQUIRED,class_consistency,class_size_outlier,dspcbsd-plus,Data_COCO/train2017/Y_001927.jpg,0,BMFO,base_material_foreign_object,SOURCE_SPECIFIC,,,,,4.02,box area 34.36% of the image; the median BMFO box covers 0.51%,,
LQ-00167,REVIEW_REQUIRED,class_consistency,class_size_outlier,dspcbsd-plus,Data_COCO/train2017/Y_002386.jpg,0,BMFO,base_material_foreign_object,SOURCE_SPECIFIC,,,,,4.7,box area 69.47% of the image; the median BMFO box covers 0.51%,,
LQ-00168,REVIEW_REQUIRED,class_consistency,class_size_outlier,dspcbsd-plus,Data_COCO/train2017/Y_002387.jpg,0,BMFO,base_material_foreign_object,SOURCE_SPECIFIC,,,,,4.79,box area 76.99% of the image; the median BMFO box covers 0.51%,,
LQ-00169,REVIEW_REQUIRED,class_consistency,class_size_outlier,dspcbsd-plus,Data_COCO/train2017/Y_002531.jpg,0,BMFO,base_material_foreign_object,SOURCE_SPECIFIC,,,,,3.51,box area 19.97% of the image; the median BMFO box covers 0.51%,,
LQ-00170,REVIEW_REQUIRED,class_consistency,class_size_outlier,dspcbsd-plus,Data_COCO/train2017/Y_004841.jpg,0,HB,hole_breakout,SOURCE_SPECIFIC,,,,,-3.94,box area 1.52% of the image; the median HB box covers 3.21%,,
LQ-00171,REVIEW_REQUIRED,class_consistency,class_size_outlier,dspcbsd-plus,Data_COCO/train2017/Y_009371.jpg,0,SC,spurious_copper,COMPATIBLE,,,,,5.49,box area 58.44% of the image; the median SC box covers 0.62%,,
LQ-00172,REVIEW_REQUIRED,class_consistency,class_size_outlier,dspcbsd-plus,Data_COCO/val2017/0103984.jpg,0,MB,mouse_bite,EXACT,,,,,4.39,box area 8.91% of the image; the median MB box covers 0.33%,,
LQ-00173,REVIEW_REQUIRED,class_consistency,class_size_outlier,dspcbsd-plus,Data_COCO/val2017/0273884.jpg,1,BMFO,base_material_foreign_object,SOURCE_SPECIFIC,,,,,3.98,box area 32.74% of the image; the median BMFO box covers 0.51%,,
LQ-00174,REVIEW_REQUIRED,class_consistency,class_size_outlier,dspcbsd-plus,Data_COCO/val2017/0370610.jpg,0,BMFO,base_material_foreign_object,SOURCE_SPECIFIC,,,,,3.92,box area 30.96% of the image; the median BMFO box covers 0.51%,,
LQ-00175,REVIEW_REQUIRED,class_consistency,class_size_outlier,dspcbsd-plus,Data_COCO/val2017/0392022.jpg,4,HB,hole_breakout,SOURCE_SPECIFIC,,,,,-5.21,box area 1.20% of the image; the median HB box covers 3.21%,,
LQ-00176,REVIEW_REQUIRED,class_consistency,class_size_outlier,dspcbsd-plus,Data_COCO/val2017/0394636.jpg,0,BMFO,base_material_foreign_object,SOURCE_SPECIFIC,,,,,3.71,box area 24.67% of the image; the median BMFO box covers 0.51%,,
LQ-00177,REVIEW_REQUIRED,class_consistency,class_size_outlier,dspcbsd-plus,Data_COCO/val2017/0420193.jpg,0,SP,spur,EXACT,,,,,5.22,box area 13.44% of the image; the median SP box covers 0.31%,,
LQ-00178,REVIEW_REQUIRED,class_consistency,class_size_outlier,dspcbsd-plus,Data_COCO/val2017/1006_data.jpg,1,SP,spur,EXACT,,,,,6.45,box area 32.64% of the image; the median SP box covers 0.31%,,
LQ-00179,REVIEW_REQUIRED,class_consistency,class_size_outlier,dspcbsd-plus,Data_COCO/val2017/1006_data.jpg,2,SP,spur,EXACT,,,,,4.89,box area 10.56% of the image; the median SP box covers 0.31%,,
LQ-00180,REVIEW_REQUIRED,class_consistency,class_size_outlier,dspcbsd-plus,Data_COCO/val2017/1181_data.jpg,0,SH,short,EXACT,,,,,4.98,box area 57.79% of the image; the median SH box covers 1.41%,,
LQ-00181,REVIEW_REQUIRED,class_consistency,class_size_outlier,dspcbsd-plus,Data_COCO/val2017/1348_data.jpg,0,SH,short,EXACT,,,,,4.03,box area 28.62% of the image; the median SH box covers 1.41%,,
LQ-00182,REVIEW_REQUIRED,class_consistency,class_size_outlier,dspcbsd-plus,Data_COCO/val2017/1368_data.jpg,2,SP,spur,EXACT,,,,,3.71,box area 4.54% of the image; the median SP box covers 0.31%,,
LQ-00183,REVIEW_REQUIRED,class_consistency,class_size_outlier,dspcbsd-plus,Data_COCO/val2017/1996_data.jpg,0,SH,short,EXACT,,,,,4.01,box area 28.15% of the image; the median SH box covers 1.41%,,
LQ-00184,REVIEW_REQUIRED,class_consistency,class_size_outlier,dspcbsd-plus,Data_COCO/val2017/2012_data.jpg,0,SP,spur,EXACT,,,,,4.55,box area 8.31% of the image; the median SP box covers 0.31%,,
LQ-00185,REVIEW_REQUIRED,class_consistency,class_size_outlier,dspcbsd-plus,Data_COCO/val2017/2012_data.jpg,1,SH,short,EXACT,,,,,3.54,box area 19.75% of the image; the median SH box covers 1.41%,,
LQ-00186,REVIEW_REQUIRED,class_consistency,class_size_outlier,dspcbsd-plus,Data_COCO/val2017/912_data.jpg,0,SH,short,EXACT,,,,,5.26,box area 71.55% of the image; the median SH box covers 1.41%,,
LQ-00187,REVIEW_REQUIRED,class_consistency,class_size_outlier,dspcbsd-plus,Data_COCO/val2017/982_data.jpg,0,MB,mouse_bite,EXACT,,,,,5.98,box area 29.42% of the image; the median MB box covers 0.33%,,
LQ-00188,REVIEW_REQUIRED,class_consistency,class_size_outlier,dspcbsd-plus,Data_COCO/val2017/E_004842.jpg,0,BMFO,base_material_foreign_object,SOURCE_SPECIFIC,,,,,4.12,box area 38.16% of the image; the median BMFO box covers 0.51%,,
LQ-00189,REVIEW_REQUIRED,class_consistency,class_size_outlier,dspcbsd-plus,Data_COCO/val2017/S_10046125.jpg,1,HB,hole_breakout,SOURCE_SPECIFIC,,,,,-4.92,box area 1.26% of the image; the median HB box covers 3.21%,,
LQ-00190,REVIEW_REQUIRED,class_consistency,class_size_outlier,dspcbsd-plus,Data_COCO/val2017/S_10098185.jpg,0,SP,spur,EXACT,,,,,3.75,box area 4.67% of the image; the median SP box covers 0.31%,,
LQ-00191,REVIEW_REQUIRED,class_consistency,class_size_outlier,dspcbsd-plus,Data_COCO/val2017/S_10279489.jpg,0,BMFO,base_material_foreign_object,SOURCE_SPECIFIC,,,,,4.15,box area 39.38% of the image; the median BMFO box covers 0.51%,,
LQ-00192,REVIEW_REQUIRED,class_consistency,class_size_outlier,dspcbsd-plus,Data_COCO/val2017/S_10279866.jpg,1,BMFO,base_material_foreign_object,SOURCE_SPECIFIC,,,,,3.93,box area 31.24% of the image; the median BMFO box covers 0.51%,,
LQ-00193,REVIEW_REQUIRED,class_consistency,class_size_outlier,dspcbsd-plus,Data_COCO/val2017/S_10292947.jpg,0,HB,hole_breakout,SOURCE_SPECIFIC,,,,,3.88,box area 6.70% of the image; the median HB box covers 3.21%,,
LQ-00194,REVIEW_REQUIRED,class_consistency,class_size_outlier,dspcbsd-plus,Data_COCO/val2017/S_10293640.jpg,0,SP,spur,EXACT,,,,,4.18,box area 6.33% of the image; the median SP box covers 0.31%,,
LQ-00195,REVIEW_REQUIRED,class_consistency,class_size_outlier,dspcbsd-plus,Data_COCO/val2017/S_10309487.jpg,0,SC,spurious_copper,COMPATIBLE,,,,,3.62,box area 12.44% of the image; the median SC box covers 0.62%,,
LQ-00196,REVIEW_REQUIRED,class_consistency,class_size_outlier,dspcbsd-plus,Data_COCO/val2017/S_10309489.jpg,0,SC,spurious_copper,COMPATIBLE,,,,,4.1,box area 18.52% of the image; the median SC box covers 0.62%,,
LQ-00197,REVIEW_REQUIRED,class_consistency,class_size_outlier,dspcbsd-plus,Data_COCO/val2017/S_11014398.jpg,1,BMFO,base_material_foreign_object,SOURCE_SPECIFIC,,,,,4.19,box area 40.98% of the image; the median BMFO box covers 0.51%,,
LQ-00198,REVIEW_REQUIRED,class_consistency,class_size_outlier,dspcbsd-plus,Data_COCO/val2017/S_11016457.jpg,2,MB,mouse_bite,EXACT,,,,,3.75,box area 5.50% of the image; the median MB box covers 0.33%,,
LQ-00199,REVIEW_REQUIRED,class_consistency,class_size_outlier,dspcbsd-plus,Data_COCO/val2017/S_11226244.jpg,1,MB,mouse_bite,EXACT,,,,,4.01,box area 6.69% of the image; the median MB box covers 0.33%,,
LQ-00200,REVIEW_REQUIRED,class_consistency,class_size_outlier,dspcbsd-plus,Data_COCO/val2017/S_11379101.jpg,0,SC,spurious_copper,COMPATIBLE,,,,,5.26,box area 48.26% of the image; the median SC box covers 0.62%,,
LQ-00201,REVIEW_REQUIRED,class_consistency,class_size_outlier,dspcbsd-plus,Data_COCO/val2017/S_11462597.jpg,0,MB,mouse_bite,EXACT,,,,,3.85,box area 5.91% of the image; the median MB box covers 0.33%,,
LQ-00202,REVIEW_REQUIRED,class_consistency,class_size_outlier,dspcbsd-plus,Data_COCO/val2017/S_11534893.jpg,0,SP,spur,EXACT,,,,,4.15,box area 6.23% of the image; the median SP box covers 0.31%,,
LQ-00203,REVIEW_REQUIRED,class_consistency,class_size_outlier,dspcbsd-plus,Data_COCO/val2017/S_11624246.jpg,0,SP,spur,EXACT,,,,,3.54,box area 4.02% of the image; the median SP box covers 0.31%,,
LQ-00204,REVIEW_REQUIRED,class_consistency,class_size_outlier,dspcbsd-plus,Data_COCO/val2017/S_11626474.jpg,0,BMFO,base_material_foreign_object,SOURCE_SPECIFIC,,,,,4.24,box area 43.19% of the image; the median BMFO box covers 0.51%,,
LQ-00205,REVIEW_REQUIRED,class_consistency,class_size_outlier,dspcbsd-plus,Data_COCO/val2017/S_11626474.jpg,1,BMFO,base_material_foreign_object,SOURCE_SPECIFIC,,,,,3.83,box area 28.12% of the image; the median BMFO box covers 0.51%,,
LQ-00206,REVIEW_REQUIRED,class_consistency,class_size_outlier,dspcbsd-plus,Data_COCO/val2017/S_11833654.jpg,1,SP,spur,EXACT,,,,,3.78,box area 4.77% of the image; the median SP box covers 0.31%,,
LQ-00207,REVIEW_REQUIRED,class_consistency,class_size_outlier,dspcbsd-plus,Data_COCO/val2017/S_11833659.jpg,2,SP,spur,EXACT,,,,,3.9,box area 5.19% of the image; the median SP box covers 0.31%,,
LQ-00208,REVIEW_REQUIRED,class_consistency,class_size_outlier,dspcbsd-plus,Data_COCO/val2017/S_11833664.jpg,0,SP,spur,EXACT,,,,,4.57,box area 8.40% of the image; the median SP box covers 0.31%,,
LQ-00209,REVIEW_REQUIRED,class_consistency,class_size_outlier,dspcbsd-plus,Data_COCO/val2017/S_12336617.jpg,0,HB,hole_breakout,SOURCE_SPECIFIC,,,,,3.75,box area 6.54% of the image; the median HB box covers 3.21%,,
LQ-00210,REVIEW_REQUIRED,class_consistency,class_size_outlier,dspcbsd-plus,Data_COCO/val2017/S_12368741.jpg,0,HB,hole_breakout,SOURCE_SPECIFIC,,,,,-3.75,box area 1.58% of the image; the median HB box covers 3.21%,,
LQ-00211,REVIEW_REQUIRED,class_consistency,class_size_outlier,dspcbsd-plus,Data_COCO/val2017/S_12511054.jpg,0,SP,spur,EXACT,,,,,4.79,box area 9.86% of the image; the median SP box covers 0.31%,,
LQ-00212,REVIEW_REQUIRED,class_consistency,class_size_outlier,dspcbsd-plus,Data_COCO/val2017/Y_000680.jpg,1,HB,hole_breakout,SOURCE_SPECIFIC,,,,,-4.08,box area 1.48% of the image; the median HB box covers 3.21%,,
LQ-00213,REVIEW_REQUIRED,class_consistency,class_size_outlier,dspcbsd-plus,Data_COCO/val2017/Y_000812.jpg,1,HB,hole_breakout,SOURCE_SPECIFIC,,,,,-3.79,box area 1.57% of the image; the median HB box covers 3.21%,,
LQ-00214,REVIEW_REQUIRED,class_consistency,class_size_outlier,dspcbsd-plus,Data_COCO/val2017/Y_001255.jpg,3,BMFO,base_material_foreign_object,SOURCE_SPECIFIC,,,,,4.25,box area 43.45% of the image; the median BMFO box covers 0.51%,,
LQ-00215,REVIEW_REQUIRED,class_consistency,class_size_outlier,pcb-defect,PCB_Defect/images/pcb_defect_096.jpg,6,open_circuit,open,EXACT,,,,,-4.01,box area 0.01% of the image; the median open_circuit box covers 0.07%,,
LQ-00216,REVIEW_REQUIRED,class_consistency,class_size_outlier,pcb-defect,PCB_Defect/images/pcb_defect_097.jpg,0,open_circuit,open,EXACT,,,,,-3.9,box area 0.01% of the image; the median open_circuit box covers 0.07%,,
LQ-00217,REVIEW_REQUIRED,class_consistency,class_size_outlier,pcb-defect,PCB_Defect/images/pcb_defect_097.jpg,7,spur,spur,EXACT,,,,,-3.57,box area 0.01% of the image; the median spur box covers 0.09%,,
LQ-00218,REVIEW_REQUIRED,class_consistency,class_size_outlier,pcb-defect,PCB_Defect/images/pcb_defect_097.jpg,8,spur,spur,EXACT,,,,,-3.68,box area 0.01% of the image; the median spur box covers 0.09%,,
LQ-00219,REVIEW_REQUIRED,class_consistency,class_size_outlier,pcb-defect,PCB_Defect/images/pcb_defect_170.jpg,8,short,short,EXACT,,,,,-3.82,box area 0.02% of the image; the median short box covers 0.13%,,
LQ-00220,REVIEW_REQUIRED,class_consistency,class_size_outlier,pcb-defect,PCB_Defect/images/pcb_defect_194.jpg,3,open_circuit,open,EXACT,,,,,-3.69,box area 0.01% of the image; the median open_circuit box covers 0.07%,,
LQ-00221,REVIEW_REQUIRED,class_consistency,class_size_outlier,pcb-defect,PCB_Defect/images/pcb_defect_204.jpg,4,short,short,EXACT,,,,,-3.62,box area 0.02% of the image; the median short box covers 0.13%,,
LQ-00222,REVIEW_REQUIRED,class_consistency,class_size_outlier,pcb-defect,PCB_Defect/images/pcb_defect_213.jpg,7,spur,spur,EXACT,,,,,-3.53,box area 0.01% of the image; the median spur box covers 0.09%,,
LQ-00223,REVIEW_REQUIRED,class_consistency,class_size_outlier,pcb-defect,PCB_Defect/images/pcb_defect_213.jpg,9,spur,spur,EXACT,,,,,-3.69,box area 0.01% of the image; the median spur box covers 0.09%,,
LQ-00224,REVIEW_REQUIRED,class_consistency,class_size_outlier,pcb-defect,PCB_Defect/images/pcb_defect_214.jpg,8,open_circuit,open,EXACT,,,,,-6.72,box area 0.00% of the image; the median open_circuit box covers 0.07%,,
LQ-00225,REVIEW_REQUIRED,class_consistency,class_size_outlier,pcb-defect,PCB_Defect/images/pcb_defect_214.jpg,9,spur,spur,EXACT,,,,,-4.61,box area 0.01% of the image; the median spur box covers 0.09%,,
LQ-00226,REVIEW_REQUIRED,class_consistency,class_size_outlier,pcb-defect,PCB_Defect/images/pcb_defect_214.jpg,10,spur,spur,EXACT,,,,,-4.28,box area 0.01% of the image; the median spur box covers 0.09%,,
LQ-00227,REVIEW_REQUIRED,class_consistency,class_size_outlier,pcb-defect,PCB_Defect/images/pcb_defect_214.jpg,12,spur,spur,EXACT,,,,,-4.05,box area 0.01% of the image; the median spur box covers 0.09%,,
LQ-00228,REVIEW_REQUIRED,class_consistency,class_size_outlier,pcb-ind,YOLO/images/test/5897_b_053.jpg,0,mouse_bite,mouse_bite,EXACT,,,,,4.08,box area 33.58% of the image; the median mouse_bite box covers 0.58%,,
LQ-00229,REVIEW_REQUIRED,class_consistency,class_size_outlier,pcb-ind,YOLO/images/test/6103_b_002.jpg,0,scratch,scratch,COMPATIBLE,,,,,-9.79,box area 1.03% of the image; the median scratch box covers 73.03%,,
LQ-00230,REVIEW_REQUIRED,class_consistency,class_size_outlier,pcb-ind,YOLO/images/test/6108_t_016.jpg,0,short,short,EXACT,,,,,4.19,box area 13.38% of the image; the median short box covers 1.19%,,
LQ-00231,REVIEW_REQUIRED,class_consistency,class_size_outlier,pcb-ind,YOLO/images/test/6108_t_017.jpg,0,short,short,EXACT,,,,,4.2,box area 13.44% of the image; the median short box covers 1.19%,,
LQ-00232,REVIEW_REQUIRED,class_consistency,class_size_outlier,pcb-ind,YOLO/images/test/6201_b_018.jpg,0,scratch,scratch,COMPATIBLE,,,,,-4.72,box area 9.38% of the image; the median scratch box covers 73.03%,,
LQ-00233,REVIEW_REQUIRED,class_consistency,class_size_outlier,pcb-ind,YOLO/images/test/6223_t_004.jpg,0,scratch,scratch,COMPATIBLE,,,,,-8.91,box area 1.51% of the image; the median scratch box covers 73.03%,,
LQ-00234,REVIEW_REQUIRED,class_consistency,class_size_outlier,pcb-ind,YOLO/images/test/6334_t_097.jpg,1,scratch,scratch,COMPATIBLE,,,,,-3.73,box area 14.44% of the image; the median scratch box covers 73.03%,,
LQ-00235,REVIEW_REQUIRED,class_consistency,class_size_outlier,pcb-ind,YOLO/images/test/6334_t_108.jpg,0,missing_copper,missing_copper,SOURCE_SPECIFIC,,,,,3.94,box area 84.38% of the image; the median missing_copper box covers 1.38%,,
LQ-00236,REVIEW_REQUIRED,class_consistency,class_size_outlier,pcb-ind,YOLO/images/test/6334_t_115.jpg,0,missing_copper,missing_copper,SOURCE_SPECIFIC,,,,,3.87,box area 78.51% of the image; the median missing_copper box covers 1.38%,,
LQ-00237,REVIEW_REQUIRED,class_consistency,class_size_outlier,pcb-ind,YOLO/images/test/6334_t_133.jpg,0,scratch,scratch,COMPATIBLE,,,,,-3.7,box area 14.59% of the image; the median scratch box covers 73.03%,,
LQ-00238,REVIEW_REQUIRED,class_consistency,class_size_outlier,pcb-ind,YOLO/images/test/6334_t_141.jpg,0,missing_copper,missing_copper,SOURCE_SPECIFIC,,,,,4.06,box area 96.20% of the image; the median missing_copper box covers 1.38%,,
LQ-00239,REVIEW_REQUIRED,class_consistency,class_size_outlier,pcb-ind,YOLO/images/test/6334_t_191.jpg,0,scratch,scratch,COMPATIBLE,,,,,-3.7,box area 14.63% of the image; the median scratch box covers 73.03%,,
LQ-00240,REVIEW_REQUIRED,class_consistency,class_size_outlier,pcb-ind,YOLO/images/test/6571_b_015.jpg,0,scratch,scratch,COMPATIBLE,,,,,-9.95,box area 0.96% of the image; the median scratch box covers 73.03%,,
LQ-00241,REVIEW_REQUIRED,class_consistency,class_size_outlier,pcb-ind,YOLO/images/test/6573_t_021.jpg,0,scratch,scratch,COMPATIBLE,,,,,-4.91,box area 8.63% of the image; the median scratch box covers 73.03%,,
LQ-00242,REVIEW_REQUIRED,class_consistency,class_size_outlier,pcb-ind,YOLO/images/test/9287_t_235.jpg,0,scratch,scratch,COMPATIBLE,,,,,-7.81,box area 2.45% of the image; the median scratch box covers 73.03%,,
LQ-00243,REVIEW_REQUIRED,class_consistency,class_size_outlier,pcb-ind,YOLO/images/test/9287_t_235.jpg,1,scratch,scratch,COMPATIBLE,,,,,-5.62,box area 6.33% of the image; the median scratch box covers 73.03%,,
LQ-00244,REVIEW_REQUIRED,class_consistency,class_size_outlier,pcb-ind,YOLO/images/test/9287_t_253.jpg,0,scratch,scratch,COMPATIBLE,,,,,-4.96,box area 8.45% of the image; the median scratch box covers 73.03%,,
LQ-00245,REVIEW_REQUIRED,class_consistency,class_size_outlier,pcb-ind,YOLO/images/train/5801_b_001.jpg,0,scratch,scratch,COMPATIBLE,,,,,-8.62,box area 1.72% of the image; the median scratch box covers 73.03%,,
LQ-00246,REVIEW_REQUIRED,class_consistency,class_size_outlier,pcb-ind,YOLO/images/train/5801_b_057.jpg,0,scratch,scratch,COMPATIBLE,,,,,-4.7,box area 9.46% of the image; the median scratch box covers 73.03%,,
LQ-00247,REVIEW_REQUIRED,class_consistency,class_size_outlier,pcb-ind,YOLO/images/train/5802_b_002.jpg,0,scratch,scratch,COMPATIBLE,,,,,-9.83,box area 1.02% of the image; the median scratch box covers 73.03%,,
LQ-00248,REVIEW_REQUIRED,class_consistency,class_size_outlier,pcb-ind,YOLO/images/train/5802_t_216.jpg,2,scratch,scratch,COMPATIBLE,,,,,-3.81,box area 13.91% of the image; the median scratch box covers 73.03%,,
LQ-00249,REVIEW_REQUIRED,class_consistency,class_size_outlier,pcb-ind,YOLO/images/train/5802_t_230.jpg,1,scratch,scratch,COMPATIBLE,,,,,-9.15,box area 1.36% of the image; the median scratch box covers 73.03%,,
LQ-00250,REVIEW_REQUIRED,class_consistency,class_size_outlier,pcb-ind,YOLO/images/train/5806_b_002.jpg,0,scratch,scratch,COMPATIBLE,,,,,-10.4,box area 0.79% of the image; the median scratch box covers 73.03%,,
LQ-00251,REVIEW_REQUIRED,class_consistency,class_size_outlier,pcb-ind,YOLO/images/train/5806_b_016.jpg,0,scratch,scratch,COMPATIBLE,,,,,-9.07,box area 1.41% of the image; the median scratch box covers 73.03%,,
LQ-00252,REVIEW_REQUIRED,class_consistency,class_size_outlier,pcb-ind,YOLO/images/train/5812_b_018.jpg,0,scratch,scratch,COMPATIBLE,,,,,-9.96,box area 0.96% of the image; the median scratch box covers 73.03%,,
LQ-00253,REVIEW_REQUIRED,class_consistency,class_size_outlier,pcb-ind,YOLO/images/train/5821_t_016.jpg,0,scratch,scratch,COMPATIBLE,,,,,-5.87,box area 5.68% of the image; the median scratch box covers 73.03%,,
LQ-00254,REVIEW_REQUIRED,class_consistency,class_size_outlier,pcb-ind,YOLO/images/train/5830_b_049.jpg,0,missing_copper,missing_copper,SOURCE_SPECIFIC,,,,,3.59,box area 58.55% of the image; the median missing_copper box covers 1.38%,,
LQ-00255,REVIEW_REQUIRED,class_consistency,class_size_outlier,pcb-ind,YOLO/images/train/5919_b_032.jpg,0,scratch,scratch,COMPATIBLE,,,,,-5.37,box area 7.07% of the image; the median scratch box covers 73.03%,,
LQ-00256,REVIEW_REQUIRED,class_consistency,class_size_outlier,pcb-ind,YOLO/images/train/5946_t_003.jpg,0,scratch,scratch,COMPATIBLE,,,,,-6.74,box area 3.89% of the image; the median scratch box covers 73.03%,,
LQ-00257,REVIEW_REQUIRED,class_consistency,class_size_outlier,pcb-ind,YOLO/images/train/6088_b_032.jpg,0,scratch,scratch,COMPATIBLE,,,,,-4.42,box area 10.69% of the image; the median scratch box covers 73.03%,,
LQ-00258,REVIEW_REQUIRED,class_consistency,class_size_outlier,pcb-ind,YOLO/images/train/6089_t_035.jpg,0,scratch,scratch,COMPATIBLE,,,,,-4.19,box area 11.79% of the image; the median scratch box covers 73.03%,,
LQ-00259,REVIEW_REQUIRED,class_consistency,class_size_outlier,pcb-ind,YOLO/images/train/6090_b_002.jpg,0,scratch,scratch,COMPATIBLE,,,,,-4.92,box area 8.61% of the image; the median scratch box covers 73.03%,,
LQ-00260,REVIEW_REQUIRED,class_consistency,class_size_outlier,pcb-ind,YOLO/images/train/6090_t_002.jpg,0,mouse_bite,mouse_bite,EXACT,,,,,4.23,box area 39.09% of the image; the median mouse_bite box covers 0.58%,,
LQ-00261,REVIEW_REQUIRED,class_consistency,class_size_outlier,pcb-ind,YOLO/images/train/6090_t_003.jpg,1,missing_copper,missing_copper,SOURCE_SPECIFIC,,,,,-4.09,box area 0.02% of the image; the median missing_copper box covers 1.38%,,
LQ-00262,REVIEW_REQUIRED,class_consistency,class_size_outlier,pcb-ind,YOLO/images/train/6090_t_004.jpg,0,mouse_bite,mouse_bite,EXACT,,,,,3.58,box area 20.39% of the image; the median mouse_bite box covers 0.58%,,
LQ-00263,REVIEW_REQUIRED,class_consistency,class_size_outlier,pcb-ind,YOLO/images/train/6092_t_002.jpg,0,scratch,scratch,COMPATIBLE,,,,,-6.32,box area 4.68% of the image; the median scratch box covers 73.03%,,
LQ-00264,REVIEW_REQUIRED,class_consistency,class_size_outlier,pcb-ind,YOLO/images/train/6096_b_001.jpg,0,scratch,scratch,COMPATIBLE,,,,,-6.09,box area 5.16% of the image; the median scratch box covers 73.03%,,
LQ-00265,REVIEW_REQUIRED,class_consistency,class_size_outlier,pcb-ind,YOLO/images/train/6096_b_008.jpg,0,scratch,scratch,COMPATIBLE,,,,,-9.85,box area 1.00% of the image; the median scratch box covers 73.03%,,
LQ-00266,REVIEW_REQUIRED,class_consistency,class_size_outlier,pcb-ind,YOLO/images/train/6102_b_011.jpg,0,scratch,scratch,COMPATIBLE,,,,,-7.3,box area 3.05% of the image; the median scratch box covers 73.03%,,
LQ-00267,REVIEW_REQUIRED,class_consistency,class_size_outlier,pcb-ind,YOLO/images/train/6123_b_001.jpg,0,scratch,scratch,COMPATIBLE,,,,,-11.97,box area 0.40% of the image; the median scratch box covers 73.03%,,
LQ-00268,REVIEW_REQUIRED,class_consistency,class_size_outlier,pcb-ind,YOLO/images/train/6145_b_001.jpg,0,short,short,EXACT,,,,,4.26,box area 13.92% of the image; the median short box covers 1.19%,,
LQ-00269,REVIEW_REQUIRED,class_consistency,class_size_outlier,pcb-ind,YOLO/images/train/6211_t_006.jpg,0,short,short,EXACT,,,,,3.82,box area 10.83% of the image; the median short box covers 1.19%,,
LQ-00270,REVIEW_REQUIRED,class_consistency,class_size_outlier,pcb-ind,YOLO/images/train/6212_t_011.jpg,0,scratch,scratch,COMPATIBLE,,,,,-8.94,box area 1.50% of the image; the median scratch box covers 73.03%,,
LQ-00271,REVIEW_REQUIRED,class_consistency,class_size_outlier,pcb-ind,YOLO/images/train/6222_b_146.jpg,0,scratch,scratch,COMPATIBLE,,,,,-8.02,box area 2.23% of the image; the median scratch box covers 73.03%,,
LQ-00272,REVIEW_REQUIRED,class_consistency,class_size_outlier,pcb-ind,YOLO/images/train/6235_b_005.jpg,0,scratch,scratch,COMPATIBLE,,,,,-8.71,box area 1.65% of the image; the median scratch box covers 73.03%,,
LQ-00273,REVIEW_REQUIRED,class_consistency,class_size_outlier,pcb-ind,YOLO/images/train/6235_b_058.jpg,0,mouse_bite,mouse_bite,EXACT,,,,,3.74,box area 23.86% of the image; the median mouse_bite box covers 0.58%,,
LQ-00274,REVIEW_REQUIRED,class_consistency,class_size_outlier,pcb-ind,YOLO/images/train/6244_b_001.jpg,0,scratch,scratch,COMPATIBLE,,,,,-7.05,box area 3.41% of the image; the median scratch box covers 73.03%,,
LQ-00275,REVIEW_REQUIRED,class_consistency,class_size_outlier,pcb-ind,YOLO/images/train/6245_b_017.jpg,0,scratch,scratch,COMPATIBLE,,,,,-5.92,box area 5.56% of the image; the median scratch box covers 73.03%,,
LQ-00276,REVIEW_REQUIRED,class_consistency,class_size_outlier,pcb-ind,YOLO/images/train/6251_t_002.jpg,0,scratch,scratch,COMPATIBLE,,,,,-7.35,box area 2.98% of the image; the median scratch box covers 73.03%,,
LQ-00277,REVIEW_REQUIRED,class_consistency,class_size_outlier,pcb-ind,YOLO/images/train/6254_t_002.jpg,0,scratch,scratch,COMPATIBLE,,,,,-5.42,box area 6.90% of the image; the median scratch box covers 73.03%,,
LQ-00278,REVIEW_REQUIRED,class_consistency,class_size_outlier,pcb-ind,YOLO/images/train/6296_b_007.jpg,0,scratch,scratch,COMPATIBLE,,,,,-3.6,box area 15.29% of the image; the median scratch box covers 73.03%,,
LQ-00279,REVIEW_REQUIRED,class_consistency,class_size_outlier,pcb-ind,YOLO/images/train/6310_b_004.jpg,0,scratch,scratch,COMPATIBLE,,,,,-8.87,box area 1.54% of the image; the median scratch box covers 73.03%,,
LQ-00280,REVIEW_REQUIRED,class_consistency,class_size_outlier,pcb-ind,YOLO/images/train/6311_b_005.jpg,0,scratch,scratch,COMPATIBLE,,,,,-4.81,box area 9.01% of the image; the median scratch box covers 73.03%,,
LQ-00281,REVIEW_REQUIRED,class_consistency,class_size_outlier,pcb-ind,YOLO/images/train/6329_b_005.jpg,0,short,short,EXACT,,,,,3.51,box area 9.07% of the image; the median short box covers 1.19%,,
LQ-00282,REVIEW_REQUIRED,class_consistency,class_size_outlier,pcb-ind,YOLO/images/train/6329_b_054.jpg,0,missing_copper,missing_copper,SOURCE_SPECIFIC,,,,,3.79,box area 72.52% of the image; the median missing_copper box covers 1.38%,,
LQ-00283,REVIEW_REQUIRED,class_consistency,class_size_outlier,pcb-ind,YOLO/images/train/6329_b_065.jpg,0,scratch,scratch,COMPATIBLE,,,,,-5.4,box area 6.96% of the image; the median scratch box covers 73.03%,,
LQ-00284,REVIEW_REQUIRED,class_consistency,class_size_outlier,pcb-ind,YOLO/images/train/6329_b_065.jpg,2,scratch,scratch,COMPATIBLE,,,,,-5.49,box area 6.71% of the image; the median scratch box covers 73.03%,,
LQ-00285,REVIEW_REQUIRED,class_consistency,class_size_outlier,pcb-ind,YOLO/images/train/6329_b_066.jpg,0,scratch,scratch,COMPATIBLE,,,,,-4.29,box area 11.31% of the image; the median scratch box covers 73.03%,,
LQ-00286,REVIEW_REQUIRED,class_consistency,class_size_outlier,pcb-ind,YOLO/images/train/6329_b_066.jpg,2,scratch,scratch,COMPATIBLE,,,,,-3.73,box area 14.39% of the image; the median scratch box covers 73.03%,,
LQ-00287,REVIEW_REQUIRED,class_consistency,class_size_outlier,pcb-ind,YOLO/images/train/6329_b_070.jpg,1,scratch,scratch,COMPATIBLE,,,,,-3.84,box area 13.77% of the image; the median scratch box covers 73.03%,,
LQ-00288,REVIEW_REQUIRED,class_consistency,class_size_outlier,pcb-ind,YOLO/images/train/6329_b_072.jpg,1,scratch,scratch,COMPATIBLE,,,,,-4.79,box area 9.11% of the image; the median scratch box covers 73.03%,,
LQ-00289,REVIEW_REQUIRED,class_consistency,class_size_outlier,pcb-ind,YOLO/images/train/6329_b_076.jpg,0,scratch,scratch,COMPATIBLE,,,,,-4.06,box area 12.46% of the image; the median scratch box covers 73.03%,,
LQ-00290,REVIEW_REQUIRED,class_consistency,class_size_outlier,pcb-ind,YOLO/images/train/6329_b_076.jpg,1,scratch,scratch,COMPATIBLE,,,,,-5.19,box area 7.65% of the image; the median scratch box covers 73.03%,,
LQ-00291,REVIEW_REQUIRED,class_consistency,class_size_outlier,pcb-ind,YOLO/images/train/6329_b_085.jpg,1,scratch,scratch,COMPATIBLE,,,,,-3.69,box area 14.69% of the image; the median scratch box covers 73.03%,,
LQ-00292,REVIEW_REQUIRED,class_consistency,class_size_outlier,pcb-ind,YOLO/images/train/6331_b_229.jpg,0,missing_copper,missing_copper,SOURCE_SPECIFIC,,,,,3.5,box area 53.54% of the image; the median missing_copper box covers 1.38%,,
LQ-00293,REVIEW_REQUIRED,class_consistency,class_size_outlier,pcb-ind,YOLO/images/train/6331_b_251.jpg,0,missing_copper,missing_copper,SOURCE_SPECIFIC,,,,,3.95,box area 85.23% of the image; the median missing_copper box covers 1.38%,,
LQ-00294,REVIEW_REQUIRED,class_consistency,class_size_outlier,pcb-ind,YOLO/images/train/6331_b_267.jpg,0,missing_copper,missing_copper,SOURCE_SPECIFIC,,,,,3.74,box area 69.00% of the image; the median missing_copper box covers 1.38%,,
LQ-00295,REVIEW_REQUIRED,class_consistency,class_size_outlier,pcb-ind,YOLO/images/train/6331_b_269.jpg,0,missing_copper,missing_copper,SOURCE_SPECIFIC,,,,,4.1,box area 99.53% of the image; the median missing_copper box covers 1.38%,,
LQ-00296,REVIEW_REQUIRED,class_consistency,class_size_outlier,pcb-ind,YOLO/images/train/6331_b_278.jpg,0,missing_copper,missing_copper,SOURCE_SPECIFIC,,,,,3.89,box area 80.20% of the image; the median missing_copper box covers 1.38%,,
LQ-00297,REVIEW_REQUIRED,class_consistency,class_size_outlier,pcb-ind,YOLO/images/train/6331_b_283.jpg,0,mouse_bite,mouse_bite,EXACT,,,,,3.94,box area 29.20% of the image; the median mouse_bite box covers 0.58%,,
LQ-00298,REVIEW_REQUIRED,class_consistency,class_size_outlier,pcb-ind,YOLO/images/train/6331_b_298.jpg,0,missing_copper,missing_copper,SOURCE_SPECIFIC,,,,,3.99,box area 89.31% of the image; the median missing_copper box covers 1.38%,,
LQ-00299,REVIEW_REQUIRED,class_consistency,class_size_outlier,pcb-ind,YOLO/images/train/6331_b_304.jpg,0,scratch,scratch,COMPATIBLE,,,,,-4.18,box area 11.87% of the image; the median scratch box covers 73.03%,,
LQ-00300,REVIEW_REQUIRED,class_consistency,class_size_outlier,pcb-ind,YOLO/images/train/6331_t_039.jpg,0,missing_copper,missing_copper,SOURCE_SPECIFIC,,,,,3.72,box area 67.39% of the image; the median missing_copper box covers 1.38%,,
LQ-00301,REVIEW_REQUIRED,class_consistency,class_size_outlier,pcb-ind,YOLO/images/train/6334_b_161.jpg,1,missing_copper,missing_copper,SOURCE_SPECIFIC,,,,,3.67,box area 64.07% of the image; the median missing_copper box covers 1.38%,,
LQ-00302,REVIEW_REQUIRED,class_consistency,class_size_outlier,pcb-ind,YOLO/images/train/6334_b_228.jpg,0,missing_copper,missing_copper,SOURCE_SPECIFIC,,,,,3.74,box area 68.37% of the image; the median missing_copper box covers 1.38%,,
LQ-00303,REVIEW_REQUIRED,class_consistency,class_size_outlier,pcb-ind,YOLO/images/train/6334_b_229.jpg,0,missing_copper,missing_copper,SOURCE_SPECIFIC,,,,,3.53,box area 55.15% of the image; the median missing_copper box covers 1.38%,,
LQ-00304,REVIEW_REQUIRED,class_consistency,class_size_outlier,pcb-ind,YOLO/images/train/6334_b_237.jpg,0,missing_copper,missing_copper,SOURCE_SPECIFIC,,,,,3.68,box area 64.60% of the image; the median missing_copper box covers 1.38%,,
LQ-00305,REVIEW_REQUIRED,class_consistency,class_size_outlier,pcb-ind,YOLO/images/train/6400_t_007.jpg,0,missing_copper,missing_copper,SOURCE_SPECIFIC,,,,,3.83,box area 75.42% of the image; the median missing_copper box covers 1.38%,,
LQ-00306,REVIEW_REQUIRED,class_consistency,class_size_outlier,pcb-ind,YOLO/images/train/6406_b_013.jpg,1,missing_copper,missing_copper,SOURCE_SPECIFIC,,,,,3.88,box area 79.08% of the image; the median missing_copper box covers 1.38%,,
LQ-00307,REVIEW_REQUIRED,class_consistency,class_size_outlier,pcb-ind,YOLO/images/train/6406_b_018.jpg,0,missing_copper,missing_copper,SOURCE_SPECIFIC,,,,,3.85,box area 77.07% of the image; the median missing_copper box covers 1.38%,,
LQ-00308,REVIEW_REQUIRED,class_consistency,class_size_outlier,pcb-ind,YOLO/images/train/6406_b_043.jpg,1,scratch,scratch,COMPATIBLE,,,,,-6.69,box area 3.98% of the image; the median scratch box covers 73.03%,,
LQ-00309,REVIEW_REQUIRED,class_consistency,class_size_outlier,pcb-ind,YOLO/images/train/6406_b_136.jpg,0,missing_copper,missing_copper,SOURCE_SPECIFIC,,,,,3.74,box area 68.90% of the image; the median missing_copper box covers 1.38%,,
LQ-00310,REVIEW_REQUIRED,class_consistency,class_size_outlier,pcb-ind,YOLO/images/train/6406_b_138.jpg,1,missing_copper,missing_copper,SOURCE_SPECIFIC,,,,,4,box area 90.08% of the image; the median missing_copper box covers 1.38%,,
LQ-00311,REVIEW_REQUIRED,class_consistency,class_size_outlier,pcb-ind,YOLO/images/train/6406_t_011.jpg,0,missing_copper,missing_copper,SOURCE_SPECIFIC,,,,,3.53,box area 55.39% of the image; the median missing_copper box covers 1.38%,,
LQ-00312,REVIEW_REQUIRED,class_consistency,class_size_outlier,pcb-ind,YOLO/images/train/6416_t_010.jpg,0,scratch,scratch,COMPATIBLE,,,,,-6.74,box area 3.89% of the image; the median scratch box covers 73.03%,,
LQ-00313,REVIEW_REQUIRED,class_consistency,class_size_outlier,pcb-ind,YOLO/images/train/6443_b_007.jpg,0,scratch,scratch,COMPATIBLE,,,,,-4.06,box area 12.47% of the image; the median scratch box covers 73.03%,,
LQ-00314,REVIEW_REQUIRED,class_consistency,class_size_outlier,pcb-ind,YOLO/images/train/6538_b_002.jpg,0,scratch,scratch,COMPATIBLE,,,,,-5.59,box area 6.43% of the image; the median scratch box covers 73.03%,,
LQ-00315,REVIEW_REQUIRED,class_consistency,class_size_outlier,pcb-ind,YOLO/images/train/6577_t_022.jpg,0,scratch,scratch,COMPATIBLE,,,,,-10.07,box area 0.91% of the image; the median scratch box covers 73.03%,,
LQ-00316,REVIEW_REQUIRED,class_consistency,class_size_outlier,pcb-ind,YOLO/images/train/8897_t_003.jpg,0,short,short,EXACT,,,,,4.21,box area 13.59% of the image; the median short box covers 1.19%,,
LQ-00317,REVIEW_REQUIRED,class_consistency,class_size_outlier,pcb-ind,YOLO/images/train/8897_t_004.jpg,0,short,short,EXACT,,,,,4.2,box area 13.45% of the image; the median short box covers 1.19%,,
LQ-00318,REVIEW_REQUIRED,class_consistency,class_size_outlier,pcb-ind,YOLO/images/train/8897_t_005.jpg,0,short,short,EXACT,,,,,4.1,box area 12.70% of the image; the median short box covers 1.19%,,
LQ-00319,REVIEW_REQUIRED,class_consistency,class_size_outlier,pcb-ind,YOLO/images/train/9284_t_570.jpg,0,scratch,scratch,COMPATIBLE,,,,,-7.53,box area 2.76% of the image; the median scratch box covers 73.03%,,
LQ-00320,REVIEW_REQUIRED,class_consistency,class_size_outlier,pcb-ind,YOLO/images/train/9284_t_571.jpg,0,scratch,scratch,COMPATIBLE,,,,,-7.27,box area 3.09% of the image; the median scratch box covers 73.03%,,
LQ-00321,REVIEW_REQUIRED,class_consistency,class_size_outlier,pcb-ind,YOLO/images/train/9284_t_572.jpg,0,scratch,scratch,COMPATIBLE,,,,,-7.02,box area 3.44% of the image; the median scratch box covers 73.03%,,
LQ-00322,REVIEW_REQUIRED,class_consistency,class_size_outlier,pcb-ind,YOLO/images/train/9284_t_573.jpg,0,scratch,scratch,COMPATIBLE,,,,,-8.02,box area 2.23% of the image; the median scratch box covers 73.03%,,
LQ-00323,REVIEW_REQUIRED,class_consistency,class_size_outlier,pcb-ind,YOLO/images/train/9284_t_576.jpg,0,scratch,scratch,COMPATIBLE,,,,,-4.82,box area 8.96% of the image; the median scratch box covers 73.03%,,
LQ-00324,REVIEW_REQUIRED,class_consistency,class_size_outlier,pcb-ind,YOLO/images/train/9284_t_577.jpg,0,scratch,scratch,COMPATIBLE,,,,,-3.65,box area 14.91% of the image; the median scratch box covers 73.03%,,
LQ-00325,REVIEW_REQUIRED,class_consistency,class_size_outlier,pcb-ind,YOLO/images/train/9284_t_580.jpg,0,scratch,scratch,COMPATIBLE,,,,,-7.53,box area 2.77% of the image; the median scratch box covers 73.03%,,
LQ-00326,REVIEW_REQUIRED,class_consistency,class_size_outlier,pcb-ind,YOLO/images/train/9284_t_581.jpg,0,scratch,scratch,COMPATIBLE,,,,,-8.45,box area 1.85% of the image; the median scratch box covers 73.03%,,
LQ-00327,REVIEW_REQUIRED,class_consistency,class_size_outlier,pcb-ind,YOLO/images/train/9284_t_582.jpg,0,scratch,scratch,COMPATIBLE,,,,,-4.6,box area 9.88% of the image; the median scratch box covers 73.03%,,
LQ-00328,REVIEW_REQUIRED,class_consistency,class_size_outlier,pcb-ind,YOLO/images/train/9284_t_583.jpg,0,scratch,scratch,COMPATIBLE,,,,,-7.19,box area 3.20% of the image; the median scratch box covers 73.03%,,
LQ-00329,REVIEW_REQUIRED,class_consistency,class_size_outlier,pcb-ind,YOLO/images/train/9284_t_584.jpg,0,scratch,scratch,COMPATIBLE,,,,,-4.94,box area 8.53% of the image; the median scratch box covers 73.03%,,
LQ-00330,REVIEW_REQUIRED,class_consistency,class_size_outlier,pcb-ind,YOLO/images/train/9284_t_588.jpg,0,scratch,scratch,COMPATIBLE,,,,,-5.1,box area 7.94% of the image; the median scratch box covers 73.03%,,
LQ-00331,REVIEW_REQUIRED,class_consistency,class_size_outlier,pcb-ind,YOLO/images/train/9284_t_589.jpg,0,scratch,scratch,COMPATIBLE,,,,,-4.32,box area 11.17% of the image; the median scratch box covers 73.03%,,
LQ-00332,REVIEW_REQUIRED,class_consistency,class_size_outlier,pcb-ind,YOLO/images/train/9284_t_590.jpg,0,scratch,scratch,COMPATIBLE,,,,,-7.55,box area 2.74% of the image; the median scratch box covers 73.03%,,
LQ-00333,REVIEW_REQUIRED,class_consistency,class_size_outlier,pcb-ind,YOLO/images/train/9284_t_591.jpg,0,scratch,scratch,COMPATIBLE,,,,,-7.72,box area 2.54% of the image; the median scratch box covers 73.03%,,
LQ-00334,REVIEW_REQUIRED,class_consistency,class_size_outlier,pcb-ind,YOLO/images/train/9284_t_592.jpg,0,scratch,scratch,COMPATIBLE,,,,,-4.59,box area 9.90% of the image; the median scratch box covers 73.03%,,
LQ-00335,REVIEW_REQUIRED,class_consistency,class_size_outlier,pcb-ind,YOLO/images/train/9314_b_002.jpg,0,scratch,scratch,COMPATIBLE,,,,,-7.39,box area 2.93% of the image; the median scratch box covers 73.03%,,
LQ-00336,REVIEW_REQUIRED,class_consistency,class_size_outlier,pcb-ind,YOLO/images/train/9387_b_145.jpg,2,scratch,scratch,COMPATIBLE,,,,,-7.58,box area 2.70% of the image; the median scratch box covers 73.03%,,
LQ-00337,REVIEW_REQUIRED,class_consistency,class_size_outlier,pcb-ind,YOLO/images/train/9387_b_145.jpg,3,scratch,scratch,COMPATIBLE,,,,,-6.65,box area 4.05% of the image; the median scratch box covers 73.03%,,
LQ-00338,REVIEW_REQUIRED,class_consistency,class_size_outlier,pcb-ind,YOLO/images/train/9387_b_147.jpg,0,scratch,scratch,COMPATIBLE,,,,,-7.29,box area 3.06% of the image; the median scratch box covers 73.03%,,
LQ-00339,REVIEW_REQUIRED,class_consistency,class_size_outlier,pcb-ind,YOLO/images/train/9550_t_003.jpg,0,scratch,scratch,COMPATIBLE,,,,,-6.4,box area 4.51% of the image; the median scratch box covers 73.03%,,
LQ-00340,REVIEW_REQUIRED,class_consistency,class_size_outlier,pcb-ind,YOLO/images/val/5896_b_022.jpg,0,scratch,scratch,COMPATIBLE,,,,,-8.01,box area 2.24% of the image; the median scratch box covers 73.03%,,
LQ-00341,REVIEW_REQUIRED,class_consistency,class_size_outlier,pcb-ind,YOLO/images/val/6053_b_040.jpg,2,scratch,scratch,COMPATIBLE,,,,,-6.19,box area 4.94% of the image; the median scratch box covers 73.03%,,
LQ-00342,REVIEW_REQUIRED,class_consistency,class_size_outlier,pcb-ind,YOLO/images/val/6448_b_035.jpg,0,scratch,scratch,COMPATIBLE,,,,,-8.8,box area 1.59% of the image; the median scratch box covers 73.03%,,
LQ-00343,REVIEW_REQUIRED,class_consistency,class_size_outlier,pcb-ind,YOLO/images/val/6567_t_011.jpg,0,scratch,scratch,COMPATIBLE,,,,,-5.88,box area 5.67% of the image; the median scratch box covers 73.03%,,
LQ-00344,REVIEW_REQUIRED,class_consistency,class_size_outlier,pcb-ind,YOLO/images/val/9369_t_001.jpg,0,short,short,EXACT,,,,,3.84,box area 10.94% of the image; the median short box covers 1.19%,,
LQ-00345,REVIEW_REQUIRED,source_format,source_format_disagreement,pcb-ind,YOLO/images/train/6194_b_017.jpg,,copper_burr,copper_burr,AMBIGUOUS,,,,,,ingest flag voc_unreadable,,
LQ-00346,REVIEW_REQUIRED,source_format,source_format_disagreement,pcb-ind,YOLO/images/val/5799_t_038.jpg,,missing_copper;spurious_copper,missing_copper;spurious_copper,EXACT;SOURCE_SPECIFIC,,,,,,ingest flag coco_missing_box,,
LQ-00347,REVIEW_REQUIRED,neighbour_label,near_duplicate_label_conflict,dspcbsd-plus,Data_COCO/train2017/E_001868.jpg,,HB,hole_breakout,SOURCE_SPECIFIC,dspcbsd-plus,Data_COCO/train2017/E_002011.jpg,,CS;HB,0.9766,"normalized labels [hole_breakout] vs [hole_breakout;scratch]; cosine 0.977, pHash distance 0",,
LQ-00348,REVIEW_REQUIRED,neighbour_label,near_duplicate_label_conflict,dspcbsd-plus,Data_COCO/train2017/S_10105470.jpg,,SC;SP,spur;spurious_copper,COMPATIBLE;EXACT,dspcbsd-plus,Data_COCO/train2017/S_10105910.jpg,,SP,0.9572,"normalized labels [spur;spurious_copper] vs [spur]; cosine 0.957, pHash distance 4",,
LQ-00349,REVIEW_REQUIRED,neighbour_label,near_duplicate_label_conflict,dspcbsd-plus,Data_COCO/train2017/S_10310142.jpg,,CFO;MB,conductor_foreign_object;mouse_bite,EXACT;SOURCE_SPECIFIC,dspcbsd-plus,Data_COCO/val2017/Y_003663.jpg,,MB,0.9392,"normalized labels [conductor_foreign_object;mouse_bite] vs [mouse_bite]; cosine 0.939, pHash distance 0",,
LQ-00350,REVIEW_REQUIRED,neighbour_label,near_duplicate_label_conflict,dspcbsd-plus,Data_COCO/train2017/S_11033398.jpg,,SC,spurious_copper,COMPATIBLE,dspcbsd-plus,Data_COCO/train2017/S_11033473.jpg,,BMFO;SC,0.9991,"normalized labels [spurious_copper] vs [base_material_foreign_object;spurious_copper]; cosine 0.999, pHash distance 0",,
LQ-00351,REVIEW_REQUIRED,neighbour_label,near_duplicate_label_conflict,dspcbsd-plus,Data_COCO/train2017/S_11047161.jpg,,MB,mouse_bite,EXACT,dspcbsd-plus,Data_COCO/train2017/S_11047188.jpg,,OP,0.9587,"normalized labels [mouse_bite] vs [open]; cosine 0.959, pHash distance 2",,
LQ-00352,REVIEW_REQUIRED,neighbour_label,near_duplicate_label_conflict,dspcbsd-plus,Data_COCO/train2017/S_11128983.jpg,,SP,spur,EXACT,dspcbsd-plus,Data_COCO/val2017/S_11131842.jpg,,CS,0.9376,"normalized labels [spur] vs [scratch]; cosine 0.938, pHash distance 2",,
LQ-00353,REVIEW_REQUIRED,neighbour_label,near_duplicate_label_conflict,dspcbsd-plus,Data_COCO/train2017/S_11144106.jpg,,CS,scratch,COMPATIBLE,dspcbsd-plus,Data_COCO/val2017/S_11124099.jpg,,CFO;CS,0.9604,"normalized labels [scratch] vs [conductor_foreign_object;scratch]; cosine 0.960, pHash distance 4",,
LQ-00354,REVIEW_REQUIRED,neighbour_label,near_duplicate_label_conflict,dspcbsd-plus,Data_COCO/train2017/S_11145842.jpg,,CS,scratch,COMPATIBLE,dspcbsd-plus,Data_COCO/val2017/S_11124099.jpg,,CFO;CS,0.9529,"normalized labels [scratch] vs [conductor_foreign_object;scratch]; cosine 0.953, pHash distance 4",,
LQ-00355,REVIEW_REQUIRED,neighbour_label,near_duplicate_label_conflict,dspcbsd-plus,Data_COCO/train2017/S_11147537.jpg,,CS,scratch,COMPATIBLE,dspcbsd-plus,Data_COCO/val2017/S_11124099.jpg,,CFO;CS,0.947,"normalized labels [scratch] vs [conductor_foreign_object;scratch]; cosine 0.947, pHash distance 4",,
LQ-00356,REVIEW_REQUIRED,neighbour_label,near_duplicate_label_conflict,dspcbsd-plus,Data_COCO/train2017/S_11462623.jpg,,MB,mouse_bite,EXACT,dspcbsd-plus,Data_COCO/train2017/S_11462833.jpg,,OP,0.9454,"normalized labels [mouse_bite] vs [open]; cosine 0.945, pHash distance 4",,
LQ-00357,REVIEW_REQUIRED,neighbour_label,near_duplicate_label_conflict,dspcbsd-plus,Data_COCO/train2017/S_11861651.jpg,,MB,mouse_bite,EXACT,dspcbsd-plus,Data_COCO/train2017/S_11861667.jpg,,OP,0.9876,"normalized labels [mouse_bite] vs [open]; cosine 0.988, pHash distance 2",,
LQ-00358,REVIEW_REQUIRED,neighbour_label,near_duplicate_label_conflict,dspcbsd-plus,Data_COCO/train2017/S_11882197.jpg,,CS,scratch,COMPATIBLE,dspcbsd-plus,Data_COCO/train2017/Y_002577.jpg,,BMFO,0.9432,"normalized labels [scratch] vs [base_material_foreign_object]; cosine 0.943, pHash distance 2",,
LQ-00359,REVIEW_REQUIRED,neighbour_label,near_duplicate_label_conflict,dspcbsd-plus,Data_COCO/train2017/S_11888779.jpg,,SP,spur,EXACT,dspcbsd-plus,Data_COCO/train2017/S_11897792.jpg,,HB,0.9611,"normalized labels [spur] vs [hole_breakout]; cosine 0.961, pHash distance 4",,
LQ-00360,REVIEW_REQUIRED,neighbour_label,near_duplicate_label_conflict,dspcbsd-plus,Data_COCO/train2017/S_11891006.jpg,,CS,scratch,COMPATIBLE,dspcbsd-plus,Data_COCO/train2017/S_11894552.jpg,,CS;SP,0.9434,"normalized labels [scratch] vs [scratch;spur]; cosine 0.943, pHash distance 4",,
LQ-00361,REVIEW_REQUIRED,neighbour_label,near_duplicate_label_conflict,dspcbsd-plus,Data_COCO/train2017/S_11891006.jpg,,CS,scratch,COMPATIBLE,dspcbsd-plus,Data_COCO/train2017/S_11895553.jpg,,CS;SP,0.9667,"normalized labels [scratch] vs [scratch;spur]; cosine 0.967, pHash distance 4",,
LQ-00362,REVIEW_REQUIRED,neighbour_label,near_duplicate_label_conflict,dspcbsd-plus,Data_COCO/train2017/S_11891006.jpg,,CS,scratch,COMPATIBLE,dspcbsd-plus,Data_COCO/val2017/S_11886061.jpg,,CFO,0.9677,"normalized labels [scratch] vs [conductor_foreign_object]; cosine 0.968, pHash distance 4",,
LQ-00363,REVIEW_REQUIRED,neighbour_label,near_duplicate_label_conflict,dspcbsd-plus,Data_COCO/train2017/S_11893609.jpg,,CS,scratch,COMPATIBLE,dspcbsd-plus,Data_COCO/train2017/S_11894552.jpg,,CS;SP,0.9435,"normalized labels [scratch] vs [scratch;spur]; cosine 0.944, pHash distance 4",,
LQ-00364,REVIEW_REQUIRED,neighbour_label,near_duplicate_label_conflict,dspcbsd-plus,Data_COCO/train2017/S_11893609.jpg,,CS,scratch,COMPATIBLE,dspcbsd-plus,Data_COCO/train2017/S_11895553.jpg,,CS;SP,0.9732,"normalized labels [scratch] vs [scratch;spur]; cosine 0.973, pHash distance 4",,
LQ-00365,REVIEW_REQUIRED,neighbour_label,near_duplicate_label_conflict,dspcbsd-plus,Data_COCO/train2017/S_11893609.jpg,,CS,scratch,COMPATIBLE,dspcbsd-plus,Data_COCO/val2017/S_11886061.jpg,,CFO,0.9499,"normalized labels [scratch] vs [conductor_foreign_object]; cosine 0.950, pHash distance 4",,
LQ-00366,REVIEW_REQUIRED,neighbour_label,near_duplicate_label_conflict,dspcbsd-plus,Data_COCO/train2017/S_11894552.jpg,,CS;SP,scratch;spur,COMPATIBLE;EXACT,dspcbsd-plus,Data_COCO/train2017/S_11896199.jpg,,CS,0.9517,"normalized labels [scratch;spur] vs [scratch]; cosine 0.952, pHash distance 2",,
LQ-00367,REVIEW_REQUIRED,neighbour_label,near_duplicate_label_conflict,dspcbsd-plus,Data_COCO/train2017/S_11894552.jpg,,CS;SP,scratch;spur,COMPATIBLE;EXACT,dspcbsd-plus,Data_COCO/train2017/S_11896428.jpg,,CS,0.9598,"normalized labels [scratch;spur] vs [scratch]; cosine 0.960, pHash distance 4",,
LQ-00368,REVIEW_REQUIRED,neighbour_label,near_duplicate_label_conflict,dspcbsd-plus,Data_COCO/train2017/S_11894552.jpg,,CS;SP,scratch;spur,COMPATIBLE;EXACT,dspcbsd-plus,Data_COCO/val2017/S_11886061.jpg,,CFO,0.9425,"normalized labels [scratch;spur] vs [conductor_foreign_object]; cosine 0.943, pHash distance 2",,
LQ-00369,REVIEW_REQUIRED,neighbour_label,near_duplicate_label_conflict,dspcbsd-plus,Data_COCO/train2017/S_11894552.jpg,,CS;SP,scratch;spur,COMPATIBLE;EXACT,dspcbsd-plus,Data_COCO/val2017/S_11889468.jpg,,CS,0.9612,"normalized labels [scratch;spur] vs [scratch]; cosine 0.961, pHash distance 4",,
LQ-00370,REVIEW_REQUIRED,neighbour_label,near_duplicate_label_conflict,dspcbsd-plus,Data_COCO/train2017/S_11895553.jpg,,CS;SP,scratch;spur,COMPATIBLE;EXACT,dspcbsd-plus,Data_COCO/train2017/S_11896199.jpg,,CS,0.9609,"normalized labels [scratch;spur] vs [scratch]; cosine 0.961, pHash distance 0",,
LQ-00371,REVIEW_REQUIRED,neighbour_label,near_duplicate_label_conflict,dspcbsd-plus,Data_COCO/train2017/S_11895553.jpg,,CS;SP,scratch;spur,COMPATIBLE;EXACT,dspcbsd-plus,Data_COCO/train2017/S_11896428.jpg,,CS,0.9577,"normalized labels [scratch;spur] vs [scratch]; cosine 0.958, pHash distance 4",,
LQ-00372,REVIEW_REQUIRED,neighbour_label,near_duplicate_label_conflict,dspcbsd-plus,Data_COCO/train2017/S_11895553.jpg,,CS;SP,scratch;spur,COMPATIBLE;EXACT,dspcbsd-plus,Data_COCO/val2017/S_11886061.jpg,,CFO,0.9544,"normalized labels [scratch;spur] vs [conductor_foreign_object]; cosine 0.954, pHash distance 2",,
LQ-00373,REVIEW_REQUIRED,neighbour_label,near_duplicate_label_conflict,dspcbsd-plus,Data_COCO/train2017/S_11895553.jpg,,CS;SP,scratch;spur,COMPATIBLE;EXACT,dspcbsd-plus,Data_COCO/val2017/S_11889468.jpg,,CS,0.9729,"normalized labels [scratch;spur] vs [scratch]; cosine 0.973, pHash distance 2",,
LQ-00374,REVIEW_REQUIRED,neighbour_label,near_duplicate_label_conflict,dspcbsd-plus,Data_COCO/train2017/S_11896199.jpg,,CS,scratch,COMPATIBLE,dspcbsd-plus,Data_COCO/val2017/S_11886061.jpg,,CFO,0.9582,"normalized labels [scratch] vs [conductor_foreign_object]; cosine 0.958, pHash distance 2",,
LQ-00375,REVIEW_REQUIRED,neighbour_label,near_duplicate_label_conflict,dspcbsd-plus,Data_COCO/train2017/S_11896428.jpg,,CS,scratch,COMPATIBLE,dspcbsd-plus,Data_COCO/val2017/S_11886061.jpg,,CFO,0.9481,"normalized labels [scratch] vs [conductor_foreign_object]; cosine 0.948, pHash distance 4",,
LQ-00376,REVIEW_REQUIRED,neighbour_label,near_duplicate_label_conflict,dspcbsd-plus,Data_COCO/train2017/S_11896428.jpg,,CS,scratch,COMPATIBLE,dspcbsd-plus,Data_COCO/val2017/S_11897381.jpg,,CS;SP,0.9405,"normalized labels [scratch] vs [scratch;spur]; cosine 0.940, pHash distance 4",,
LQ-00377,REVIEW_REQUIRED,neighbour_label,near_duplicate_label_conflict,dspcbsd-plus,Data_COCO/train2017/S_11902330.jpg,,HB;SP,hole_breakout;spur,EXACT;SOURCE_SPECIFIC,dspcbsd-plus,Data_COCO/train2017/S_11903603.jpg,,HB,0.9416,"normalized labels [hole_breakout;spur] vs [hole_breakout]; cosine 0.942, pHash distance 4",,
LQ-00378,REVIEW_REQUIRED,neighbour_label,near_duplicate_label_conflict,dspcbsd-plus,Data_COCO/train2017/S_11917961.jpg,,CS,scratch,COMPATIBLE,dspcbsd-plus,Data_COCO/train2017/S_11924890.jpg,,SP,0.949,"normalized labels [scratch] vs [spur]; cosine 0.949, pHash distance 4",,
LQ-00379,REVIEW_REQUIRED,neighbour_label,near_duplicate_label_conflict,dspcbsd-plus,Data_COCO/train2017/S_11917961.jpg,,CS,scratch,COMPATIBLE,dspcbsd-plus,Data_COCO/val2017/S_11921550.jpg,,CFO;CS,0.9358,"normalized labels [scratch] vs [conductor_foreign_object;scratch]; cosine 0.936, pHash distance 4",,
LQ-00380,REVIEW_REQUIRED,neighbour_label,near_duplicate_label_conflict,dspcbsd-plus,Data_COCO/train2017/S_11924890.jpg,,SP,spur,EXACT,dspcbsd-plus,Data_COCO/train2017/S_11925174.jpg,,CS,0.9552,"normalized labels [spur] vs [scratch]; cosine 0.955, pHash distance 2",,
LQ-00381,REVIEW_REQUIRED,neighbour_label,near_duplicate_label_conflict,dspcbsd-plus,Data_COCO/train2017/S_12091432.jpg,,HB,hole_breakout,SOURCE_SPECIFIC,dspcbsd-plus,Data_COCO/val2017/S_12091264.jpg,,HB;SP,0.9789,"normalized labels [hole_breakout] vs [hole_breakout;spur]; cosine 0.979, pHash distance 0",,
LQ-00382,REVIEW_REQUIRED,neighbour_label,near_duplicate_label_conflict,dspcbsd-plus,Data_COCO/train2017/S_12228571.jpg,,CS;HB,hole_breakout;scratch,COMPATIBLE;SOURCE_SPECIFIC,dspcbsd-plus,Data_COCO/train2017/S_12232812.jpg,,HB,0.9493,"normalized labels [hole_breakout;scratch] vs [hole_breakout]; cosine 0.949, pHash distance 4",,
LQ-00383,REVIEW_REQUIRED,neighbour_label,near_duplicate_label_conflict,dspcbsd-plus,Data_COCO/train2017/S_12345428.jpg,,CFO;CS,conductor_foreign_object;scratch,COMPATIBLE;SOURCE_SPECIFIC,dspcbsd-plus,Data_COCO/train2017/S_12345430.jpg,,CS,0.9422,"normalized labels [conductor_foreign_object;scratch] vs [scratch]; cosine 0.942, pHash distance 2",,
LQ-00384,REVIEW_REQUIRED,neighbour_label,near_duplicate_label_conflict,dspcbsd-plus,Data_COCO/train2017/Y_000608.jpg,,HB,hole_breakout,SOURCE_SPECIFIC,dspcbsd-plus,Data_COCO/train2017/Y_000664.jpg,,CFO;HB,0.9494,"normalized labels [hole_breakout] vs [conductor_foreign_object;hole_breakout]; cosine 0.949, pHash distance 4",,
LQ-00385,REVIEW_REQUIRED,neighbour_label,near_duplicate_label_conflict,dspcbsd-plus,Data_COCO/train2017/Y_000613.jpg,,HB,hole_breakout,SOURCE_SPECIFIC,dspcbsd-plus,Data_COCO/train2017/Y_000709.jpg,,HB;SP,0.9479,"normalized labels [hole_breakout] vs [hole_breakout;spur]; cosine 0.948, pHash distance 4",,
LQ-00386,REVIEW_REQUIRED,neighbour_label,near_duplicate_label_conflict,dspcbsd-plus,Data_COCO/train2017/Y_000664.jpg,,CFO;HB,conductor_foreign_object;hole_breakout,SOURCE_SPECIFIC,dspcbsd-plus,Data_COCO/train2017/Y_000793.jpg,,HB;SC,0.9631,"normalized labels [conductor_foreign_object;hole_breakout] vs [hole_breakout;spurious_copper]; cosine 0.963, pHash distance 4",,
LQ-00387,REVIEW_REQUIRED,neighbour_label,near_duplicate_label_conflict,dspcbsd-plus,Data_COCO/train2017/Y_000669.jpg,,CFO;HB,conductor_foreign_object;hole_breakout,SOURCE_SPECIFIC,dspcbsd-plus,Data_COCO/train2017/Y_000709.jpg,,HB;SP,0.9673,"normalized labels [conductor_foreign_object;hole_breakout] vs [hole_breakout;spur]; cosine 0.967, pHash distance 0",,
LQ-00388,REVIEW_REQUIRED,neighbour_label,near_duplicate_label_conflict,dspcbsd-plus,Data_COCO/train2017/Y_000673.jpg,,HB,hole_breakout,SOURCE_SPECIFIC,dspcbsd-plus,Data_COCO/train2017/Y_000873.jpg,,CFO;HB,0.9583,"normalized labels [hole_breakout] vs [conductor_foreign_object;hole_breakout]; cosine 0.958, pHash distance 4",,
LQ-00389,REVIEW_REQUIRED,neighbour_label,near_duplicate_label_conflict,dspcbsd-plus,Data_COCO/train2017/Y_000684.jpg,,HB,hole_breakout,SOURCE_SPECIFIC,dspcbsd-plus,Data_COCO/train2017/Y_000705.jpg,,CFO;HB,0.9729,"normalized labels [hole_breakout] vs [conductor_foreign_object;hole_breakout]; cosine 0.973, pHash distance 2",,
LQ-00390,REVIEW_REQUIRED,neighbour_label,near_duplicate_label_conflict,dspcbsd-plus,Data_COCO/train2017/Y_000694.jpg,,CFO;HB,conductor_foreign_object;hole_breakout,SOURCE_SPECIFIC,dspcbsd-plus,Data_COCO/train2017/Y_000699.jpg,,HB,0.9381,"normalized labels [conductor_foreign_object;hole_breakout] vs [hole_breakout]; cosine 0.938, pHash distance 4",,
LQ-00391,REVIEW_REQUIRED,neighbour_label,near_duplicate_label_conflict,dspcbsd-plus,Data_COCO/train2017/Y_000698.jpg,,HB;SP,hole_breakout;spur,EXACT;SOURCE_SPECIFIC,dspcbsd-plus,Data_COCO/val2017/Y_000721.jpg,,HB,0.9773,"normalized labels [hole_breakout;spur] vs [hole_breakout]; cosine 0.977, pHash distance 4",,
LQ-00392,REVIEW_REQUIRED,neighbour_label,near_duplicate_label_conflict,dspcbsd-plus,Data_COCO/train2017/Y_000704.jpg,,HB,hole_breakout,SOURCE_SPECIFIC,dspcbsd-plus,Data_COCO/train2017/Y_000793.jpg,,HB;SC,0.9753,"normalized labels [hole_breakout] vs [hole_breakout;spurious_copper]; cosine 0.975, pHash distance 4",,
LQ-00393,REVIEW_REQUIRED,neighbour_label,near_duplicate_label_conflict,dspcbsd-plus,Data_COCO/train2017/Y_000704.jpg,,HB,hole_breakout,SOURCE_SPECIFIC,dspcbsd-plus,Data_COCO/train2017/Y_000804.jpg,,CFO;HB,0.9654,"normalized labels [hole_breakout] vs [conductor_foreign_object;hole_breakout]; cosine 0.965, pHash distance 2",,
LQ-00394,REVIEW_REQUIRED,neighbour_label,near_duplicate_label_conflict,dspcbsd-plus,Data_COCO/train2017/Y_000709.jpg,,HB;SP,hole_breakout;spur,EXACT;SOURCE_SPECIFIC,dspcbsd-plus,Data_COCO/train2017/Y_000807.jpg,,CFO;HB,0.9692,"normalized labels [hole_breakout;spur] vs [conductor_foreign_object;hole_breakout]; cosine 0.969, pHash distance 4",,
LQ-00395,REVIEW_REQUIRED,neighbour_label,near_duplicate_label_conflict,dspcbsd-plus,Data_COCO/train2017/Y_000710.jpg,,HB,hole_breakout,SOURCE_SPECIFIC,dspcbsd-plus,Data_COCO/val2017/Y_000451.jpg,,HB;SC,0.9706,"normalized labels [hole_breakout] vs [hole_breakout;spurious_copper]; cosine 0.971, pHash distance 4",,
LQ-00396,REVIEW_REQUIRED,neighbour_label,near_duplicate_label_conflict,dspcbsd-plus,Data_COCO/train2017/Y_000711.jpg,,HB;SP,hole_breakout;spur,EXACT;SOURCE_SPECIFIC,dspcbsd-plus,Data_COCO/train2017/Y_000838.jpg,,HB,0.97,"normalized labels [hole_breakout;spur] vs [hole_breakout]; cosine 0.970, pHash distance 2",,
LQ-00397,REVIEW_REQUIRED,neighbour_label,near_duplicate_label_conflict,dspcbsd-plus,Data_COCO/train2017/Y_000711.jpg,,HB;SP,hole_breakout;spur,EXACT;SOURCE_SPECIFIC,dspcbsd-plus,Data_COCO/train2017/Y_000888.jpg,,HB,0.9787,"normalized labels [hole_breakout;spur] vs [hole_breakout]; cosine 0.979, pHash distance 4",,
LQ-00398,REVIEW_REQUIRED,neighbour_label,near_duplicate_label_conflict,dspcbsd-plus,Data_COCO/train2017/Y_000711.jpg,,HB;SP,hole_breakout;spur,EXACT;SOURCE_SPECIFIC,dspcbsd-plus,Data_COCO/train2017/Y_000967.jpg,,HB,0.949,"normalized labels [hole_breakout;spur] vs [hole_breakout]; cosine 0.949, pHash distance 4",,
LQ-00399,REVIEW_REQUIRED,neighbour_label,near_duplicate_label_conflict,dspcbsd-plus,Data_COCO/train2017/Y_000711.jpg,,HB;SP,hole_breakout;spur,EXACT;SOURCE_SPECIFIC,dspcbsd-plus,Data_COCO/val2017/Y_000686.jpg,,CFO;HB,0.9523,"normalized labels [hole_breakout;spur] vs [conductor_foreign_object;hole_breakout]; cosine 0.952, pHash distance 4",,
LQ-00400,REVIEW_REQUIRED,neighbour_label,near_duplicate_label_conflict,dspcbsd-plus,Data_COCO/train2017/Y_000711.jpg,,HB;SP,hole_breakout;spur,EXACT;SOURCE_SPECIFIC,dspcbsd-plus,Data_COCO/val2017/Y_000716.jpg,,CFO;HB,0.9658,"normalized labels [hole_breakout;spur] vs [conductor_foreign_object;hole_breakout]; cosine 0.966, pHash distance 2",,
LQ-00401,REVIEW_REQUIRED,neighbour_label,near_duplicate_label_conflict,dspcbsd-plus,Data_COCO/train2017/Y_000711.jpg,,HB;SP,hole_breakout;spur,EXACT;SOURCE_SPECIFIC,dspcbsd-plus,Data_COCO/val2017/Y_000855.jpg,,CFO;HB,0.9548,"normalized labels [hole_breakout;spur] vs [conductor_foreign_object;hole_breakout]; cosine 0.955, pHash distance 4",,
LQ-00402,REVIEW_REQUIRED,neighbour_label,near_duplicate_label_conflict,dspcbsd-plus,Data_COCO/train2017/Y_000712.jpg,,HB,hole_breakout,SOURCE_SPECIFIC,dspcbsd-plus,Data_COCO/train2017/Y_000807.jpg,,CFO;HB,0.9643,"normalized labels [hole_breakout] vs [conductor_foreign_object;hole_breakout]; cosine 0.964, pHash distance 4",,
LQ-00403,REVIEW_REQUIRED,neighbour_label,near_duplicate_label_conflict,dspcbsd-plus,Data_COCO/train2017/Y_000723.jpg,,HB,hole_breakout,SOURCE_SPECIFIC,dspcbsd-plus,Data_COCO/train2017/Y_000729.jpg,,CFO;HB,0.9767,"normalized labels [hole_breakout] vs [conductor_foreign_object;hole_breakout]; cosine 0.977, pHash distance 2",,
LQ-00404,REVIEW_REQUIRED,neighbour_label,near_duplicate_label_conflict,dspcbsd-plus,Data_COCO/train2017/Y_000723.jpg,,HB,hole_breakout,SOURCE_SPECIFIC,dspcbsd-plus,Data_COCO/val2017/Y_000848.jpg,,CFO;HB,0.9663,"normalized labels [hole_breakout] vs [conductor_foreign_object;hole_breakout]; cosine 0.966, pHash distance 4",,
LQ-00405,REVIEW_REQUIRED,neighbour_label,near_duplicate_label_conflict,dspcbsd-plus,Data_COCO/train2017/Y_000727.jpg,,HB;SP,hole_breakout;spur,EXACT;SOURCE_SPECIFIC,dspcbsd-plus,Data_COCO/train2017/Y_000874.jpg,,CFO;HB;SC,0.9558,"normalized labels [hole_breakout;spur] vs [conductor_foreign_object;hole_breakout;spurious_copper]; cosine 0.956, pHash distance 2",,
LQ-00406,REVIEW_REQUIRED,neighbour_label,near_duplicate_label_conflict,dspcbsd-plus,Data_COCO/train2017/Y_000727.jpg,,HB;SP,hole_breakout;spur,EXACT;SOURCE_SPECIFIC,dspcbsd-plus,Data_COCO/val2017/Y_000800.jpg,,HB,0.9693,"normalized labels [hole_breakout;spur] vs [hole_breakout]; cosine 0.969, pHash distance 4",,
LQ-00407,REVIEW_REQUIRED,neighbour_label,near_duplicate_label_conflict,dspcbsd-plus,Data_COCO/train2017/Y_000793.jpg,,HB;SC,hole_breakout;spurious_copper,COMPATIBLE;SOURCE_SPECIFIC,dspcbsd-plus,Data_COCO/train2017/Y_000804.jpg,,CFO;HB,0.9472,"normalized labels [hole_breakout;spurious_copper] vs [conductor_foreign_object;hole_breakout]; cosine 0.947, pHash distance 4",,
LQ-00408,REVIEW_REQUIRED,neighbour_label,near_duplicate_label_conflict,dspcbsd-plus,Data_COCO/train2017/Y_000799.jpg,,HB;SP,hole_breakout;spur,EXACT;SOURCE_SPECIFIC,dspcbsd-plus,Data_COCO/train2017/Y_000803.jpg,,HB,0.9791,"normalized labels [hole_breakout;spur] vs [hole_breakout]; cosine 0.979, pHash distance 4",,
LQ-00409,REVIEW_REQUIRED,neighbour_label,near_duplicate_label_conflict,dspcbsd-plus,Data_COCO/train2017/Y_000817.jpg,,CFO;HB,conductor_foreign_object;hole_breakout,SOURCE_SPECIFIC,dspcbsd-plus,Data_COCO/train2017/Y_000818.jpg,,HB,0.9704,"normalized labels [conductor_foreign_object;hole_breakout] vs [hole_breakout]; cosine 0.970, pHash distance 2",,
LQ-00410,REVIEW_REQUIRED,neighbour_label,near_duplicate_label_conflict,dspcbsd-plus,Data_COCO/train2017/Y_000817.jpg,,CFO;HB,conductor_foreign_object;hole_breakout,SOURCE_SPECIFIC,dspcbsd-plus,Data_COCO/train2017/Y_000925.jpg,,HB,0.9769,"normalized labels [conductor_foreign_object;hole_breakout] vs [hole_breakout]; cosine 0.977, pHash distance 4",,
LQ-00411,REVIEW_REQUIRED,neighbour_label,near_duplicate_label_conflict,dspcbsd-plus,Data_COCO/train2017/Y_000830.jpg,,CFO;HB,conductor_foreign_object;hole_breakout,SOURCE_SPECIFIC,dspcbsd-plus,Data_COCO/val2017/Y_000690.jpg,,HB,0.9672,"normalized labels [conductor_foreign_object;hole_breakout] vs [hole_breakout]; cosine 0.967, pHash distance 0",,
LQ-00412,REVIEW_REQUIRED,neighbour_label,near_duplicate_label_conflict,dspcbsd-plus,Data_COCO/train2017/Y_000830.jpg,,CFO;HB,conductor_foreign_object;hole_breakout,SOURCE_SPECIFIC,dspcbsd-plus,Data_COCO/val2017/Y_000960.jpg,,HB,0.9736,"normalized labels [conductor_foreign_object;hole_breakout] vs [hole_breakout]; cosine 0.974, pHash distance 0",,
LQ-00413,REVIEW_REQUIRED,neighbour_label,near_duplicate_label_conflict,dspcbsd-plus,Data_COCO/train2017/Y_000837.jpg,,HB,hole_breakout,SOURCE_SPECIFIC,dspcbsd-plus,Data_COCO/train2017/Y_000845.jpg,,CFO;HB,0.94,"normalized labels [hole_breakout] vs [conductor_foreign_object;hole_breakout]; cosine 0.940, pHash distance 4",,
LQ-00414,REVIEW_REQUIRED,neighbour_label,near_duplicate_label_conflict,dspcbsd-plus,Data_COCO/train2017/Y_000838.jpg,,HB,hole_breakout,SOURCE_SPECIFIC,dspcbsd-plus,Data_COCO/val2017/Y_000686.jpg,,CFO;HB,0.9356,"normalized labels [hole_breakout] vs [conductor_foreign_object;hole_breakout]; cosine 0.936, pHash distance 4",,
LQ-00415,REVIEW_REQUIRED,neighbour_label,near_duplicate_label_conflict,dspcbsd-plus,Data_COCO/train2017/Y_000838.jpg,,HB,hole_breakout,SOURCE_SPECIFIC,dspcbsd-plus,Data_COCO/val2017/Y_000716.jpg,,CFO;HB,0.9425,"normalized labels [hole_breakout] vs [conductor_foreign_object;hole_breakout]; cosine 0.943, pHash distance 4",,
LQ-00416,REVIEW_REQUIRED,neighbour_label,near_duplicate_label_conflict,dspcbsd-plus,Data_COCO/train2017/Y_000847.jpg,,HB,hole_breakout,SOURCE_SPECIFIC,dspcbsd-plus,Data_COCO/train2017/Y_000957.jpg,,CFO;HB,0.9759,"normalized labels [hole_breakout] vs [conductor_foreign_object;hole_breakout]; cosine 0.976, pHash distance 0",,
LQ-00417,REVIEW_REQUIRED,neighbour_label,near_duplicate_label_conflict,dspcbsd-plus,Data_COCO/train2017/Y_000853.jpg,,CFO;HB,conductor_foreign_object;hole_breakout,SOURCE_SPECIFIC,dspcbsd-plus,Data_COCO/val2017/Y_000451.jpg,,HB;SC,0.9656,"normalized labels [conductor_foreign_object;hole_breakout] vs [hole_breakout;spurious_copper]; cosine 0.966, pHash distance 4",,
LQ-00418,REVIEW_REQUIRED,neighbour_label,near_duplicate_label_conflict,dspcbsd-plus,Data_COCO/train2017/Y_000861.jpg,,HB,hole_breakout,SOURCE_SPECIFIC,dspcbsd-plus,Data_COCO/val2017/Y_000848.jpg,,CFO;HB,0.9694,"normalized labels [hole_breakout] vs [conductor_foreign_object;hole_breakout]; cosine 0.969, pHash distance 2",,
LQ-00419,REVIEW_REQUIRED,neighbour_label,near_duplicate_label_conflict,dspcbsd-plus,Data_COCO/train2017/Y_000873.jpg,,CFO;HB,conductor_foreign_object;hole_breakout,SOURCE_SPECIFIC,dspcbsd-plus,Data_COCO/val2017/Y_000902.jpg,,HB,0.9453,"normalized labels [conductor_foreign_object;hole_breakout] vs [hole_breakout]; cosine 0.945, pHash distance 4",,
LQ-00420,REVIEW_REQUIRED,neighbour_label,near_duplicate_label_conflict,dspcbsd-plus,Data_COCO/train2017/Y_000874.jpg,,CFO;HB;SC,conductor_foreign_object;hole_breakout;spurious_copper,COMPATIBLE;SOURCE_SPECIFIC,dspcbsd-plus,Data_COCO/val2017/Y_000800.jpg,,HB,0.9396,"normalized labels [conductor_foreign_object;hole_breakout;spurious_copper] vs [hole_breakout]; cosine 0.940, pHash distance 2",,
LQ-00421,REVIEW_REQUIRED,neighbour_label,near_duplicate_label_conflict,dspcbsd-plus,Data_COCO/train2017/Y_000888.jpg,,HB,hole_breakout,SOURCE_SPECIFIC,dspcbsd-plus,Data_COCO/val2017/Y_000686.jpg,,CFO;HB,0.9344,"normalized labels [hole_breakout] vs [conductor_foreign_object;hole_breakout]; cosine 0.934, pHash distance 4",,
LQ-00422,REVIEW_REQUIRED,neighbour_label,near_duplicate_label_conflict,dspcbsd-plus,Data_COCO/train2017/Y_000967.jpg,,HB,hole_breakout,SOURCE_SPECIFIC,dspcbsd-plus,Data_COCO/val2017/Y_000686.jpg,,CFO;HB,0.9544,"normalized labels [hole_breakout] vs [conductor_foreign_object;hole_breakout]; cosine 0.954, pHash distance 4",,
LQ-00423,REVIEW_REQUIRED,neighbour_label,near_duplicate_label_conflict,dspcbsd-plus,Data_COCO/train2017/Y_001179.jpg,,HB,hole_breakout,SOURCE_SPECIFIC,dspcbsd-plus,Data_COCO/val2017/Y_001215.jpg,,HB;SP,0.9687,"normalized labels [hole_breakout] vs [hole_breakout;spur]; cosine 0.969, pHash distance 2",,
LQ-00424,REVIEW_REQUIRED,neighbour_label,near_duplicate_label_conflict,dspcbsd-plus,Data_COCO/train2017/Y_001205.jpg,,HB,hole_breakout,SOURCE_SPECIFIC,dspcbsd-plus,Data_COCO/val2017/Y_001215.jpg,,HB;SP,0.9512,"normalized labels [hole_breakout] vs [hole_breakout;spur]; cosine 0.951, pHash distance 2",,
LQ-00425,REVIEW_REQUIRED,neighbour_label,near_duplicate_label_conflict,dspcbsd-plus,Data_COCO/train2017/Y_002286.jpg,,SP,spur,EXACT,dspcbsd-plus,Data_COCO/val2017/Y_002285.jpg,,BMFO,0.983,"normalized labels [spur] vs [base_material_foreign_object]; cosine 0.983, pHash distance 2",,
LQ-00426,REVIEW_REQUIRED,neighbour_label,near_duplicate_label_conflict,dspcbsd-plus,Data_COCO/train2017/Y_005057.jpg,,SP,spur,EXACT,dspcbsd-plus,Data_COCO/train2017/Y_011581.jpg,,CS;SP,0.947,"normalized labels [spur] vs [scratch;spur]; cosine 0.947, pHash distance 2",,
LQ-00427,REVIEW_REQUIRED,neighbour_label,near_duplicate_label_conflict,dspcbsd-plus,Data_COCO/val2017/S_11881099.jpg,,CS,scratch,COMPATIBLE,dspcbsd-plus,Data_COCO/val2017/S_11921550.jpg,,CFO;CS,0.9595,"normalized labels [scratch] vs [conductor_foreign_object;scratch]; cosine 0.960, pHash distance 2",,
LQ-00428,REVIEW_REQUIRED,neighbour_label,near_duplicate_label_conflict,dspcbsd-plus,Data_COCO/val2017/S_11886061.jpg,,CFO,conductor_foreign_object,SOURCE_SPECIFIC,dspcbsd-plus,Data_COCO/val2017/S_11889468.jpg,,CS,0.9575,"normalized labels [conductor_foreign_object] vs [scratch]; cosine 0.958, pHash distance 4",,
LQ-00429,REVIEW_REQUIRED,neighbour_label,near_duplicate_label_conflict,dspcbsd-plus,Data_COCO/val2017/S_11886061.jpg,,CFO,conductor_foreign_object,SOURCE_SPECIFIC,dspcbsd-plus,Data_COCO/val2017/S_11897381.jpg,,CS;SP,0.9688,"normalized labels [conductor_foreign_object] vs [scratch;spur]; cosine 0.969, pHash distance 4",,
LQ-00430,REVIEW_REQUIRED,neighbour_label,near_duplicate_label_conflict,dspcbsd-plus,Data_COCO/val2017/S_11889468.jpg,,CS,scratch,COMPATIBLE,dspcbsd-plus,Data_COCO/val2017/S_11897381.jpg,,CS;SP,0.9579,"normalized labels [scratch] vs [scratch;spur]; cosine 0.958, pHash distance 4",,
LQ-00431,REVIEW_REQUIRED,neighbour_label,near_duplicate_label_conflict,dspcbsd-plus,Data_COCO/val2017/S_11917713.jpg,,CS,scratch,COMPATIBLE,dspcbsd-plus,Data_COCO/val2017/S_11921550.jpg,,CFO;CS,0.9404,"normalized labels [scratch] vs [conductor_foreign_object;scratch]; cosine 0.940, pHash distance 4",,
LQ-00432,REVIEW_REQUIRED,neighbour_label,near_duplicate_label_conflict,pcb-ind,YOLO/images/test/6333_t_002.jpg,,mouse_bite,mouse_bite,EXACT,pcb-ind,YOLO/images/train/6364_t_002.jpg,,copper_burr,0.9741,"normalized labels [mouse_bite] vs [copper_burr]; cosine 0.974, pHash distance 4",,
LQ-00433,REVIEW_REQUIRED,neighbour_label,near_duplicate_label_conflict,pcb-ind,YOLO/images/train/6295_b_006.jpg,,mouse_bite,mouse_bite,EXACT,pcb-ind,YOLO/images/train/6380_t_004.jpg,,copper_burr,0.9348,"normalized labels [mouse_bite] vs [copper_burr]; cosine 0.935, pHash distance 4",,
LQ-00434,REVIEW_REQUIRED,neighbour_label,near_duplicate_label_conflict,pcb-ind,YOLO/images/train/6321_b_006.jpg,,mouse_bite,mouse_bite,EXACT,pcb-ind,YOLO/images/train/6392_b_006.jpg,,copper_burr,0.9515,"normalized labels [mouse_bite] vs [copper_burr]; cosine 0.951, pHash distance 4",,
LQ-00435,REVIEW_REQUIRED,neighbour_label,near_duplicate_label_conflict,pcb-ind,YOLO/images/train/6353_t_009.jpg,,mouse_bite,mouse_bite,EXACT,pcb-ind,YOLO/images/val/6317_t_018.jpg,,copper_burr,0.9442,"normalized labels [mouse_bite] vs [copper_burr]; cosine 0.944, pHash distance 4",,
LQ-00436,REVIEW_REQUIRED,mapping,mapping_ambiguity,pcb-ind,,,copper_burr,copper_burr,AMBIGUOUS,,,,,1174,candidate class spur; 1174 boxes in 1057 images keep their own class (not merged),,
LQ-00437,REVIEW_REQUIRED,mapping,mapping_ambiguity,pcb-ind,,,stain,stain,AMBIGUOUS,,,,,584,candidate class conductor_foreign_object; 584 boxes in 521 images keep their own class (not merged),,
